  0.120,  0.000,  0.000
  0.129,  0.000,  0.000
  0.120,  0.009,  0.000
  0.129,  0.010,  0.000
  0.120,  0.000,  0.007
  0.129,  0.000,  0.006
  0.120,  0.009,  0.007
  0.129,  0.010,  0.006
  0.119,  0.019,  0.000
  0.128,  0.020,  0.000
  0.119,  0.019,  0.007
  0.128,  0.020,  0.006
  0.117,  0.028,  0.000
  0.126,  0.030,  0.000
  0.117,  0.028,  0.007
  0.126,  0.030,  0.007
  0.115,  0.037,  0.000
  0.124,  0.039,  0.000
  0.115,  0.037,  0.007
  0.124,  0.039,  0.007
  0.113,  0.045,  0.000
  0.121,  0.049,  0.000
  0.113,  0.045,  0.007
  0.121,  0.049,  0.007
  0.109,  0.054,  0.000
  0.118,  0.058,  0.000
  0.109,  0.054,  0.007
  0.118,  0.058,  0.007
  0.105,  0.062,  0.000
  0.114,  0.067,  0.000
  0.105,  0.062,  0.007
  0.114,  0.067,  0.007
  0.101,  0.070,  0.000
  0.109,  0.076,  0.000
  0.101,  0.070,  0.007
  0.109,  0.076,  0.007
  0.096,  0.078,  0.000
  0.104,  0.084,  0.000
  0.096,  0.078,  0.007
  0.104,  0.084,  0.007
  0.091,  0.085,  0.000
  0.098,  0.092,  0.000
  0.091,  0.085,  0.007
  0.098,  0.092,  0.007
  0.085,  0.092,  0.000
  0.091,  0.099,  0.000
  0.085,  0.092,  0.008
  0.091,  0.099,  0.007
  0.079,  0.098,  0.000
  0.085,  0.106,  0.000
  0.079,  0.098,  0.008
  0.085,  0.106,  0.008
  0.072,  0.104,  0.000
  0.078,  0.112,  0.000
  0.072,  0.104,  0.008
  0.078,  0.112,  0.008
  0.065,  0.109,  0.000
  0.070,  0.118,  0.000
  0.065,  0.109,  0.008
  0.070,  0.118,  0.008
  0.058,  0.114,  0.000
  0.062,  0.123,  0.000
  0.058,  0.114,  0.008
  0.062,  0.123,  0.008
  0.050,  0.118,  0.000
  0.054,  0.127,  0.000
  0.050,  0.118,  0.009
  0.054,  0.127,  0.009
  0.042,  0.122,  0.000
  0.045,  0.131,  0.000
  0.042,  0.122,  0.009
  0.045,  0.131,  0.009
  0.034,  0.125,  0.000
  0.036,  0.134,  0.000
  0.034,  0.125,  0.009
  0.036,  0.134,  0.009
  0.026,  0.127,  0.000
  0.027,  0.137,  0.000
  0.026,  0.127,  0.009
  0.027,  0.137,  0.009
  0.017,  0.129,  0.000
  0.018,  0.139,  0.000
  0.017,  0.129,  0.010
  0.018,  0.139,  0.009
  0.009,  0.130,  0.000
  0.009,  0.140,  0.000
  0.009,  0.130,  0.010
  0.009,  0.140,  0.010
  0.000,  0.130,  0.000
  0.000,  0.140,  0.000
  0.000,  0.130,  0.010
  0.000,  0.140,  0.010
 -0.009,  0.130,  0.000
 -0.009,  0.140,  0.000
 -0.009,  0.130,  0.010
 -0.009,  0.140,  0.010
 -0.017,  0.129,  0.000
 -0.018,  0.139,  0.000
 -0.017,  0.129,  0.010
 -0.018,  0.139,  0.011
 -0.026,  0.127,  0.000
 -0.027,  0.137,  0.000
 -0.026,  0.127,  0.011
 -0.027,  0.137,  0.011
 -0.034,  0.125,  0.000
 -0.036,  0.134,  0.000
 -0.034,  0.125,  0.011
 -0.036,  0.134,  0.011
 -0.042,  0.122,  0.000
 -0.045,  0.131,  0.000
 -0.042,  0.122,  0.011
 -0.045,  0.131,  0.011
 -0.050,  0.118,  0.000
 -0.054,  0.127,  0.000
 -0.050,  0.118,  0.011
 -0.054,  0.127,  0.011
 -0.058,  0.114,  0.000
 -0.062,  0.123,  0.000
 -0.058,  0.114,  0.012
 -0.062,  0.123,  0.012
 -0.065,  0.109,  0.000
 -0.070,  0.118,  0.000
 -0.065,  0.109,  0.012
 -0.070,  0.118,  0.012
 -0.072,  0.104,  0.000
 -0.078,  0.112,  0.000
 -0.072,  0.104,  0.012
 -0.078,  0.112,  0.012
 -0.079,  0.098,  0.000
 -0.085,  0.106,  0.000
 -0.079,  0.098,  0.012
 -0.085,  0.106,  0.012
 -0.085,  0.092,  0.000
 -0.091,  0.099,  0.000
 -0.085,  0.092,  0.012
 -0.091,  0.099,  0.013
 -0.091,  0.085,  0.000
 -0.098,  0.092,  0.000
 -0.091,  0.085,  0.013
 -0.098,  0.092,  0.013
 -0.096,  0.078,  0.000
 -0.104,  0.084,  0.000
 -0.096,  0.078,  0.013
 -0.104,  0.084,  0.013
 -0.101,  0.070,  0.000
 -0.109,  0.076,  0.000
 -0.101,  0.070,  0.013
 -0.109,  0.076,  0.013
 -0.105,  0.062,  0.000
 -0.114,  0.067,  0.000
 -0.105,  0.062,  0.013
 -0.114,  0.067,  0.013
 -0.109,  0.054,  0.000
 -0.118,  0.058,  0.000
 -0.109,  0.054,  0.013
 -0.118,  0.058,  0.013
 -0.113,  0.045,  0.000
 -0.121,  0.049,  0.000
 -0.113,  0.045,  0.013
 -0.121,  0.049,  0.013
 -0.115,  0.037,  0.000
 -0.124,  0.039,  0.000
 -0.115,  0.037,  0.013
 -0.124,  0.039,  0.013
 -0.117,  0.028,  0.000
 -0.126,  0.030,  0.000
 -0.117,  0.028,  0.013
 -0.126,  0.030,  0.013
 -0.119,  0.019,  0.000
 -0.128,  0.020,  0.000
 -0.119,  0.019,  0.013
 -0.128,  0.020,  0.014
 -0.120,  0.009,  0.000
 -0.129,  0.010,  0.000
 -0.120,  0.009,  0.013
 -0.129,  0.010,  0.014
 -0.120,  0.000,  0.000
 -0.129,  0.000,  0.000
 -0.120,  0.000,  0.013
 -0.129,  0.000,  0.014
 -0.120, -0.009,  0.000
 -0.129, -0.010,  0.000
 -0.120, -0.009,  0.013
 -0.129, -0.010,  0.014
 -0.119, -0.019,  0.000
 -0.128, -0.020,  0.000
 -0.119, -0.019,  0.013
 -0.128, -0.020,  0.014
 -0.117, -0.028,  0.000
 -0.126, -0.030,  0.000
 -0.117, -0.028,  0.013
 -0.126, -0.030,  0.013
 -0.115, -0.037,  0.000
 -0.124, -0.039,  0.000
 -0.115, -0.037,  0.013
 -0.124, -0.039,  0.013
 -0.113, -0.045,  0.000
 -0.121, -0.049,  0.000
 -0.113, -0.045,  0.013
 -0.121, -0.049,  0.013
 -0.109, -0.054,  0.000
 -0.118, -0.058,  0.000
 -0.109, -0.054,  0.013
 -0.118, -0.058,  0.013
 -0.105, -0.062,  0.000
 -0.114, -0.067,  0.000
 -0.105, -0.062,  0.013
 -0.114, -0.067,  0.013
 -0.101, -0.070,  0.000
 -0.109, -0.076,  0.000
 -0.101, -0.070,  0.013
 -0.109, -0.076,  0.013
 -0.096, -0.078,  0.000
 -0.104, -0.084,  0.000
 -0.096, -0.078,  0.013
 -0.104, -0.084,  0.013
 -0.091, -0.085,  0.000
 -0.098, -0.092,  0.000
 -0.091, -0.085,  0.013
 -0.098, -0.092,  0.013
 -0.085, -0.092,  0.000
 -0.091, -0.099,  0.000
 -0.085, -0.092,  0.012
 -0.091, -0.099,  0.013
 -0.079, -0.098,  0.000
 -0.085, -0.106,  0.000
 -0.079, -0.098,  0.012
 -0.085, -0.106,  0.012
 -0.072, -0.104,  0.000
 -0.078, -0.112,  0.000
 -0.072, -0.104,  0.012
 -0.078, -0.112,  0.012
 -0.065, -0.109,  0.000
 -0.070, -0.118,  0.000
 -0.065, -0.109,  0.012
 -0.070, -0.118,  0.012
 -0.058, -0.114,  0.000
 -0.062, -0.123,  0.000
 -0.058, -0.114,  0.012
 -0.062, -0.123,  0.012
 -0.050, -0.118,  0.000
 -0.054, -0.127,  0.000
 -0.050, -0.118,  0.011
 -0.054, -0.127,  0.011
 -0.042, -0.122,  0.000
 -0.045, -0.131,  0.000
 -0.042, -0.122,  0.011
 -0.045, -0.131,  0.011
 -0.034, -0.125,  0.000
 -0.036, -0.134,  0.000
 -0.034, -0.125,  0.011
 -0.036, -0.134,  0.011
 -0.026, -0.127,  0.000
 -0.027, -0.137,  0.000
 -0.026, -0.127,  0.011
 -0.027, -0.137,  0.011
 -0.017, -0.129,  0.000
 -0.018, -0.139,  0.000
 -0.017, -0.129,  0.010
 -0.018, -0.139,  0.011
 -0.009, -0.130,  0.000
 -0.009, -0.140,  0.000
 -0.009, -0.130,  0.010
 -0.009, -0.140,  0.010
 -0.000, -0.130,  0.000
 -0.000, -0.140,  0.000
 -0.000, -0.130,  0.010
 -0.000, -0.140,  0.010
  0.009, -0.130,  0.000
  0.009, -0.140,  0.000
  0.009, -0.130,  0.010
  0.009, -0.140,  0.010
  0.017, -0.129,  0.000
  0.018, -0.139,  0.000
  0.017, -0.129,  0.010
  0.018, -0.139,  0.009
  0.026, -0.127,  0.000
  0.027, -0.137,  0.000
  0.026, -0.127,  0.009
  0.027, -0.137,  0.009
  0.034, -0.125,  0.000
  0.036, -0.134,  0.000
  0.034, -0.125,  0.009
  0.036, -0.134,  0.009
  0.042, -0.122,  0.000
  0.045, -0.131,  0.000
  0.042, -0.122,  0.009
  0.045, -0.131,  0.009
  0.050, -0.118,  0.000
  0.054, -0.127,  0.000
  0.050, -0.118,  0.009
  0.054, -0.127,  0.009
  0.058, -0.114,  0.000
  0.062, -0.123,  0.000
  0.058, -0.114,  0.008
  0.062, -0.123,  0.008
  0.065, -0.109,  0.000
  0.070, -0.118,  0.000
  0.065, -0.109,  0.008
  0.070, -0.118,  0.008
  0.072, -0.104,  0.000
  0.078, -0.112,  0.000
  0.072, -0.104,  0.008
  0.078, -0.112,  0.008
  0.079, -0.098,  0.000
  0.085, -0.106,  0.000
  0.079, -0.098,  0.008
  0.085, -0.106,  0.008
  0.085, -0.092,  0.000
  0.091, -0.099,  0.000
  0.085, -0.092,  0.008
  0.091, -0.099,  0.007
  0.091, -0.085,  0.000
  0.098, -0.092,  0.000
  0.091, -0.085,  0.007
  0.098, -0.092,  0.007
  0.096, -0.078,  0.000
  0.104, -0.084,  0.000
  0.096, -0.078,  0.007
  0.104, -0.084,  0.007
  0.101, -0.070,  0.000
  0.109, -0.076,  0.000
  0.101, -0.070,  0.007
  0.109, -0.076,  0.007
  0.105, -0.062,  0.000
  0.114, -0.067,  0.000
  0.105, -0.062,  0.007
  0.114, -0.067,  0.007
  0.109, -0.054,  0.000
  0.118, -0.058,  0.000
  0.109, -0.054,  0.007
  0.118, -0.058,  0.007
  0.113, -0.045,  0.000
  0.121, -0.049,  0.000
  0.113, -0.045,  0.007
  0.121, -0.049,  0.007
  0.115, -0.037,  0.000
  0.124, -0.039,  0.000
  0.115, -0.037,  0.007
  0.124, -0.039,  0.007
  0.117, -0.028,  0.000
  0.126, -0.030,  0.000
  0.117, -0.028,  0.007
  0.126, -0.030,  0.007
  0.119, -0.019,  0.000
  0.128, -0.020,  0.000
  0.119, -0.019,  0.007
  0.128, -0.020,  0.006
  0.120, -0.009,  0.000
  0.129, -0.010,  0.000
  0.120, -0.009,  0.007
  0.129, -0.010,  0.006
  0.120,  0.000,  0.013
  0.129,  0.000,  0.013
  0.120,  0.009,  0.013
  0.129,  0.010,  0.013
  0.119,  0.019,  0.013
  0.128,  0.020,  0.013
  0.117,  0.028,  0.014
  0.126,  0.030,  0.013
  0.115,  0.037,  0.014
  0.124,  0.039,  0.013
  0.113,  0.045,  0.014
  0.121,  0.049,  0.013
  0.109,  0.054,  0.014
  0.118,  0.058,  0.014
  0.105,  0.062,  0.014
  0.114,  0.067,  0.014
  0.101,  0.070,  0.014
  0.109,  0.076,  0.014
  0.096,  0.078,  0.015
  0.104,  0.084,  0.014
  0.091,  0.085,  0.015
  0.098,  0.092,  0.015
  0.085,  0.092,  0.015
  0.091,  0.099,  0.015
  0.079,  0.098,  0.016
  0.085,  0.106,  0.015
  0.072,  0.104,  0.016
  0.078,  0.112,  0.016
  0.065,  0.109,  0.016
  0.070,  0.118,  0.016
  0.058,  0.114,  0.017
  0.062,  0.123,  0.017
  0.050,  0.118,  0.017
  0.054,  0.127,  0.017
  0.042,  0.122,  0.018
  0.045,  0.131,  0.018
  0.034,  0.125,  0.018
  0.036,  0.134,  0.018
  0.026,  0.127,  0.019
  0.027,  0.137,  0.018
  0.017,  0.129,  0.019
  0.018,  0.139,  0.019
  0.009,  0.130,  0.020
  0.009,  0.140,  0.019
  0.000,  0.130,  0.020
  0.000,  0.140,  0.020
 -0.009,  0.130,  0.020
 -0.009,  0.140,  0.021
 -0.017,  0.129,  0.021
 -0.018,  0.139,  0.021
 -0.026,  0.127,  0.021
 -0.027,  0.137,  0.022
 -0.034,  0.125,  0.022
 -0.036,  0.134,  0.022
 -0.042,  0.122,  0.022
 -0.045,  0.131,  0.022
 -0.050,  0.118,  0.023
 -0.054,  0.127,  0.023
 -0.058,  0.114,  0.023
 -0.062,  0.123,  0.023
 -0.065,  0.109,  0.024
 -0.070,  0.118,  0.024
 -0.072,  0.104,  0.024
 -0.078,  0.112,  0.024
 -0.079,  0.098,  0.024
 -0.085,  0.106,  0.025
 -0.085,  0.092,  0.025
 -0.091,  0.099,  0.025
 -0.091,  0.085,  0.025
 -0.098,  0.092,  0.025
 -0.096,  0.078,  0.025
 -0.104,  0.084,  0.026
 -0.101,  0.070,  0.026
 -0.109,  0.076,  0.026
 -0.105,  0.062,  0.026
 -0.114,  0.067,  0.026
 -0.109,  0.054,  0.026
 -0.118,  0.058,  0.026
 -0.113,  0.045,  0.026
 -0.121,  0.049,  0.027
 -0.115,  0.037,  0.026
 -0.124,  0.039,  0.027
 -0.117,  0.028,  0.026
 -0.126,  0.030,  0.027
 -0.119,  0.019,  0.027
 -0.128,  0.020,  0.027
 -0.120,  0.009,  0.027
 -0.129,  0.010,  0.027
 -0.120,  0.000,  0.027
 -0.129,  0.000,  0.027
 -0.120, -0.009,  0.027
 -0.129, -0.010,  0.027
 -0.119, -0.019,  0.027
 -0.128, -0.020,  0.027
 -0.117, -0.028,  0.026
 -0.126, -0.030,  0.027
 -0.115, -0.037,  0.026
 -0.124, -0.039,  0.027
 -0.113, -0.045,  0.026
 -0.121, -0.049,  0.027
 -0.109, -0.054,  0.026
 -0.118, -0.058,  0.026
 -0.105, -0.062,  0.026
 -0.114, -0.067,  0.026
 -0.101, -0.070,  0.026
 -0.109, -0.076,  0.026
 -0.096, -0.078,  0.025
 -0.104, -0.084,  0.026
 -0.091, -0.085,  0.025
 -0.098, -0.092,  0.025
 -0.085, -0.092,  0.025
 -0.091, -0.099,  0.025
 -0.079, -0.098,  0.024
 -0.085, -0.106,  0.025
 -0.072, -0.104,  0.024
 -0.078, -0.112,  0.024
 -0.065, -0.109,  0.024
 -0.070, -0.118,  0.024
 -0.058, -0.114,  0.023
 -0.062, -0.123,  0.023
 -0.050, -0.118,  0.023
 -0.054, -0.127,  0.023
 -0.042, -0.122,  0.022
 -0.045, -0.131,  0.022
 -0.034, -0.125,  0.022
 -0.036, -0.134,  0.022
 -0.026, -0.127,  0.021
 -0.027, -0.137,  0.022
 -0.017, -0.129,  0.021
 -0.018, -0.139,  0.021
 -0.009, -0.130,  0.020
 -0.009, -0.140,  0.021
 -0.000, -0.130,  0.020
 -0.000, -0.140,  0.020
  0.009, -0.130,  0.020
  0.009, -0.140,  0.019
  0.017, -0.129,  0.019
  0.018, -0.139,  0.019
  0.026, -0.127,  0.019
  0.027, -0.137,  0.018
  0.034, -0.125,  0.018
  0.036, -0.134,  0.018
  0.042, -0.122,  0.018
  0.045, -0.131,  0.018
  0.050, -0.118,  0.017
  0.054, -0.127,  0.017
  0.058, -0.114,  0.017
  0.062, -0.123,  0.017
  0.065, -0.109,  0.016
  0.070, -0.118,  0.016
  0.072, -0.104,  0.016
  0.078, -0.112,  0.016
  0.079, -0.098,  0.016
  0.085, -0.106,  0.015
  0.085, -0.092,  0.015
  0.091, -0.099,  0.015
  0.091, -0.085,  0.015
  0.098, -0.092,  0.015
  0.096, -0.078,  0.015
  0.104, -0.084,  0.014
  0.101, -0.070,  0.014
  0.109, -0.076,  0.014
  0.105, -0.062,  0.014
  0.114, -0.067,  0.014
  0.109, -0.054,  0.014
  0.118, -0.058,  0.014
  0.113, -0.045,  0.014
  0.121, -0.049,  0.013
  0.115, -0.037,  0.014
  0.124, -0.039,  0.013
  0.117, -0.028,  0.014
  0.126, -0.030,  0.013
  0.119, -0.019,  0.013
  0.128, -0.020,  0.013
  0.120, -0.009,  0.013
  0.129, -0.010,  0.013
  0.120,  0.000,  0.020
  0.129,  0.000,  0.019
  0.120,  0.009,  0.020
  0.129,  0.010,  0.019
  0.119,  0.019,  0.020
  0.128,  0.020,  0.019
  0.117,  0.028,  0.020
  0.126,  0.030,  0.020
  0.115,  0.037,  0.020
  0.124,  0.039,  0.020
  0.113,  0.045,  0.021
  0.121,  0.049,  0.020
  0.109,  0.054,  0.021
  0.118,  0.058,  0.020
  0.105,  0.062,  0.021
  0.114,  0.067,  0.021
  0.101,  0.070,  0.022
  0.109,  0.076,  0.021
  0.096,  0.078,  0.022
  0.104,  0.084,  0.021
  0.091,  0.085,  0.022
  0.098,  0.092,  0.022
  0.085,  0.092,  0.023
  0.091,  0.099,  0.022
  0.079,  0.098,  0.023
  0.085,  0.106,  0.023
  0.072,  0.104,  0.024
  0.078,  0.112,  0.024
  0.065,  0.109,  0.025
  0.070,  0.118,  0.024
  0.058,  0.114,  0.025
  0.062,  0.123,  0.025
  0.050,  0.118,  0.026
  0.054,  0.127,  0.026
  0.042,  0.122,  0.027
  0.045,  0.131,  0.026
  0.034,  0.125,  0.027
  0.036,  0.134,  0.027
  0.026,  0.127,  0.028
  0.027,  0.137,  0.028
  0.017,  0.129,  0.029
  0.018,  0.139,  0.028
  0.009,  0.130,  0.029
  0.009,  0.140,  0.029
  0.000,  0.130,  0.030
  0.000,  0.140,  0.030
 -0.009,  0.130,  0.031
 -0.009,  0.140,  0.031
 -0.017,  0.129,  0.031
 -0.018,  0.139,  0.032
 -0.026,  0.127,  0.032
 -0.027,  0.137,  0.032
 -0.034,  0.125,  0.033
 -0.036,  0.134,  0.033
 -0.042,  0.122,  0.033
 -0.045,  0.131,  0.034
 -0.050,  0.118,  0.034
 -0.054,  0.127,  0.034
 -0.058,  0.114,  0.035
 -0.062,  0.123,  0.035
 -0.065,  0.109,  0.035
 -0.070,  0.118,  0.036
 -0.072,  0.104,  0.036
 -0.078,  0.112,  0.036
 -0.079,  0.098,  0.037
 -0.085,  0.106,  0.037
 -0.085,  0.092,  0.037
 -0.091,  0.099,  0.038
 -0.091,  0.085,  0.038
 -0.098,  0.092,  0.038
 -0.096,  0.078,  0.038
 -0.104,  0.084,  0.039
 -0.101,  0.070,  0.038
 -0.109,  0.076,  0.039
 -0.105,  0.062,  0.039
 -0.114,  0.067,  0.039
 -0.109,  0.054,  0.039
 -0.118,  0.058,  0.040
 -0.113,  0.045,  0.039
 -0.121,  0.049,  0.040
 -0.115,  0.037,  0.040
 -0.124,  0.039,  0.040
 -0.117,  0.028,  0.040
 -0.126,  0.030,  0.040
 -0.119,  0.019,  0.040
 -0.128,  0.020,  0.041
 -0.120,  0.009,  0.040
 -0.129,  0.010,  0.041
 -0.120,  0.000,  0.040
 -0.129,  0.000,  0.041
 -0.120, -0.009,  0.040
 -0.129, -0.010,  0.041
 -0.119, -0.019,  0.040
 -0.128, -0.020,  0.041
 -0.117, -0.028,  0.040
 -0.126, -0.030,  0.040
 -0.115, -0.037,  0.040
 -0.124, -0.039,  0.040
 -0.113, -0.045,  0.039
 -0.121, -0.049,  0.040
 -0.109, -0.054,  0.039
 -0.118, -0.058,  0.040
 -0.105, -0.062,  0.039
 -0.114, -0.067,  0.039
 -0.101, -0.070,  0.038
 -0.109, -0.076,  0.039
 -0.096, -0.078,  0.038
 -0.104, -0.084,  0.039
 -0.091, -0.085,  0.038
 -0.098, -0.092,  0.038
 -0.085, -0.092,  0.037
 -0.091, -0.099,  0.038
 -0.079, -0.098,  0.037
 -0.085, -0.106,  0.037
 -0.072, -0.104,  0.036
 -0.078, -0.112,  0.036
 -0.065, -0.109,  0.035
 -0.070, -0.118,  0.036
 -0.058, -0.114,  0.035
 -0.062, -0.123,  0.035
 -0.050, -0.118,  0.034
 -0.054, -0.127,  0.034
 -0.042, -0.122,  0.033
 -0.045, -0.131,  0.034
 -0.034, -0.125,  0.033
 -0.036, -0.134,  0.033
 -0.026, -0.127,  0.032
 -0.027, -0.137,  0.032
 -0.017, -0.129,  0.031
 -0.018, -0.139,  0.032
 -0.009, -0.130,  0.031
 -0.009, -0.140,  0.031
 -0.000, -0.130,  0.030
 -0.000, -0.140,  0.030
  0.009, -0.130,  0.029
  0.009, -0.140,  0.029
  0.017, -0.129,  0.029
  0.018, -0.139,  0.028
  0.026, -0.127,  0.028
  0.027, -0.137,  0.028
  0.034, -0.125,  0.027
  0.036, -0.134,  0.027
  0.042, -0.122,  0.027
  0.045, -0.131,  0.026
  0.050, -0.118,  0.026
  0.054, -0.127,  0.026
  0.058, -0.114,  0.025
  0.062, -0.123,  0.025
  0.065, -0.109,  0.025
  0.070, -0.118,  0.024
  0.072, -0.104,  0.024
  0.078, -0.112,  0.024
  0.079, -0.098,  0.023
  0.085, -0.106,  0.023
  0.085, -0.092,  0.023
  0.091, -0.099,  0.022
  0.091, -0.085,  0.022
  0.098, -0.092,  0.022
  0.096, -0.078,  0.022
  0.104, -0.084,  0.021
  0.101, -0.070,  0.022
  0.109, -0.076,  0.021
  0.105, -0.062,  0.021
  0.114, -0.067,  0.021
  0.109, -0.054,  0.021
  0.118, -0.058,  0.020
  0.113, -0.045,  0.021
  0.121, -0.049,  0.020
  0.115, -0.037,  0.020
  0.124, -0.039,  0.020
  0.117, -0.028,  0.020
  0.126, -0.030,  0.020
  0.119, -0.019,  0.020
  0.128, -0.020,  0.019
  0.120, -0.009,  0.020
  0.129, -0.010,  0.019
  0.120,  0.000,  0.027
  0.129,  0.000,  0.026
  0.120,  0.009,  0.027
  0.129,  0.010,  0.026
  0.119,  0.019,  0.027
  0.128,  0.020,  0.026
  0.117,  0.028,  0.027
  0.126,  0.030,  0.026
  0.115,  0.037,  0.027
  0.124,  0.039,  0.026
  0.113,  0.045,  0.028
  0.121,  0.049,  0.027
  0.109,  0.054,  0.028
  0.118,  0.058,  0.027
  0.105,  0.062,  0.028
  0.114,  0.067,  0.027
  0.101,  0.070,  0.029
  0.109,  0.076,  0.028
  0.096,  0.078,  0.029
  0.104,  0.084,  0.029
  0.091,  0.085,  0.030
  0.098,  0.092,  0.029
  0.085,  0.092,  0.031
  0.091,  0.099,  0.030
  0.079,  0.098,  0.031
  0.085,  0.106,  0.031
  0.072,  0.104,  0.032
  0.078,  0.112,  0.031
  0.065,  0.109,  0.033
  0.070,  0.118,  0.032
  0.058,  0.114,  0.034
  0.062,  0.123,  0.033
  0.050,  0.118,  0.034
  0.054,  0.127,  0.034
  0.042,  0.122,  0.035
  0.045,  0.131,  0.035
  0.034,  0.125,  0.036
  0.036,  0.134,  0.036
  0.026,  0.127,  0.037
  0.027,  0.137,  0.037
  0.017,  0.129,  0.038
  0.018,  0.139,  0.038
  0.009,  0.130,  0.039
  0.009,  0.140,  0.039
  0.000,  0.130,  0.040
  0.000,  0.140,  0.040
 -0.009,  0.130,  0.041
 -0.009,  0.140,  0.041
 -0.017,  0.129,  0.042
 -0.018,  0.139,  0.042
 -0.026,  0.127,  0.043
 -0.027,  0.137,  0.043
 -0.034,  0.125,  0.044
 -0.036,  0.134,  0.044
 -0.042,  0.122,  0.045
 -0.045,  0.131,  0.045
 -0.050,  0.118,  0.046
 -0.054,  0.127,  0.046
 -0.058,  0.114,  0.046
 -0.062,  0.123,  0.047
 -0.065,  0.109,  0.047
 -0.070,  0.118,  0.048
 -0.072,  0.104,  0.048
 -0.078,  0.112,  0.049
 -0.079,  0.098,  0.049
 -0.085,  0.106,  0.049
 -0.085,  0.092,  0.049
 -0.091,  0.099,  0.050
 -0.091,  0.085,  0.050
 -0.098,  0.092,  0.051
 -0.096,  0.078,  0.051
 -0.104,  0.084,  0.051
 -0.101,  0.070,  0.051
 -0.109,  0.076,  0.052
 -0.105,  0.062,  0.052
 -0.114,  0.067,  0.053
 -0.109,  0.054,  0.052
 -0.118,  0.058,  0.053
 -0.113,  0.045,  0.052
 -0.121,  0.049,  0.053
 -0.115,  0.037,  0.053
 -0.124,  0.039,  0.054
 -0.117,  0.028,  0.053
 -0.126,  0.030,  0.054
 -0.119,  0.019,  0.053
 -0.128,  0.020,  0.054
 -0.120,  0.009,  0.053
 -0.129,  0.010,  0.054
 -0.120,  0.000,  0.053
 -0.129,  0.000,  0.054
 -0.120, -0.009,  0.053
 -0.129, -0.010,  0.054
 -0.119, -0.019,  0.053
 -0.128, -0.020,  0.054
 -0.117, -0.028,  0.053
 -0.126, -0.030,  0.054
 -0.115, -0.037,  0.053
 -0.124, -0.039,  0.054
 -0.113, -0.045,  0.052
 -0.121, -0.049,  0.053
 -0.109, -0.054,  0.052
 -0.118, -0.058,  0.053
 -0.105, -0.062,  0.052
 -0.114, -0.067,  0.053
 -0.101, -0.070,  0.051
 -0.109, -0.076,  0.052
 -0.096, -0.078,  0.051
 -0.104, -0.084,  0.051
 -0.091, -0.085,  0.050
 -0.098, -0.092,  0.051
 -0.085, -0.092,  0.049
 -0.091, -0.099,  0.050
 -0.079, -0.098,  0.049
 -0.085, -0.106,  0.049
 -0.072, -0.104,  0.048
 -0.078, -0.112,  0.049
 -0.065, -0.109,  0.047
 -0.070, -0.118,  0.048
 -0.058, -0.114,  0.046
 -0.062, -0.123,  0.047
 -0.050, -0.118,  0.046
 -0.054, -0.127,  0.046
 -0.042, -0.122,  0.045
 -0.045, -0.131,  0.045
 -0.034, -0.125,  0.044
 -0.036, -0.134,  0.044
 -0.026, -0.127,  0.043
 -0.027, -0.137,  0.043
 -0.017, -0.129,  0.042
 -0.018, -0.139,  0.042
 -0.009, -0.130,  0.041
 -0.009, -0.140,  0.041
 -0.000, -0.130,  0.040
 -0.000, -0.140,  0.040
  0.009, -0.130,  0.039
  0.009, -0.140,  0.039
  0.017, -0.129,  0.038
  0.018, -0.139,  0.038
  0.026, -0.127,  0.037
  0.027, -0.137,  0.037
  0.034, -0.125,  0.036
  0.036, -0.134,  0.036
  0.042, -0.122,  0.035
  0.045, -0.131,  0.035
  0.050, -0.118,  0.034
  0.054, -0.127,  0.034
  0.058, -0.114,  0.034
  0.062, -0.123,  0.033
  0.065, -0.109,  0.033
  0.070, -0.118,  0.032
  0.072, -0.104,  0.032
  0.078, -0.112,  0.031
  0.079, -0.098,  0.031
  0.085, -0.106,  0.031
  0.085, -0.092,  0.031
  0.091, -0.099,  0.030
  0.091, -0.085,  0.030
  0.098, -0.092,  0.029
  0.096, -0.078,  0.029
  0.104, -0.084,  0.029
  0.101, -0.070,  0.029
  0.109, -0.076,  0.028
  0.105, -0.062,  0.028
  0.114, -0.067,  0.027
  0.109, -0.054,  0.028
  0.118, -0.058,  0.027
  0.113, -0.045,  0.028
  0.121, -0.049,  0.027
  0.115, -0.037,  0.027
  0.124, -0.039,  0.026
  0.117, -0.028,  0.027
  0.126, -0.030,  0.026
  0.119, -0.019,  0.027
  0.128, -0.020,  0.026
  0.120, -0.009,  0.027
  0.129, -0.010,  0.026
  0.120,  0.000,  0.033
  0.129,  0.000,  0.032
  0.120,  0.009,  0.033
  0.129,  0.010,  0.032
  0.119,  0.019,  0.034
  0.128,  0.020,  0.032
  0.117,  0.028,  0.034
  0.126,  0.030,  0.033
  0.115,  0.037,  0.034
  0.124,  0.039,  0.033
  0.113,  0.045,  0.034
  0.121,  0.049,  0.033
  0.109,  0.054,  0.035
  0.118,  0.058,  0.034
  0.105,  0.062,  0.035
  0.114,  0.067,  0.034
  0.101,  0.070,  0.036
  0.109,  0.076,  0.035
  0.096,  0.078,  0.037
  0.104,  0.084,  0.036
  0.091,  0.085,  0.037
  0.098,  0.092,  0.037
  0.085,  0.092,  0.038
  0.091,  0.099,  0.037
  0.079,  0.098,  0.039
  0.085,  0.106,  0.038
  0.072,  0.104,  0.040
  0.078,  0.112,  0.039
  0.065,  0.109,  0.041
  0.070,  0.118,  0.040
  0.058,  0.114,  0.042
  0.062,  0.123,  0.041
  0.050,  0.118,  0.043
  0.054,  0.127,  0.043
  0.042,  0.122,  0.044
  0.045,  0.131,  0.044
  0.034,  0.125,  0.045
  0.036,  0.134,  0.045
  0.026,  0.127,  0.046
  0.027,  0.137,  0.046
  0.017,  0.129,  0.048
  0.018,  0.139,  0.047
  0.009,  0.130,  0.049
  0.009,  0.140,  0.049
  0.000,  0.130,  0.050
  0.000,  0.140,  0.050
 -0.009,  0.130,  0.051
 -0.009,  0.140,  0.051
 -0.017,  0.129,  0.052
 -0.018,  0.139,  0.053
 -0.026,  0.127,  0.054
 -0.027,  0.137,  0.054
 -0.034,  0.125,  0.055
 -0.036,  0.134,  0.055
 -0.042,  0.122,  0.056
 -0.045,  0.131,  0.056
 -0.050,  0.118,  0.057
 -0.054,  0.127,  0.057
 -0.058,  0.114,  0.058
 -0.062,  0.123,  0.059
 -0.065,  0.109,  0.059
 -0.070,  0.118,  0.060
 -0.072,  0.104,  0.060
 -0.078,  0.112,  0.061
 -0.079,  0.098,  0.061
 -0.085,  0.106,  0.062
 -0.085,  0.092,  0.062
 -0.091,  0.099,  0.063
 -0.091,  0.085,  0.063
 -0.098,  0.092,  0.063
 -0.096,  0.078,  0.063
 -0.104,  0.084,  0.064
 -0.101,  0.070,  0.064
 -0.109,  0.076,  0.065
 -0.105,  0.062,  0.065
 -0.114,  0.067,  0.066
 -0.109,  0.054,  0.065
 -0.118,  0.058,  0.066
 -0.113,  0.045,  0.066
 -0.121,  0.049,  0.067
 -0.115,  0.037,  0.066
 -0.124,  0.039,  0.067
 -0.117,  0.028,  0.066
 -0.126,  0.030,  0.067
 -0.119,  0.019,  0.066
 -0.128,  0.020,  0.068
 -0.120,  0.009,  0.067
 -0.129,  0.010,  0.068
 -0.120,  0.000,  0.067
 -0.129,  0.000,  0.068
 -0.120, -0.009,  0.067
 -0.129, -0.010,  0.068
 -0.119, -0.019,  0.066
 -0.128, -0.020,  0.068
 -0.117, -0.028,  0.066
 -0.126, -0.030,  0.067
 -0.115, -0.037,  0.066
 -0.124, -0.039,  0.067
 -0.113, -0.045,  0.066
 -0.121, -0.049,  0.067
 -0.109, -0.054,  0.065
 -0.118, -0.058,  0.066
 -0.105, -0.062,  0.065
 -0.114, -0.067,  0.066
 -0.101, -0.070,  0.064
 -0.109, -0.076,  0.065
 -0.096, -0.078,  0.063
 -0.104, -0.084,  0.064
 -0.091, -0.085,  0.063
 -0.098, -0.092,  0.063
 -0.085, -0.092,  0.062
 -0.091, -0.099,  0.063
 -0.079, -0.098,  0.061
 -0.085, -0.106,  0.062
 -0.072, -0.104,  0.060
 -0.078, -0.112,  0.061
 -0.065, -0.109,  0.059
 -0.070, -0.118,  0.060
 -0.058, -0.114,  0.058
 -0.062, -0.123,  0.059
 -0.050, -0.118,  0.057
 -0.054, -0.127,  0.057
 -0.042, -0.122,  0.056
 -0.045, -0.131,  0.056
 -0.034, -0.125,  0.055
 -0.036, -0.134,  0.055
 -0.026, -0.127,  0.054
 -0.027, -0.137,  0.054
 -0.017, -0.129,  0.052
 -0.018, -0.139,  0.053
 -0.009, -0.130,  0.051
 -0.009, -0.140,  0.051
 -0.000, -0.130,  0.050
 -0.000, -0.140,  0.050
  0.009, -0.130,  0.049
  0.009, -0.140,  0.049
  0.017, -0.129,  0.048
  0.018, -0.139,  0.047
  0.026, -0.127,  0.046
  0.027, -0.137,  0.046
  0.034, -0.125,  0.045
  0.036, -0.134,  0.045
  0.042, -0.122,  0.044
  0.045, -0.131,  0.044
  0.050, -0.118,  0.043
  0.054, -0.127,  0.043
  0.058, -0.114,  0.042
  0.062, -0.123,  0.041
  0.065, -0.109,  0.041
  0.070, -0.118,  0.040
  0.072, -0.104,  0.040
  0.078, -0.112,  0.039
  0.079, -0.098,  0.039
  0.085, -0.106,  0.038
  0.085, -0.092,  0.038
  0.091, -0.099,  0.037
  0.091, -0.085,  0.037
  0.098, -0.092,  0.037
  0.096, -0.078,  0.037
  0.104, -0.084,  0.036
  0.101, -0.070,  0.036
  0.109, -0.076,  0.035
  0.105, -0.062,  0.035
  0.114, -0.067,  0.034
  0.109, -0.054,  0.035
  0.118, -0.058,  0.034
  0.113, -0.045,  0.034
  0.121, -0.049,  0.033
  0.115, -0.037,  0.034
  0.124, -0.039,  0.033
  0.117, -0.028,  0.034
  0.126, -0.030,  0.033
  0.119, -0.019,  0.034
  0.128, -0.020,  0.032
  0.120, -0.009,  0.033
  0.129, -0.010,  0.032
  0.120,  0.000,  0.040
  0.129,  0.000,  0.039
  0.120,  0.009,  0.040
  0.129,  0.010,  0.039
  0.119,  0.019,  0.040
  0.128,  0.020,  0.039
  0.117,  0.028,  0.041
  0.126,  0.030,  0.039
  0.115,  0.037,  0.041
  0.124,  0.039,  0.039
  0.113,  0.045,  0.041
  0.121,  0.049,  0.040
  0.109,  0.054,  0.042
  0.118,  0.058,  0.041
  0.105,  0.062,  0.043
  0.114,  0.067,  0.041
  0.101,  0.070,  0.043
  0.109,  0.076,  0.042
  0.096,  0.078,  0.044
  0.104,  0.084,  0.043
  0.091,  0.085,  0.045
  0.098,  0.092,  0.044
  0.085,  0.092,  0.046
  0.091,  0.099,  0.045
  0.079,  0.098,  0.047
  0.085,  0.106,  0.046
  0.072,  0.104,  0.048
  0.078,  0.112,  0.047
  0.065,  0.109,  0.049
  0.070,  0.118,  0.048
  0.058,  0.114,  0.050
  0.062,  0.123,  0.050
  0.050,  0.118,  0.052
  0.054,  0.127,  0.051
  0.042,  0.122,  0.053
  0.045,  0.131,  0.053
  0.034,  0.125,  0.054
  0.036,  0.134,  0.054
  0.026,  0.127,  0.056
  0.027,  0.137,  0.055
  0.017,  0.129,  0.057
  0.018,  0.139,  0.057
  0.009,  0.130,  0.059
  0.009,  0.140,  0.058
  0.000,  0.130,  0.060
  0.000,  0.140,  0.060
 -0.009,  0.130,  0.061
 -0.009,  0.140,  0.062
 -0.017,  0.129,  0.063
 -0.018,  0.139,  0.063
 -0.026,  0.127,  0.064
 -0.027,  0.137,  0.065
 -0.034,  0.125,  0.066
 -0.036,  0.134,  0.066
 -0.042,  0.122,  0.067
 -0.045,  0.131,  0.067
 -0.050,  0.118,  0.068
 -0.054,  0.127,  0.069
 -0.058,  0.114,  0.070
 -0.062,  0.123,  0.070
 -0.065,  0.109,  0.071
 -0.070,  0.118,  0.072
 -0.072,  0.104,  0.072
 -0.078,  0.112,  0.073
 -0.079,  0.098,  0.073
 -0.085,  0.106,  0.074
 -0.085,  0.092,  0.074
 -0.091,  0.099,  0.075
 -0.091,  0.085,  0.075
 -0.098,  0.092,  0.076
 -0.096,  0.078,  0.076
 -0.104,  0.084,  0.077
 -0.101,  0.070,  0.077
 -0.109,  0.076,  0.078
 -0.105,  0.062,  0.077
 -0.114,  0.067,  0.079
 -0.109,  0.054,  0.078
 -0.118,  0.058,  0.079
 -0.113,  0.045,  0.079
 -0.121,  0.049,  0.080
 -0.115,  0.037,  0.079
 -0.124,  0.039,  0.081
 -0.117,  0.028,  0.079
 -0.126,  0.030,  0.081
 -0.119,  0.019,  0.080
 -0.128,  0.020,  0.081
 -0.120,  0.009,  0.080
 -0.129,  0.010,  0.081
 -0.120,  0.000,  0.080
 -0.129,  0.000,  0.081
 -0.120, -0.009,  0.080
 -0.129, -0.010,  0.081
 -0.119, -0.019,  0.080
 -0.128, -0.020,  0.081
 -0.117, -0.028,  0.079
 -0.126, -0.030,  0.081
 -0.115, -0.037,  0.079
 -0.124, -0.039,  0.081
 -0.113, -0.045,  0.079
 -0.121, -0.049,  0.080
 -0.109, -0.054,  0.078
 -0.118, -0.058,  0.079
 -0.105, -0.062,  0.077
 -0.114, -0.067,  0.079
 -0.101, -0.070,  0.077
 -0.109, -0.076,  0.078
 -0.096, -0.078,  0.076
 -0.104, -0.084,  0.077
 -0.091, -0.085,  0.075
 -0.098, -0.092,  0.076
 -0.085, -0.092,  0.074
 -0.091, -0.099,  0.075
 -0.079, -0.098,  0.073
 -0.085, -0.106,  0.074
 -0.072, -0.104,  0.072
 -0.078, -0.112,  0.073
 -0.065, -0.109,  0.071
 -0.070, -0.118,  0.072
 -0.058, -0.114,  0.070
 -0.062, -0.123,  0.070
 -0.050, -0.118,  0.068
 -0.054, -0.127,  0.069
 -0.042, -0.122,  0.067
 -0.045, -0.131,  0.067
 -0.034, -0.125,  0.066
 -0.036, -0.134,  0.066
 -0.026, -0.127,  0.064
 -0.027, -0.137,  0.065
 -0.017, -0.129,  0.063
 -0.018, -0.139,  0.063
 -0.009, -0.130,  0.061
 -0.009, -0.140,  0.062
 -0.000, -0.130,  0.060
 -0.000, -0.140,  0.060
  0.009, -0.130,  0.059
  0.009, -0.140,  0.058
  0.017, -0.129,  0.057
  0.018, -0.139,  0.057
  0.026, -0.127,  0.056
  0.027, -0.137,  0.055
  0.034, -0.125,  0.054
  0.036, -0.134,  0.054
  0.042, -0.122,  0.053
  0.045, -0.131,  0.053
  0.050, -0.118,  0.052
  0.054, -0.127,  0.051
  0.058, -0.114,  0.050
  0.062, -0.123,  0.050
  0.065, -0.109,  0.049
  0.070, -0.118,  0.048
  0.072, -0.104,  0.048
  0.078, -0.112,  0.047
  0.079, -0.098,  0.047
  0.085, -0.106,  0.046
  0.085, -0.092,  0.046
  0.091, -0.099,  0.045
  0.091, -0.085,  0.045
  0.098, -0.092,  0.044
  0.096, -0.078,  0.044
  0.104, -0.084,  0.043
  0.101, -0.070,  0.043
  0.109, -0.076,  0.042
  0.105, -0.062,  0.043
  0.114, -0.067,  0.041
  0.109, -0.054,  0.042
  0.118, -0.058,  0.041
  0.113, -0.045,  0.041
  0.121, -0.049,  0.040
  0.115, -0.037,  0.041
  0.124, -0.039,  0.039
  0.117, -0.028,  0.041
  0.126, -0.030,  0.039
  0.119, -0.019,  0.040
  0.128, -0.020,  0.039
  0.120, -0.009,  0.040
  0.129, -0.010,  0.039
  0.120,  0.000,  0.047
  0.129,  0.000,  0.045
  0.120,  0.009,  0.047
  0.129,  0.010,  0.045
  0.119,  0.019,  0.047
  0.128,  0.020,  0.045
  0.117,  0.028,  0.047
  0.126,  0.030,  0.046
  0.115,  0.037,  0.048
  0.124,  0.039,  0.046
  0.113,  0.045,  0.048
  0.121,  0.049,  0.047
  0.109,  0.054,  0.049
  0.118,  0.058,  0.047
  0.105,  0.062,  0.050
  0.114,  0.067,  0.048
  0.101,  0.070,  0.050
  0.109,  0.076,  0.049
  0.096,  0.078,  0.051
  0.104,  0.084,  0.050
  0.091,  0.085,  0.052
  0.098,  0.092,  0.051
  0.085,  0.092,  0.054
  0.091,  0.099,  0.052
  0.079,  0.098,  0.055
  0.085,  0.106,  0.054
  0.072,  0.104,  0.056
  0.078,  0.112,  0.055
  0.065,  0.109,  0.057
  0.070,  0.118,  0.056
  0.058,  0.114,  0.059
  0.062,  0.123,  0.058
  0.050,  0.118,  0.060
  0.054,  0.127,  0.060
  0.042,  0.122,  0.062
  0.045,  0.131,  0.061
  0.034,  0.125,  0.063
  0.036,  0.134,  0.063
  0.026,  0.127,  0.065
  0.027,  0.137,  0.065
  0.017,  0.129,  0.067
  0.018,  0.139,  0.066
  0.009,  0.130,  0.068
  0.009,  0.140,  0.068
  0.000,  0.130,  0.070
  0.000,  0.140,  0.070
 -0.009,  0.130,  0.072
 -0.009,  0.140,  0.072
 -0.017,  0.129,  0.073
 -0.018,  0.139,  0.074
 -0.026,  0.127,  0.075
 -0.027,  0.137,  0.075
 -0.034,  0.125,  0.077
 -0.036,  0.134,  0.077
 -0.042,  0.122,  0.078
 -0.045,  0.131,  0.079
 -0.050,  0.118,  0.080
 -0.054,  0.127,  0.080
 -0.058,  0.114,  0.081
 -0.062,  0.123,  0.082
 -0.065,  0.109,  0.083
 -0.070,  0.118,  0.084
 -0.072,  0.104,  0.084
 -0.078,  0.112,  0.085
 -0.079,  0.098,  0.085
 -0.085,  0.106,  0.086
 -0.085,  0.092,  0.086
 -0.091,  0.099,  0.088
 -0.091,  0.085,  0.088
 -0.098,  0.092,  0.089
 -0.096,  0.078,  0.089
 -0.104,  0.084,  0.090
 -0.101,  0.070,  0.090
 -0.109,  0.076,  0.091
 -0.105,  0.062,  0.090
 -0.114,  0.067,  0.092
 -0.109,  0.054,  0.091
 -0.118,  0.058,  0.093
 -0.113,  0.045,  0.092
 -0.121,  0.049,  0.093
 -0.115,  0.037,  0.092
 -0.124,  0.039,  0.094
 -0.117,  0.028,  0.093
 -0.126,  0.030,  0.094
 -0.119,  0.019,  0.093
 -0.128,  0.020,  0.095
 -0.120,  0.009,  0.093
 -0.129,  0.010,  0.095
 -0.120,  0.000,  0.093
 -0.129,  0.000,  0.095
 -0.120, -0.009,  0.093
 -0.129, -0.010,  0.095
 -0.119, -0.019,  0.093
 -0.128, -0.020,  0.095
 -0.117, -0.028,  0.093
 -0.126, -0.030,  0.094
 -0.115, -0.037,  0.092
 -0.124, -0.039,  0.094
 -0.113, -0.045,  0.092
 -0.121, -0.049,  0.093
 -0.109, -0.054,  0.091
 -0.118, -0.058,  0.093
 -0.105, -0.062,  0.090
 -0.114, -0.067,  0.092
 -0.101, -0.070,  0.090
 -0.109, -0.076,  0.091
 -0.096, -0.078,  0.089
 -0.104, -0.084,  0.090
 -0.091, -0.085,  0.088
 -0.098, -0.092,  0.089
 -0.085, -0.092,  0.086
 -0.091, -0.099,  0.088
 -0.079, -0.098,  0.085
 -0.085, -0.106,  0.086
 -0.072, -0.104,  0.084
 -0.078, -0.112,  0.085
 -0.065, -0.109,  0.083
 -0.070, -0.118,  0.084
 -0.058, -0.114,  0.081
 -0.062, -0.123,  0.082
 -0.050, -0.118,  0.080
 -0.054, -0.127,  0.080
 -0.042, -0.122,  0.078
 -0.045, -0.131,  0.079
 -0.034, -0.125,  0.077
 -0.036, -0.134,  0.077
 -0.026, -0.127,  0.075
 -0.027, -0.137,  0.075
 -0.017, -0.129,  0.073
 -0.018, -0.139,  0.074
 -0.009, -0.130,  0.072
 -0.009, -0.140,  0.072
 -0.000, -0.130,  0.070
 -0.000, -0.140,  0.070
  0.009, -0.130,  0.068
  0.009, -0.140,  0.068
  0.017, -0.129,  0.067
  0.018, -0.139,  0.066
  0.026, -0.127,  0.065
  0.027, -0.137,  0.065
  0.034, -0.125,  0.063
  0.036, -0.134,  0.063
  0.042, -0.122,  0.062
  0.045, -0.131,  0.061
  0.050, -0.118,  0.060
  0.054, -0.127,  0.060
  0.058, -0.114,  0.059
  0.062, -0.123,  0.058
  0.065, -0.109,  0.057
  0.070, -0.118,  0.056
  0.072, -0.104,  0.056
  0.078, -0.112,  0.055
  0.079, -0.098,  0.055
  0.085, -0.106,  0.054
  0.085, -0.092,  0.054
  0.091, -0.099,  0.052
  0.091, -0.085,  0.052
  0.098, -0.092,  0.051
  0.096, -0.078,  0.051
  0.104, -0.084,  0.050
  0.101, -0.070,  0.050
  0.109, -0.076,  0.049
  0.105, -0.062,  0.050
  0.114, -0.067,  0.048
  0.109, -0.054,  0.049
  0.118, -0.058,  0.047
  0.113, -0.045,  0.048
  0.121, -0.049,  0.047
  0.115, -0.037,  0.048
  0.124, -0.039,  0.046
  0.117, -0.028,  0.047
  0.126, -0.030,  0.046
  0.119, -0.019,  0.047
  0.128, -0.020,  0.045
  0.120, -0.009,  0.047
  0.129, -0.010,  0.045
  0.120,  0.000,  0.053
  0.129,  0.000,  0.051
  0.120,  0.009,  0.054
  0.129,  0.010,  0.051
  0.119,  0.019,  0.054
  0.128,  0.020,  0.052
  0.117,  0.028,  0.054
  0.126,  0.030,  0.052
  0.115,  0.037,  0.055
  0.124,  0.039,  0.053
  0.113,  0.045,  0.055
  0.121,  0.049,  0.053
  0.109,  0.054,  0.056
  0.118,  0.058,  0.054
  0.105,  0.062,  0.057
  0.114,  0.067,  0.055
  0.101,  0.070,  0.058
  0.109,  0.076,  0.056
  0.096,  0.078,  0.059
  0.104,  0.084,  0.057
  0.091,  0.085,  0.060
  0.098,  0.092,  0.058
  0.085,  0.092,  0.061
  0.091,  0.099,  0.060
  0.079,  0.098,  0.063
  0.085,  0.106,  0.061
  0.072,  0.104,  0.064
  0.078,  0.112,  0.063
  0.065,  0.109,  0.066
  0.070,  0.118,  0.065
  0.058,  0.114,  0.067
  0.062,  0.123,  0.066
  0.050,  0.118,  0.069
  0.054,  0.127,  0.068
  0.042,  0.122,  0.071
  0.045,  0.131,  0.070
  0.034,  0.125,  0.073
  0.036,  0.134,  0.072
  0.026,  0.127,  0.074
  0.027,  0.137,  0.074
  0.017,  0.129,  0.076
  0.018,  0.139,  0.076
  0.009,  0.130,  0.078
  0.009,  0.140,  0.078
  0.000,  0.130,  0.080
  0.000,  0.140,  0.080
 -0.009,  0.130,  0.082
 -0.009,  0.140,  0.082
 -0.017,  0.129,  0.084
 -0.018,  0.139,  0.084
 -0.026,  0.127,  0.086
 -0.027,  0.137,  0.086
 -0.034,  0.125,  0.087
 -0.036,  0.134,  0.088
 -0.042,  0.122,  0.089
 -0.045,  0.131,  0.090
 -0.050,  0.118,  0.091
 -0.054,  0.127,  0.092
 -0.058,  0.114,  0.093
 -0.062,  0.123,  0.094
 -0.065,  0.109,  0.094
 -0.070,  0.118,  0.095
 -0.072,  0.104,  0.096
 -0.078,  0.112,  0.097
 -0.079,  0.098,  0.097
 -0.085,  0.106,  0.099
 -0.085,  0.092,  0.099
 -0.091,  0.099,  0.100
 -0.091,  0.085,  0.100
 -0.098,  0.092,  0.102
 -0.096,  0.078,  0.101
 -0.104,  0.084,  0.103
 -0.101,  0.070,  0.102
 -0.109,  0.076,  0.104
 -0.105,  0.062,  0.103
 -0.114,  0.067,  0.105
 -0.109,  0.054,  0.104
 -0.118,  0.058,  0.106
 -0.113,  0.045,  0.105
 -0.121,  0.049,  0.107
 -0.115,  0.037,  0.105
 -0.124,  0.039,  0.107
 -0.117,  0.028,  0.106
 -0.126,  0.030,  0.108
 -0.119,  0.019,  0.106
 -0.128,  0.020,  0.108
 -0.120,  0.009,  0.106
 -0.129,  0.010,  0.109
 -0.120,  0.000,  0.107
 -0.129,  0.000,  0.109
 -0.120, -0.009,  0.106
 -0.129, -0.010,  0.109
 -0.119, -0.019,  0.106
 -0.128, -0.020,  0.108
 -0.117, -0.028,  0.106
 -0.126, -0.030,  0.108
 -0.115, -0.037,  0.105
 -0.124, -0.039,  0.107
 -0.113, -0.045,  0.105
 -0.121, -0.049,  0.107
 -0.109, -0.054,  0.104
 -0.118, -0.058,  0.106
 -0.105, -0.062,  0.103
 -0.114, -0.067,  0.105
 -0.101, -0.070,  0.102
 -0.109, -0.076,  0.104
 -0.096, -0.078,  0.101
 -0.104, -0.084,  0.103
 -0.091, -0.085,  0.100
 -0.098, -0.092,  0.102
 -0.085, -0.092,  0.099
 -0.091, -0.099,  0.100
 -0.079, -0.098,  0.097
 -0.085, -0.106,  0.099
 -0.072, -0.104,  0.096
 -0.078, -0.112,  0.097
 -0.065, -0.109,  0.094
 -0.070, -0.118,  0.095
 -0.058, -0.114,  0.093
 -0.062, -0.123,  0.094
 -0.050, -0.118,  0.091
 -0.054, -0.127,  0.092
 -0.042, -0.122,  0.089
 -0.045, -0.131,  0.090
 -0.034, -0.125,  0.087
 -0.036, -0.134,  0.088
 -0.026, -0.127,  0.086
 -0.027, -0.137,  0.086
 -0.017, -0.129,  0.084
 -0.018, -0.139,  0.084
 -0.009, -0.130,  0.082
 -0.009, -0.140,  0.082
 -0.000, -0.130,  0.080
 -0.000, -0.140,  0.080
  0.009, -0.130,  0.078
  0.009, -0.140,  0.078
  0.017, -0.129,  0.076
  0.018, -0.139,  0.076
  0.026, -0.127,  0.074
  0.027, -0.137,  0.074
  0.034, -0.125,  0.073
  0.036, -0.134,  0.072
  0.042, -0.122,  0.071
  0.045, -0.131,  0.070
  0.050, -0.118,  0.069
  0.054, -0.127,  0.068
  0.058, -0.114,  0.067
  0.062, -0.123,  0.066
  0.065, -0.109,  0.066
  0.070, -0.118,  0.065
  0.072, -0.104,  0.064
  0.078, -0.112,  0.063
  0.079, -0.098,  0.063
  0.085, -0.106,  0.061
  0.085, -0.092,  0.061
  0.091, -0.099,  0.060
  0.091, -0.085,  0.060
  0.098, -0.092,  0.058
  0.096, -0.078,  0.059
  0.104, -0.084,  0.057
  0.101, -0.070,  0.058
  0.109, -0.076,  0.056
  0.105, -0.062,  0.057
  0.114, -0.067,  0.055
  0.109, -0.054,  0.056
  0.118, -0.058,  0.054
  0.113, -0.045,  0.055
  0.121, -0.049,  0.053
  0.115, -0.037,  0.055
  0.124, -0.039,  0.053
  0.117, -0.028,  0.054
  0.126, -0.030,  0.052
  0.119, -0.019,  0.054
  0.128, -0.020,  0.052
  0.120, -0.009,  0.054
  0.129, -0.010,  0.051
  0.120,  0.000,  0.060
  0.129,  0.000,  0.058
  0.120,  0.009,  0.060
  0.129,  0.010,  0.058
  0.119,  0.019,  0.060
  0.128,  0.020,  0.058
  0.117,  0.028,  0.061
  0.126,  0.030,  0.059
  0.115,  0.037,  0.061
  0.124,  0.039,  0.059
  0.113,  0.045,  0.062
  0.121,  0.049,  0.060
  0.109,  0.054,  0.063
  0.118,  0.058,  0.061
  0.105,  0.062,  0.064
  0.114,  0.067,  0.062
  0.101,  0.070,  0.065
  0.109,  0.076,  0.063
  0.096,  0.078,  0.066
  0.104,  0.084,  0.064
  0.091,  0.085,  0.067
  0.098,  0.092,  0.066
  0.085,  0.092,  0.069
  0.091,  0.099,  0.067
  0.079,  0.098,  0.070
  0.085,  0.106,  0.069
  0.072,  0.104,  0.072
  0.078,  0.112,  0.071
  0.065,  0.109,  0.074
  0.070,  0.118,  0.073
  0.058,  0.114,  0.076
  0.062,  0.123,  0.075
  0.050,  0.118,  0.078
  0.054,  0.127,  0.077
  0.042,  0.122,  0.080
  0.045,  0.131,  0.079
  0.034,  0.125,  0.082
  0.036,  0.134,  0.081
  0.026,  0.127,  0.084
  0.027,  0.137,  0.083
  0.017,  0.129,  0.086
  0.018,  0.139,  0.085
  0.009,  0.130,  0.088
  0.009,  0.140,  0.088
  0.000,  0.130,  0.090
  0.000,  0.140,  0.090
 -0.009,  0.130,  0.092
 -0.009,  0.140,  0.092
 -0.017,  0.129,  0.094
 -0.018,  0.139,  0.095
 -0.026,  0.127,  0.096
 -0.027,  0.137,  0.097
 -0.034,  0.125,  0.098
 -0.036,  0.134,  0.099
 -0.042,  0.122,  0.100
 -0.045,  0.131,  0.101
 -0.050,  0.118,  0.102
 -0.054,  0.127,  0.103
 -0.058,  0.114,  0.104
 -0.062,  0.123,  0.105
 -0.065,  0.109,  0.106
 -0.070,  0.118,  0.107
 -0.072,  0.104,  0.108
 -0.078,  0.112,  0.109
 -0.079,  0.098,  0.110
 -0.085,  0.106,  0.111
 -0.085,  0.092,  0.111
 -0.091,  0.099,  0.113
 -0.091,  0.085,  0.113
 -0.098,  0.092,  0.114
 -0.096,  0.078,  0.114
 -0.104,  0.084,  0.116
 -0.101,  0.070,  0.115
 -0.109,  0.076,  0.117
 -0.105,  0.062,  0.116
 -0.114,  0.067,  0.118
 -0.109,  0.054,  0.117
 -0.118,  0.058,  0.119
 -0.113,  0.045,  0.118
 -0.121,  0.049,  0.120
 -0.115,  0.037,  0.119
 -0.124,  0.039,  0.121
 -0.117,  0.028,  0.119
 -0.126,  0.030,  0.121
 -0.119,  0.019,  0.120
 -0.128,  0.020,  0.122
 -0.120,  0.009,  0.120
 -0.129,  0.010,  0.122
 -0.120,  0.000,  0.120
 -0.129,  0.000,  0.122
 -0.120, -0.009,  0.120
 -0.129, -0.010,  0.122
 -0.119, -0.019,  0.120
 -0.128, -0.020,  0.122
 -0.117, -0.028,  0.119
 -0.126, -0.030,  0.121
 -0.115, -0.037,  0.119
 -0.124, -0.039,  0.121
 -0.113, -0.045,  0.118
 -0.121, -0.049,  0.120
 -0.109, -0.054,  0.117
 -0.118, -0.058,  0.119
 -0.105, -0.062,  0.116
 -0.114, -0.067,  0.118
 -0.101, -0.070,  0.115
 -0.109, -0.076,  0.117
 -0.096, -0.078,  0.114
 -0.104, -0.084,  0.116
 -0.091, -0.085,  0.113
 -0.098, -0.092,  0.114
 -0.085, -0.092,  0.111
 -0.091, -0.099,  0.113
 -0.079, -0.098,  0.110
 -0.085, -0.106,  0.111
 -0.072, -0.104,  0.108
 -0.078, -0.112,  0.109
 -0.065, -0.109,  0.106
 -0.070, -0.118,  0.107
 -0.058, -0.114,  0.104
 -0.062, -0.123,  0.105
 -0.050, -0.118,  0.102
 -0.054, -0.127,  0.103
 -0.042, -0.122,  0.100
 -0.045, -0.131,  0.101
 -0.034, -0.125,  0.098
 -0.036, -0.134,  0.099
 -0.026, -0.127,  0.096
 -0.027, -0.137,  0.097
 -0.017, -0.129,  0.094
 -0.018, -0.139,  0.095
 -0.009, -0.130,  0.092
 -0.009, -0.140,  0.092
 -0.000, -0.130,  0.090
 -0.000, -0.140,  0.090
  0.009, -0.130,  0.088
  0.009, -0.140,  0.088
  0.017, -0.129,  0.086
  0.018, -0.139,  0.085
  0.026, -0.127,  0.084
  0.027, -0.137,  0.083
  0.034, -0.125,  0.082
  0.036, -0.134,  0.081
  0.042, -0.122,  0.080
  0.045, -0.131,  0.079
  0.050, -0.118,  0.078
  0.054, -0.127,  0.077
  0.058, -0.114,  0.076
  0.062, -0.123,  0.075
  0.065, -0.109,  0.074
  0.070, -0.118,  0.073
  0.072, -0.104,  0.072
  0.078, -0.112,  0.071
  0.079, -0.098,  0.070
  0.085, -0.106,  0.069
  0.085, -0.092,  0.069
  0.091, -0.099,  0.067
  0.091, -0.085,  0.067
  0.098, -0.092,  0.066
  0.096, -0.078,  0.066
  0.104, -0.084,  0.064
  0.101, -0.070,  0.065
  0.109, -0.076,  0.063
  0.105, -0.062,  0.064
  0.114, -0.067,  0.062
  0.109, -0.054,  0.063
  0.118, -0.058,  0.061
  0.113, -0.045,  0.062
  0.121, -0.049,  0.060
  0.115, -0.037,  0.061
  0.124, -0.039,  0.059
  0.117, -0.028,  0.061
  0.126, -0.030,  0.059
  0.119, -0.019,  0.060
  0.128, -0.020,  0.058
  0.120, -0.009,  0.060
  0.129, -0.010,  0.058
  0.120,  0.000,  0.067
  0.129,  0.000,  0.064
  0.120,  0.009,  0.067
  0.129,  0.010,  0.064
  0.119,  0.019,  0.067
  0.128,  0.020,  0.065
  0.117,  0.028,  0.068
  0.126,  0.030,  0.065
  0.115,  0.037,  0.068
  0.124,  0.039,  0.066
  0.113,  0.045,  0.069
  0.121,  0.049,  0.067
  0.109,  0.054,  0.070
  0.118,  0.058,  0.068
  0.105,  0.062,  0.071
  0.114,  0.067,  0.069
  0.101,  0.070,  0.072
  0.109,  0.076,  0.070
  0.096,  0.078,  0.073
  0.104,  0.084,  0.071
  0.091,  0.085,  0.075
  0.098,  0.092,  0.073
  0.085,  0.092,  0.077
  0.091,  0.099,  0.075
  0.079,  0.098,  0.078
  0.085,  0.106,  0.077
  0.072,  0.104,  0.080
  0.078,  0.112,  0.079
  0.065,  0.109,  0.082
  0.070,  0.118,  0.081
  0.058,  0.114,  0.084
  0.062,  0.123,  0.083
  0.050,  0.118,  0.086
  0.054,  0.127,  0.085
  0.042,  0.122,  0.088
  0.045,  0.131,  0.088
  0.034,  0.125,  0.091
  0.036,  0.134,  0.090
  0.026,  0.127,  0.093
  0.027,  0.137,  0.092
  0.017,  0.129,  0.095
  0.018,  0.139,  0.095
  0.009,  0.130,  0.098
  0.009,  0.140,  0.097
  0.000,  0.130,  0.100
  0.000,  0.140,  0.100
 -0.009,  0.130,  0.102
 -0.009,  0.140,  0.103
 -0.017,  0.129,  0.105
 -0.018,  0.139,  0.105
 -0.026,  0.127,  0.107
 -0.027,  0.137,  0.108
 -0.034,  0.125,  0.109
 -0.036,  0.134,  0.110
 -0.042,  0.122,  0.112
 -0.045,  0.131,  0.112
 -0.050,  0.118,  0.114
 -0.054,  0.127,  0.115
 -0.058,  0.114,  0.116
 -0.062,  0.123,  0.117
 -0.065,  0.109,  0.118
 -0.070,  0.118,  0.119
 -0.072,  0.104,  0.120
 -0.078,  0.112,  0.121
 -0.079,  0.098,  0.122
 -0.085,  0.106,  0.123
 -0.085,  0.092,  0.123
 -0.091,  0.099,  0.125
 -0.091,  0.085,  0.125
 -0.098,  0.092,  0.127
 -0.096,  0.078,  0.127
 -0.104,  0.084,  0.129
 -0.101,  0.070,  0.128
 -0.109,  0.076,  0.130
 -0.105,  0.062,  0.129
 -0.114,  0.067,  0.131
 -0.109,  0.054,  0.130
 -0.118,  0.058,  0.132
 -0.113,  0.045,  0.131
 -0.121,  0.049,  0.133
 -0.115,  0.037,  0.132
 -0.124,  0.039,  0.134
 -0.117,  0.028,  0.132
 -0.126,  0.030,  0.135
 -0.119,  0.019,  0.133
 -0.128,  0.020,  0.135
 -0.120,  0.009,  0.133
 -0.129,  0.010,  0.136
 -0.120,  0.000,  0.133
 -0.129,  0.000,  0.136
 -0.120, -0.009,  0.133
 -0.129, -0.010,  0.136
 -0.119, -0.019,  0.133
 -0.128, -0.020,  0.135
 -0.117, -0.028,  0.132
 -0.126, -0.030,  0.135
 -0.115, -0.037,  0.132
 -0.124, -0.039,  0.134
 -0.113, -0.045,  0.131
 -0.121, -0.049,  0.133
 -0.109, -0.054,  0.130
 -0.118, -0.058,  0.132
 -0.105, -0.062,  0.129
 -0.114, -0.067,  0.131
 -0.101, -0.070,  0.128
 -0.109, -0.076,  0.130
 -0.096, -0.078,  0.127
 -0.104, -0.084,  0.129
 -0.091, -0.085,  0.125
 -0.098, -0.092,  0.127
 -0.085, -0.092,  0.123
 -0.091, -0.099,  0.125
 -0.079, -0.098,  0.122
 -0.085, -0.106,  0.123
 -0.072, -0.104,  0.120
 -0.078, -0.112,  0.121
 -0.065, -0.109,  0.118
 -0.070, -0.118,  0.119
 -0.058, -0.114,  0.116
 -0.062, -0.123,  0.117
 -0.050, -0.118,  0.114
 -0.054, -0.127,  0.115
 -0.042, -0.122,  0.112
 -0.045, -0.131,  0.112
 -0.034, -0.125,  0.109
 -0.036, -0.134,  0.110
 -0.026, -0.127,  0.107
 -0.027, -0.137,  0.108
 -0.017, -0.129,  0.105
 -0.018, -0.139,  0.105
 -0.009, -0.130,  0.102
 -0.009, -0.140,  0.103
 -0.000, -0.130,  0.100
 -0.000, -0.140,  0.100
  0.009, -0.130,  0.098
  0.009, -0.140,  0.097
  0.017, -0.129,  0.095
  0.018, -0.139,  0.095
  0.026, -0.127,  0.093
  0.027, -0.137,  0.092
  0.034, -0.125,  0.091
  0.036, -0.134,  0.090
  0.042, -0.122,  0.088
  0.045, -0.131,  0.088
  0.050, -0.118,  0.086
  0.054, -0.127,  0.085
  0.058, -0.114,  0.084
  0.062, -0.123,  0.083
  0.065, -0.109,  0.082
  0.070, -0.118,  0.081
  0.072, -0.104,  0.080
  0.078, -0.112,  0.079
  0.079, -0.098,  0.078
  0.085, -0.106,  0.077
  0.085, -0.092,  0.077
  0.091, -0.099,  0.075
  0.091, -0.085,  0.075
  0.098, -0.092,  0.073
  0.096, -0.078,  0.073
  0.104, -0.084,  0.071
  0.101, -0.070,  0.072
  0.109, -0.076,  0.070
  0.105, -0.062,  0.071
  0.114, -0.067,  0.069
  0.109, -0.054,  0.070
  0.118, -0.058,  0.068
  0.113, -0.045,  0.069
  0.121, -0.049,  0.067
  0.115, -0.037,  0.068
  0.124, -0.039,  0.066
  0.117, -0.028,  0.068
  0.126, -0.030,  0.065
  0.119, -0.019,  0.067
  0.128, -0.020,  0.065
  0.120, -0.009,  0.067
  0.129, -0.010,  0.064
  0.120,  0.000,  0.074
  0.129,  0.000,  0.071
  0.120,  0.009,  0.074
  0.129,  0.010,  0.071
  0.119,  0.019,  0.074
  0.128,  0.020,  0.071
  0.117,  0.028,  0.074
  0.126,  0.030,  0.072
  0.115,  0.037,  0.075
  0.124,  0.039,  0.072
  0.113,  0.045,  0.076
  0.121,  0.049,  0.073
  0.109,  0.054,  0.077
  0.118,  0.058,  0.074
  0.105,  0.062,  0.078
  0.114,  0.067,  0.076
  0.101,  0.070,  0.079
  0.109,  0.076,  0.077
  0.096,  0.078,  0.081
  0.104,  0.084,  0.079
  0.091,  0.085,  0.082
  0.098,  0.092,  0.080
  0.085,  0.092,  0.084
  0.091,  0.099,  0.082
  0.079,  0.098,  0.086
  0.085,  0.106,  0.084
  0.072,  0.104,  0.088
  0.078,  0.112,  0.086
  0.065,  0.109,  0.090
  0.070,  0.118,  0.089
  0.058,  0.114,  0.093
  0.062,  0.123,  0.091
  0.050,  0.118,  0.095
  0.054,  0.127,  0.094
  0.042,  0.122,  0.097
  0.045,  0.131,  0.096
  0.034,  0.125,  0.100
  0.036,  0.134,  0.099
  0.026,  0.127,  0.102
  0.027,  0.137,  0.102
  0.017,  0.129,  0.105
  0.018,  0.139,  0.104
  0.009,  0.130,  0.107
  0.009,  0.140,  0.107
  0.000,  0.130,  0.110
  0.000,  0.140,  0.110
 -0.009,  0.130,  0.113
 -0.009,  0.140,  0.113
 -0.017,  0.129,  0.115
 -0.018,  0.139,  0.116
 -0.026,  0.127,  0.118
 -0.027,  0.137,  0.118
 -0.034,  0.125,  0.120
 -0.036,  0.134,  0.121
 -0.042,  0.122,  0.123
 -0.045,  0.131,  0.124
 -0.050,  0.118,  0.125
 -0.054,  0.127,  0.126
 -0.058,  0.114,  0.127
 -0.062,  0.123,  0.129
 -0.065,  0.109,  0.130
 -0.070,  0.118,  0.131
 -0.072,  0.104,  0.132
 -0.078,  0.112,  0.134
 -0.079,  0.098,  0.134
 -0.085,  0.106,  0.136
 -0.085,  0.092,  0.136
 -0.091,  0.099,  0.138
 -0.091,  0.085,  0.138
 -0.098,  0.092,  0.140
 -0.096,  0.078,  0.139
 -0.104,  0.084,  0.141
 -0.101,  0.070,  0.141
 -0.109,  0.076,  0.143
 -0.105,  0.062,  0.142
 -0.114,  0.067,  0.144
 -0.109,  0.054,  0.143
 -0.118,  0.058,  0.146
 -0.113,  0.045,  0.144
 -0.121,  0.049,  0.147
 -0.115,  0.037,  0.145
 -0.124,  0.039,  0.148
 -0.117,  0.028,  0.146
 -0.126,  0.030,  0.148
 -0.119,  0.019,  0.146
 -0.128,  0.020,  0.149
 -0.120,  0.009,  0.146
 -0.129,  0.010,  0.149
 -0.120,  0.000,  0.146
 -0.129,  0.000,  0.149
 -0.120, -0.009,  0.146
 -0.129, -0.010,  0.149
 -0.119, -0.019,  0.146
 -0.128, -0.020,  0.149
 -0.117, -0.028,  0.146
 -0.126, -0.030,  0.148
 -0.115, -0.037,  0.145
 -0.124, -0.039,  0.148
 -0.113, -0.045,  0.144
 -0.121, -0.049,  0.147
 -0.109, -0.054,  0.143
 -0.118, -0.058,  0.146
 -0.105, -0.062,  0.142
 -0.114, -0.067,  0.144
 -0.101, -0.070,  0.141
 -0.109, -0.076,  0.143
 -0.096, -0.078,  0.139
 -0.104, -0.084,  0.141
 -0.091, -0.085,  0.138
 -0.098, -0.092,  0.140
 -0.085, -0.092,  0.136
 -0.091, -0.099,  0.138
 -0.079, -0.098,  0.134
 -0.085, -0.106,  0.136
 -0.072, -0.104,  0.132
 -0.078, -0.112,  0.134
 -0.065, -0.109,  0.130
 -0.070, -0.118,  0.131
 -0.058, -0.114,  0.127
 -0.062, -0.123,  0.129
 -0.050, -0.118,  0.125
 -0.054, -0.127,  0.126
 -0.042, -0.122,  0.123
 -0.045, -0.131,  0.124
 -0.034, -0.125,  0.120
 -0.036, -0.134,  0.121
 -0.026, -0.127,  0.118
 -0.027, -0.137,  0.118
 -0.017, -0.129,  0.115
 -0.018, -0.139,  0.116
 -0.009, -0.130,  0.113
 -0.009, -0.140,  0.113
 -0.000, -0.130,  0.110
 -0.000, -0.140,  0.110
  0.009, -0.130,  0.107
  0.009, -0.140,  0.107
  0.017, -0.129,  0.105
  0.018, -0.139,  0.104
  0.026, -0.127,  0.102
  0.027, -0.137,  0.102
  0.034, -0.125,  0.100
  0.036, -0.134,  0.099
  0.042, -0.122,  0.097
  0.045, -0.131,  0.096
  0.050, -0.118,  0.095
  0.054, -0.127,  0.094
  0.058, -0.114,  0.093
  0.062, -0.123,  0.091
  0.065, -0.109,  0.090
  0.070, -0.118,  0.089
  0.072, -0.104,  0.088
  0.078, -0.112,  0.086
  0.079, -0.098,  0.086
  0.085, -0.106,  0.084
  0.085, -0.092,  0.084
  0.091, -0.099,  0.082
  0.091, -0.085,  0.082
  0.098, -0.092,  0.080
  0.096, -0.078,  0.081
  0.104, -0.084,  0.079
  0.101, -0.070,  0.079
  0.109, -0.076,  0.077
  0.105, -0.062,  0.078
  0.114, -0.067,  0.076
  0.109, -0.054,  0.077
  0.118, -0.058,  0.074
  0.113, -0.045,  0.076
  0.121, -0.049,  0.073
  0.115, -0.037,  0.075
  0.124, -0.039,  0.072
  0.117, -0.028,  0.074
  0.126, -0.030,  0.072
  0.119, -0.019,  0.074
  0.128, -0.020,  0.071
  0.120, -0.009,  0.074
  0.129, -0.010,  0.071
  0.120,  0.000,  0.080
  0.129,  0.000,  0.077
  0.120,  0.009,  0.080
  0.129,  0.010,  0.077
  0.119,  0.019,  0.081
  0.128,  0.020,  0.078
  0.117,  0.028,  0.081
  0.126,  0.030,  0.078
  0.115,  0.037,  0.082
  0.124,  0.039,  0.079
  0.113,  0.045,  0.083
  0.121,  0.049,  0.080
  0.109,  0.054,  0.084
  0.118,  0.058,  0.081
  0.105,  0.062,  0.085
  0.114,  0.067,  0.082
  0.101,  0.070,  0.087
  0.109,  0.076,  0.084
  0.096,  0.078,  0.088
  0.104,  0.084,  0.086
  0.091,  0.085,  0.090
  0.098,  0.092,  0.088
  0.085,  0.092,  0.092
  0.091,  0.099,  0.090
  0.079,  0.098,  0.094
  0.085,  0.106,  0.092
  0.072,  0.104,  0.096
  0.078,  0.112,  0.094
  0.065,  0.109,  0.098
  0.070,  0.118,  0.097
  0.058,  0.114,  0.101
  0.062,  0.123,  0.099
  0.050,  0.118,  0.103
  0.054,  0.127,  0.102
  0.042,  0.122,  0.106
  0.045,  0.131,  0.105
  0.034,  0.125,  0.109
  0.036,  0.134,  0.108
  0.026,  0.127,  0.112
  0.027,  0.137,  0.111
  0.017,  0.129,  0.114
  0.018,  0.139,  0.114
  0.009,  0.130,  0.117
  0.009,  0.140,  0.117
  0.000,  0.130,  0.120
  0.000,  0.140,  0.120
 -0.009,  0.130,  0.123
 -0.009,  0.140,  0.123
 -0.017,  0.129,  0.126
 -0.018,  0.139,  0.126
 -0.026,  0.127,  0.128
 -0.027,  0.137,  0.129
 -0.034,  0.125,  0.131
 -0.036,  0.134,  0.132
 -0.042,  0.122,  0.134
 -0.045,  0.131,  0.135
 -0.050,  0.118,  0.137
 -0.054,  0.127,  0.138
 -0.058,  0.114,  0.139
 -0.062,  0.123,  0.141
 -0.065,  0.109,  0.142
 -0.070,  0.118,  0.143
 -0.072,  0.104,  0.144
 -0.078,  0.112,  0.146
 -0.079,  0.098,  0.146
 -0.085,  0.106,  0.148
 -0.085,  0.092,  0.148
 -0.091,  0.099,  0.150
 -0.091,  0.085,  0.150
 -0.098,  0.092,  0.152
 -0.096,  0.078,  0.152
 -0.104,  0.084,  0.154
 -0.101,  0.070,  0.153
 -0.109,  0.076,  0.156
 -0.105,  0.062,  0.155
 -0.114,  0.067,  0.158
 -0.109,  0.054,  0.156
 -0.118,  0.058,  0.159
 -0.113,  0.045,  0.157
 -0.121,  0.049,  0.160
 -0.115,  0.037,  0.158
 -0.124,  0.039,  0.161
 -0.117,  0.028,  0.159
 -0.126,  0.030,  0.162
 -0.119,  0.019,  0.159
 -0.128,  0.020,  0.162
 -0.120,  0.009,  0.160
 -0.129,  0.010,  0.163
 -0.120,  0.000,  0.160
 -0.129,  0.000,  0.163
 -0.120, -0.009,  0.160
 -0.129, -0.010,  0.163
 -0.119, -0.019,  0.159
 -0.128, -0.020,  0.162
 -0.117, -0.028,  0.159
 -0.126, -0.030,  0.162
 -0.115, -0.037,  0.158
 -0.124, -0.039,  0.161
 -0.113, -0.045,  0.157
 -0.121, -0.049,  0.160
 -0.109, -0.054,  0.156
 -0.118, -0.058,  0.159
 -0.105, -0.062,  0.155
 -0.114, -0.067,  0.158
 -0.101, -0.070,  0.153
 -0.109, -0.076,  0.156
 -0.096, -0.078,  0.152
 -0.104, -0.084,  0.154
 -0.091, -0.085,  0.150
 -0.098, -0.092,  0.152
 -0.085, -0.092,  0.148
 -0.091, -0.099,  0.150
 -0.079, -0.098,  0.146
 -0.085, -0.106,  0.148
 -0.072, -0.104,  0.144
 -0.078, -0.112,  0.146
 -0.065, -0.109,  0.142
 -0.070, -0.118,  0.143
 -0.058, -0.114,  0.139
 -0.062, -0.123,  0.141
 -0.050, -0.118,  0.137
 -0.054, -0.127,  0.138
 -0.042, -0.122,  0.134
 -0.045, -0.131,  0.135
 -0.034, -0.125,  0.131
 -0.036, -0.134,  0.132
 -0.026, -0.127,  0.128
 -0.027, -0.137,  0.129
 -0.017, -0.129,  0.126
 -0.018, -0.139,  0.126
 -0.009, -0.130,  0.123
 -0.009, -0.140,  0.123
 -0.000, -0.130,  0.120
 -0.000, -0.140,  0.120
  0.009, -0.130,  0.117
  0.009, -0.140,  0.117
  0.017, -0.129,  0.114
  0.018, -0.139,  0.114
  0.026, -0.127,  0.112
  0.027, -0.137,  0.111
  0.034, -0.125,  0.109
  0.036, -0.134,  0.108
  0.042, -0.122,  0.106
  0.045, -0.131,  0.105
  0.050, -0.118,  0.103
  0.054, -0.127,  0.102
  0.058, -0.114,  0.101
  0.062, -0.123,  0.099
  0.065, -0.109,  0.098
  0.070, -0.118,  0.097
  0.072, -0.104,  0.096
  0.078, -0.112,  0.094
  0.079, -0.098,  0.094
  0.085, -0.106,  0.092
  0.085, -0.092,  0.092
  0.091, -0.099,  0.090
  0.091, -0.085,  0.090
  0.098, -0.092,  0.088
  0.096, -0.078,  0.088
  0.104, -0.084,  0.086
  0.101, -0.070,  0.087
  0.109, -0.076,  0.084
  0.105, -0.062,  0.085
  0.114, -0.067,  0.082
  0.109, -0.054,  0.084
  0.118, -0.058,  0.081
  0.113, -0.045,  0.083
  0.121, -0.049,  0.080
  0.115, -0.037,  0.082
  0.124, -0.039,  0.079
  0.117, -0.028,  0.081
  0.126, -0.030,  0.078
  0.119, -0.019,  0.081
  0.128, -0.020,  0.078
  0.120, -0.009,  0.080
  0.129, -0.010,  0.077
  0.120,  0.000,  0.087
  0.129,  0.000,  0.084
  0.120,  0.009,  0.087
  0.129,  0.010,  0.084
  0.119,  0.019,  0.087
  0.128,  0.020,  0.084
  0.117,  0.028,  0.088
  0.126,  0.030,  0.085
  0.115,  0.037,  0.089
  0.124,  0.039,  0.085
  0.113,  0.045,  0.090
  0.121,  0.049,  0.086
  0.109,  0.054,  0.091
  0.118,  0.058,  0.088
  0.105,  0.062,  0.092
  0.114,  0.067,  0.089
  0.101,  0.070,  0.094
  0.109,  0.076,  0.091
  0.096,  0.078,  0.095
  0.104,  0.084,  0.093
  0.091,  0.085,  0.097
  0.098,  0.092,  0.095
  0.085,  0.092,  0.100
  0.091,  0.099,  0.097
  0.079,  0.098,  0.102
  0.085,  0.106,  0.100
  0.072,  0.104,  0.104
  0.078,  0.112,  0.102
  0.065,  0.109,  0.107
  0.070,  0.118,  0.105
  0.058,  0.114,  0.109
  0.062,  0.123,  0.108
  0.050,  0.118,  0.112
  0.054,  0.127,  0.111
  0.042,  0.122,  0.115
  0.045,  0.131,  0.114
  0.034,  0.125,  0.118
  0.036,  0.134,  0.117
  0.026,  0.127,  0.121
  0.027,  0.137,  0.120
  0.017,  0.129,  0.124
  0.018,  0.139,  0.123
  0.009,  0.130,  0.127
  0.009,  0.140,  0.127
  0.000,  0.130,  0.130
  0.000,  0.140,  0.130
 -0.009,  0.130,  0.133
 -0.009,  0.140,  0.133
 -0.017,  0.129,  0.136
 -0.018,  0.139,  0.137
 -0.026,  0.127,  0.139
 -0.027,  0.137,  0.140
 -0.034,  0.125,  0.142
 -0.036,  0.134,  0.143
 -0.042,  0.122,  0.145
 -0.045,  0.131,  0.146
 -0.050,  0.118,  0.148
 -0.054,  0.127,  0.149
 -0.058,  0.114,  0.151
 -0.062,  0.123,  0.152
 -0.065,  0.109,  0.153
 -0.070,  0.118,  0.155
 -0.072,  0.104,  0.156
 -0.078,  0.112,  0.158
 -0.079,  0.098,  0.158
 -0.085,  0.106,  0.160
 -0.085,  0.092,  0.160
 -0.091,  0.099,  0.163
 -0.091,  0.085,  0.163
 -0.098,  0.092,  0.165
 -0.096,  0.078,  0.165
 -0.104,  0.084,  0.167
 -0.101,  0.070,  0.166
 -0.109,  0.076,  0.169
 -0.105,  0.062,  0.168
 -0.114,  0.067,  0.171
 -0.109,  0.054,  0.169
 -0.118,  0.058,  0.172
 -0.113,  0.045,  0.170
 -0.121,  0.049,  0.174
 -0.115,  0.037,  0.171
 -0.124,  0.039,  0.175
 -0.117,  0.028,  0.172
 -0.126,  0.030,  0.175
 -0.119,  0.019,  0.173
 -0.128,  0.020,  0.176
 -0.120,  0.009,  0.173
 -0.129,  0.010,  0.176
 -0.120,  0.000,  0.173
 -0.129,  0.000,  0.176
 -0.120, -0.009,  0.173
 -0.129, -0.010,  0.176
 -0.119, -0.019,  0.173
 -0.128, -0.020,  0.176
 -0.117, -0.028,  0.172
 -0.126, -0.030,  0.175
 -0.115, -0.037,  0.171
 -0.124, -0.039,  0.175
 -0.113, -0.045,  0.170
 -0.121, -0.049,  0.174
 -0.109, -0.054,  0.169
 -0.118, -0.058,  0.172
 -0.105, -0.062,  0.168
 -0.114, -0.067,  0.171
 -0.101, -0.070,  0.166
 -0.109, -0.076,  0.169
 -0.096, -0.078,  0.165
 -0.104, -0.084,  0.167
 -0.091, -0.085,  0.163
 -0.098, -0.092,  0.165
 -0.085, -0.092,  0.160
 -0.091, -0.099,  0.163
 -0.079, -0.098,  0.158
 -0.085, -0.106,  0.160
 -0.072, -0.104,  0.156
 -0.078, -0.112,  0.158
 -0.065, -0.109,  0.153
 -0.070, -0.118,  0.155
 -0.058, -0.114,  0.151
 -0.062, -0.123,  0.152
 -0.050, -0.118,  0.148
 -0.054, -0.127,  0.149
 -0.042, -0.122,  0.145
 -0.045, -0.131,  0.146
 -0.034, -0.125,  0.142
 -0.036, -0.134,  0.143
 -0.026, -0.127,  0.139
 -0.027, -0.137,  0.140
 -0.017, -0.129,  0.136
 -0.018, -0.139,  0.137
 -0.009, -0.130,  0.133
 -0.009, -0.140,  0.133
 -0.000, -0.130,  0.130
 -0.000, -0.140,  0.130
  0.009, -0.130,  0.127
  0.009, -0.140,  0.127
  0.017, -0.129,  0.124
  0.018, -0.139,  0.123
  0.026, -0.127,  0.121
  0.027, -0.137,  0.120
  0.034, -0.125,  0.118
  0.036, -0.134,  0.117
  0.042, -0.122,  0.115
  0.045, -0.131,  0.114
  0.050, -0.118,  0.112
  0.054, -0.127,  0.111
  0.058, -0.114,  0.109
  0.062, -0.123,  0.108
  0.065, -0.109,  0.107
  0.070, -0.118,  0.105
  0.072, -0.104,  0.104
  0.078, -0.112,  0.102
  0.079, -0.098,  0.102
  0.085, -0.106,  0.100
  0.085, -0.092,  0.100
  0.091, -0.099,  0.097
  0.091, -0.085,  0.097
  0.098, -0.092,  0.095
  0.096, -0.078,  0.095
  0.104, -0.084,  0.093
  0.101, -0.070,  0.094
  0.109, -0.076,  0.091
  0.105, -0.062,  0.092
  0.114, -0.067,  0.089
  0.109, -0.054,  0.091
  0.118, -0.058,  0.088
  0.113, -0.045,  0.090
  0.121, -0.049,  0.086
  0.115, -0.037,  0.089
  0.124, -0.039,  0.085
  0.117, -0.028,  0.088
  0.126, -0.030,  0.085
  0.119, -0.019,  0.087
  0.128, -0.020,  0.084
  0.120, -0.009,  0.087
  0.129, -0.010,  0.084
  0.120,  0.000,  0.094
  0.129,  0.000,  0.090
  0.120,  0.009,  0.094
  0.129,  0.010,  0.090
  0.119,  0.019,  0.094
  0.128,  0.020,  0.091
  0.117,  0.028,  0.095
  0.126,  0.030,  0.091
  0.115,  0.037,  0.095
  0.124,  0.039,  0.092
  0.113,  0.045,  0.096
  0.121,  0.049,  0.093
  0.109,  0.054,  0.098
  0.118,  0.058,  0.095
  0.105,  0.062,  0.099
  0.114,  0.067,  0.096
  0.101,  0.070,  0.101
  0.109,  0.076,  0.098
  0.096,  0.078,  0.103
  0.104,  0.084,  0.100
  0.091,  0.085,  0.105
  0.098,  0.092,  0.102
  0.085,  0.092,  0.107
  0.091,  0.099,  0.105
  0.079,  0.098,  0.110
  0.085,  0.106,  0.107
  0.072,  0.104,  0.112
  0.078,  0.112,  0.110
  0.065,  0.109,  0.115
  0.070,  0.118,  0.113
  0.058,  0.114,  0.118
  0.062,  0.123,  0.116
  0.050,  0.118,  0.121
  0.054,  0.127,  0.119
  0.042,  0.122,  0.124
  0.045,  0.131,  0.123
  0.034,  0.125,  0.127
  0.036,  0.134,  0.126
  0.026,  0.127,  0.130
  0.027,  0.137,  0.129
  0.017,  0.129,  0.133
  0.018,  0.139,  0.133
  0.009,  0.130,  0.137
  0.009,  0.140,  0.136
  0.000,  0.130,  0.140
  0.000,  0.140,  0.140
 -0.009,  0.130,  0.143
 -0.009,  0.140,  0.144
 -0.017,  0.129,  0.147
 -0.018,  0.139,  0.147
 -0.026,  0.127,  0.150
 -0.027,  0.137,  0.151
 -0.034,  0.125,  0.153
 -0.036,  0.134,  0.154
 -0.042,  0.122,  0.156
 -0.045,  0.131,  0.157
 -0.050,  0.118,  0.159
 -0.054,  0.127,  0.161
 -0.058,  0.114,  0.162
 -0.062,  0.123,  0.164
 -0.065,  0.109,  0.165
 -0.070,  0.118,  0.167
 -0.072,  0.104,  0.168
 -0.078,  0.112,  0.170
 -0.079,  0.098,  0.170
 -0.085,  0.106,  0.173
 -0.085,  0.092,  0.173
 -0.091,  0.099,  0.175
 -0.091,  0.085,  0.175
 -0.098,  0.092,  0.178
 -0.096,  0.078,  0.177
 -0.104,  0.084,  0.180
 -0.101,  0.070,  0.179
 -0.109,  0.076,  0.182
 -0.105,  0.062,  0.181
 -0.114,  0.067,  0.184
 -0.109,  0.054,  0.182
 -0.118,  0.058,  0.185
 -0.113,  0.045,  0.184
 -0.121,  0.049,  0.187
 -0.115,  0.037,  0.185
 -0.124,  0.039,  0.188
 -0.117,  0.028,  0.185
 -0.126,  0.030,  0.189
 -0.119,  0.019,  0.186
 -0.128,  0.020,  0.189
 -0.120,  0.009,  0.186
 -0.129,  0.010,  0.190
 -0.120,  0.000,  0.186
 -0.129,  0.000,  0.190
 -0.120, -0.009,  0.186
 -0.129, -0.010,  0.190
 -0.119, -0.019,  0.186
 -0.128, -0.020,  0.189
 -0.117, -0.028,  0.185
 -0.126, -0.030,  0.189
 -0.115, -0.037,  0.185
 -0.124, -0.039,  0.188
 -0.113, -0.045,  0.184
 -0.121, -0.049,  0.187
 -0.109, -0.054,  0.182
 -0.118, -0.058,  0.185
 -0.105, -0.062,  0.181
 -0.114, -0.067,  0.184
 -0.101, -0.070,  0.179
 -0.109, -0.076,  0.182
 -0.096, -0.078,  0.177
 -0.104, -0.084,  0.180
 -0.091, -0.085,  0.175
 -0.098, -0.092,  0.178
 -0.085, -0.092,  0.173
 -0.091, -0.099,  0.175
 -0.079, -0.098,  0.170
 -0.085, -0.106,  0.173
 -0.072, -0.104,  0.168
 -0.078, -0.112,  0.170
 -0.065, -0.109,  0.165
 -0.070, -0.118,  0.167
 -0.058, -0.114,  0.162
 -0.062, -0.123,  0.164
 -0.050, -0.118,  0.159
 -0.054, -0.127,  0.161
 -0.042, -0.122,  0.156
 -0.045, -0.131,  0.157
 -0.034, -0.125,  0.153
 -0.036, -0.134,  0.154
 -0.026, -0.127,  0.150
 -0.027, -0.137,  0.151
 -0.017, -0.129,  0.147
 -0.018, -0.139,  0.147
 -0.009, -0.130,  0.143
 -0.009, -0.140,  0.144
 -0.000, -0.130,  0.140
 -0.000, -0.140,  0.140
  0.009, -0.130,  0.137
  0.009, -0.140,  0.136
  0.017, -0.129,  0.133
  0.018, -0.139,  0.133
  0.026, -0.127,  0.130
  0.027, -0.137,  0.129
  0.034, -0.125,  0.127
  0.036, -0.134,  0.126
  0.042, -0.122,  0.124
  0.045, -0.131,  0.123
  0.050, -0.118,  0.121
  0.054, -0.127,  0.119
  0.058, -0.114,  0.118
  0.062, -0.123,  0.116
  0.065, -0.109,  0.115
  0.070, -0.118,  0.113
  0.072, -0.104,  0.112
  0.078, -0.112,  0.110
  0.079, -0.098,  0.110
  0.085, -0.106,  0.107
  0.085, -0.092,  0.107
  0.091, -0.099,  0.105
  0.091, -0.085,  0.105
  0.098, -0.092,  0.102
  0.096, -0.078,  0.103
  0.104, -0.084,  0.100
  0.101, -0.070,  0.101
  0.109, -0.076,  0.098
  0.105, -0.062,  0.099
  0.114, -0.067,  0.096
  0.109, -0.054,  0.098
  0.118, -0.058,  0.095
  0.113, -0.045,  0.096
  0.121, -0.049,  0.093
  0.115, -0.037,  0.095
  0.124, -0.039,  0.092
  0.117, -0.028,  0.095
  0.126, -0.030,  0.091
  0.119, -0.019,  0.094
  0.128, -0.020,  0.091
  0.120, -0.009,  0.094
  0.129, -0.010,  0.090
  0.120,  0.000,  0.100
  0.129,  0.000,  0.096
  0.120,  0.009,  0.100
  0.129,  0.010,  0.097
  0.119,  0.019,  0.101
  0.128,  0.020,  0.097
  0.117,  0.028,  0.101
  0.126,  0.030,  0.098
  0.115,  0.037,  0.102
  0.124,  0.039,  0.099
  0.113,  0.045,  0.103
  0.121,  0.049,  0.100
  0.109,  0.054,  0.105
  0.118,  0.058,  0.101
  0.105,  0.062,  0.106
  0.114,  0.067,  0.103
  0.101,  0.070,  0.108
  0.109,  0.076,  0.105
  0.096,  0.078,  0.110
  0.104,  0.084,  0.107
  0.091,  0.085,  0.112
  0.098,  0.092,  0.110
  0.085,  0.092,  0.115
  0.091,  0.099,  0.112
  0.079,  0.098,  0.117
  0.085,  0.106,  0.115
  0.072,  0.104,  0.120
  0.078,  0.112,  0.118
  0.065,  0.109,  0.123
  0.070,  0.118,  0.121
  0.058,  0.114,  0.126
  0.062,  0.123,  0.124
  0.050,  0.118,  0.129
  0.054,  0.127,  0.128
  0.042,  0.122,  0.133
  0.045,  0.131,  0.131
  0.034,  0.125,  0.136
  0.036,  0.134,  0.135
  0.026,  0.127,  0.139
  0.027,  0.137,  0.139
  0.017,  0.129,  0.143
  0.018,  0.139,  0.142
  0.009,  0.130,  0.146
  0.009,  0.140,  0.146
  0.000,  0.130,  0.150
  0.000,  0.140,  0.150
 -0.009,  0.130,  0.154
 -0.009,  0.140,  0.154
 -0.017,  0.129,  0.157
 -0.018,  0.139,  0.158
 -0.026,  0.127,  0.161
 -0.027,  0.137,  0.161
 -0.034,  0.125,  0.164
 -0.036,  0.134,  0.165
 -0.042,  0.122,  0.167
 -0.045,  0.131,  0.169
 -0.050,  0.118,  0.171
 -0.054,  0.127,  0.172
 -0.058,  0.114,  0.174
 -0.062,  0.123,  0.176
 -0.065,  0.109,  0.177
 -0.070,  0.118,  0.179
 -0.072,  0.104,  0.180
 -0.078,  0.112,  0.182
 -0.079,  0.098,  0.183
 -0.085,  0.106,  0.185
 -0.085,  0.092,  0.185
 -0.091,  0.099,  0.188
 -0.091,  0.085,  0.188
 -0.098,  0.092,  0.190
 -0.096,  0.078,  0.190
 -0.104,  0.084,  0.193
 -0.101,  0.070,  0.192
 -0.109,  0.076,  0.195
 -0.105,  0.062,  0.194
 -0.114,  0.067,  0.197
 -0.109,  0.054,  0.195
 -0.118,  0.058,  0.199
 -0.113,  0.045,  0.197
 -0.121,  0.049,  0.200
 -0.115,  0.037,  0.198
 -0.124,  0.039,  0.201
 -0.117,  0.028,  0.199
 -0.126,  0.030,  0.202
 -0.119,  0.019,  0.199
 -0.128,  0.020,  0.203
 -0.120,  0.009,  0.200
 -0.129,  0.010,  0.203
 -0.120,  0.000,  0.200
 -0.129,  0.000,  0.204
 -0.120, -0.009,  0.200
 -0.129, -0.010,  0.203
 -0.119, -0.019,  0.199
 -0.128, -0.020,  0.203
 -0.117, -0.028,  0.199
 -0.126, -0.030,  0.202
 -0.115, -0.037,  0.198
 -0.124, -0.039,  0.201
 -0.113, -0.045,  0.197
 -0.121, -0.049,  0.200
 -0.109, -0.054,  0.195
 -0.118, -0.058,  0.199
 -0.105, -0.062,  0.194
 -0.114, -0.067,  0.197
 -0.101, -0.070,  0.192
 -0.109, -0.076,  0.195
 -0.096, -0.078,  0.190
 -0.104, -0.084,  0.193
 -0.091, -0.085,  0.188
 -0.098, -0.092,  0.190
 -0.085, -0.092,  0.185
 -0.091, -0.099,  0.188
 -0.079, -0.098,  0.183
 -0.085, -0.106,  0.185
 -0.072, -0.104,  0.180
 -0.078, -0.112,  0.182
 -0.065, -0.109,  0.177
 -0.070, -0.118,  0.179
 -0.058, -0.114,  0.174
 -0.062, -0.123,  0.176
 -0.050, -0.118,  0.171
 -0.054, -0.127,  0.172
 -0.042, -0.122,  0.167
 -0.045, -0.131,  0.169
 -0.034, -0.125,  0.164
 -0.036, -0.134,  0.165
 -0.026, -0.127,  0.161
 -0.027, -0.137,  0.161
 -0.017, -0.129,  0.157
 -0.018, -0.139,  0.158
 -0.009, -0.130,  0.154
 -0.009, -0.140,  0.154
 -0.000, -0.130,  0.150
 -0.000, -0.140,  0.150
  0.009, -0.130,  0.146
  0.009, -0.140,  0.146
  0.017, -0.129,  0.143
  0.018, -0.139,  0.142
  0.026, -0.127,  0.139
  0.027, -0.137,  0.139
  0.034, -0.125,  0.136
  0.036, -0.134,  0.135
  0.042, -0.122,  0.133
  0.045, -0.131,  0.131
  0.050, -0.118,  0.129
  0.054, -0.127,  0.128
  0.058, -0.114,  0.126
  0.062, -0.123,  0.124
  0.065, -0.109,  0.123
  0.070, -0.118,  0.121
  0.072, -0.104,  0.120
  0.078, -0.112,  0.118
  0.079, -0.098,  0.117
  0.085, -0.106,  0.115
  0.085, -0.092,  0.115
  0.091, -0.099,  0.112
  0.091, -0.085,  0.112
  0.098, -0.092,  0.110
  0.096, -0.078,  0.110
  0.104, -0.084,  0.107
  0.101, -0.070,  0.108
  0.109, -0.076,  0.105
  0.105, -0.062,  0.106
  0.114, -0.067,  0.103
  0.109, -0.054,  0.105
  0.118, -0.058,  0.101
  0.113, -0.045,  0.103
  0.121, -0.049,  0.100
  0.115, -0.037,  0.102
  0.124, -0.039,  0.099
  0.117, -0.028,  0.101
  0.126, -0.030,  0.098
  0.119, -0.019,  0.101
  0.128, -0.020,  0.097
  0.120, -0.009,  0.100
  0.129, -0.010,  0.097
  0.134,  0.000,  0.101
  0.125,  0.000,  0.105
  0.134, -0.010,  0.101
  0.125, -0.009,  0.105
  0.133, -0.020,  0.102
  0.124, -0.019,  0.106
  0.131, -0.030,  0.102
  0.122, -0.028,  0.106
  0.129, -0.039,  0.103
  0.120, -0.037,  0.107
  0.126, -0.049,  0.105
  0.117, -0.045,  0.108
  0.122, -0.058,  0.106
  0.114, -0.054,  0.110
  0.118, -0.067,  0.108
  0.110, -0.062,  0.111
  0.114, -0.076,  0.110
  0.106, -0.070,  0.113
  0.109, -0.084,  0.112
  0.101, -0.078,  0.115
  0.103, -0.092,  0.115
  0.096, -0.085,  0.118
  0.097, -0.099,  0.117
  0.090, -0.092,  0.120
  0.090, -0.106,  0.120
  0.084, -0.098,  0.123
  0.083, -0.112,  0.123
  0.078, -0.104,  0.126
  0.076, -0.118,  0.127
  0.071, -0.109,  0.129
  0.068, -0.123,  0.130
  0.064, -0.114,  0.132
  0.060, -0.127,  0.134
  0.056, -0.118,  0.135
  0.051, -0.131,  0.137
  0.048, -0.122,  0.139
  0.043, -0.134,  0.141
  0.040, -0.125,  0.142
  0.034, -0.137,  0.145
  0.032, -0.127,  0.146
  0.025, -0.139,  0.149
  0.024, -0.129,  0.150
  0.016, -0.140,  0.153
  0.015, -0.130,  0.153
  0.007, -0.140,  0.157
  0.007, -0.130,  0.157
 -0.002, -0.140,  0.161
 -0.001, -0.130,  0.161
 -0.011, -0.139,  0.165
 -0.010, -0.129,  0.164
 -0.020, -0.137,  0.169
 -0.018, -0.127,  0.168
 -0.029, -0.134,  0.173
 -0.026, -0.125,  0.172
 -0.037, -0.131,  0.177
 -0.034, -0.122,  0.175
 -0.046, -0.127,  0.180
 -0.042, -0.118,  0.179
 -0.054, -0.123,  0.184
 -0.049, -0.114,  0.182
 -0.061, -0.118,  0.187
 -0.057, -0.109,  0.185
 -0.069, -0.112,  0.191
 -0.063, -0.104,  0.188
 -0.076, -0.106,  0.194
 -0.070, -0.098,  0.191
 -0.083, -0.099,  0.197
 -0.076, -0.092,  0.194
 -0.089, -0.092,  0.199
 -0.082, -0.085,  0.196
 -0.094, -0.084,  0.202
 -0.087, -0.078,  0.199
 -0.100, -0.076,  0.204
 -0.092, -0.070,  0.201
 -0.104, -0.067,  0.206
 -0.096, -0.062,  0.203
 -0.108, -0.058,  0.208
 -0.100, -0.054,  0.204
 -0.112, -0.049,  0.210
 -0.103, -0.045,  0.206
 -0.115, -0.039,  0.211
 -0.106, -0.037,  0.207
 -0.117, -0.030,  0.212
 -0.108, -0.028,  0.208
 -0.118, -0.020,  0.213
 -0.109, -0.019,  0.209
 -0.119, -0.010,  0.213
 -0.110, -0.009,  0.209
 -0.120, -0.000,  0.213
 -0.111, -0.000,  0.209
 -0.119,  0.010,  0.213
 -0.110,  0.009,  0.209
 -0.118,  0.020,  0.213
 -0.109,  0.019,  0.209
 -0.117,  0.030,  0.212
 -0.108,  0.028,  0.208
 -0.115,  0.039,  0.211
 -0.106,  0.037,  0.207
 -0.112,  0.049,  0.210
 -0.103,  0.045,  0.206
 -0.108,  0.058,  0.208
 -0.100,  0.054,  0.204
 -0.104,  0.067,  0.206
 -0.096,  0.062,  0.203
 -0.100,  0.076,  0.204
 -0.092,  0.070,  0.201
 -0.094,  0.084,  0.202
 -0.087,  0.078,  0.199
 -0.089,  0.092,  0.199
 -0.082,  0.085,  0.196
 -0.083,  0.099,  0.197
 -0.076,  0.092,  0.194
 -0.076,  0.106,  0.194
 -0.070,  0.098,  0.191
 -0.069,  0.112,  0.191
 -0.063,  0.104,  0.188
 -0.061,  0.118,  0.187
 -0.057,  0.109,  0.185
 -0.054,  0.123,  0.184
 -0.049,  0.114,  0.182
 -0.046,  0.127,  0.180
 -0.042,  0.118,  0.179
 -0.037,  0.131,  0.177
 -0.034,  0.122,  0.175
 -0.029,  0.134,  0.173
 -0.026,  0.125,  0.172
 -0.020,  0.137,  0.169
 -0.018,  0.127,  0.168
 -0.011,  0.139,  0.165
 -0.010,  0.129,  0.164
 -0.002,  0.140,  0.161
 -0.001,  0.130,  0.161
  0.007,  0.140,  0.157
  0.007,  0.130,  0.157
  0.016,  0.140,  0.153
  0.015,  0.130,  0.153
  0.025,  0.139,  0.149
  0.024,  0.129,  0.150
  0.034,  0.137,  0.145
  0.032,  0.127,  0.146
  0.043,  0.134,  0.141
  0.040,  0.125,  0.142
  0.051,  0.131,  0.137
  0.048,  0.122,  0.139
  0.060,  0.127,  0.134
  0.056,  0.118,  0.135
  0.068,  0.123,  0.130
  0.064,  0.114,  0.132
  0.076,  0.118,  0.127
  0.071,  0.109,  0.129
  0.083,  0.112,  0.123
  0.078,  0.104,  0.126
  0.090,  0.106,  0.120
  0.084,  0.098,  0.123
  0.097,  0.099,  0.117
  0.090,  0.092,  0.120
  0.103,  0.092,  0.115
  0.096,  0.085,  0.118
  0.109,  0.084,  0.112
  0.101,  0.078,  0.115
  0.114,  0.076,  0.110
  0.106,  0.070,  0.113
  0.118,  0.067,  0.108
  0.110,  0.062,  0.111
  0.122,  0.058,  0.106
  0.114,  0.054,  0.110
  0.126,  0.049,  0.105
  0.117,  0.045,  0.108
  0.129,  0.039,  0.103
  0.120,  0.037,  0.107
  0.131,  0.030,  0.102
  0.122,  0.028,  0.106
  0.133,  0.020,  0.102
  0.124,  0.019,  0.106
  0.134,  0.010,  0.101
  0.125,  0.009,  0.105
  0.138,  0.000,  0.106
  0.130,  0.000,  0.110
  0.138, -0.010,  0.106
  0.129, -0.009,  0.110
  0.137, -0.020,  0.106
  0.128, -0.019,  0.110
  0.136, -0.030,  0.107
  0.127, -0.028,  0.111
  0.133, -0.039,  0.108
  0.125, -0.037,  0.112
  0.131, -0.049,  0.109
  0.122, -0.045,  0.113
  0.127, -0.058,  0.111
  0.119, -0.054,  0.115
  0.123, -0.067,  0.113
  0.115, -0.062,  0.116
  0.119, -0.076,  0.115
  0.111, -0.070,  0.118
  0.114, -0.084,  0.117
  0.107, -0.078,  0.121
  0.108, -0.092,  0.120
  0.101, -0.085,  0.123
  0.102, -0.099,  0.123
  0.096, -0.092,  0.126
  0.096, -0.106,  0.126
  0.090, -0.098,  0.128
  0.089, -0.112,  0.129
  0.083, -0.104,  0.132
  0.081, -0.118,  0.132
  0.077, -0.109,  0.135
  0.074, -0.123,  0.136
  0.069, -0.114,  0.138
  0.066, -0.127,  0.140
  0.062, -0.118,  0.142
  0.058, -0.131,  0.144
  0.054, -0.122,  0.145
  0.049, -0.134,  0.148
  0.047, -0.125,  0.149
  0.041, -0.137,  0.152
  0.039, -0.127,  0.153
  0.032, -0.139,  0.156
  0.031, -0.129,  0.156
  0.023, -0.140,  0.160
  0.022, -0.130,  0.160
  0.014, -0.140,  0.164
  0.014, -0.130,  0.164
  0.005, -0.140,  0.168
  0.006, -0.130,  0.168
 -0.004, -0.139,  0.172
 -0.002, -0.129,  0.172
 -0.012, -0.137,  0.177
 -0.010, -0.127,  0.176
 -0.021, -0.134,  0.181
 -0.018, -0.125,  0.179
 -0.029, -0.131,  0.185
 -0.026, -0.122,  0.183
 -0.037, -0.127,  0.188
 -0.034, -0.118,  0.187
 -0.045, -0.123,  0.192
 -0.041, -0.114,  0.190
 -0.053, -0.118,  0.196
 -0.048, -0.109,  0.194
 -0.060, -0.112,  0.199
 -0.055, -0.104,  0.197
 -0.067, -0.106,  0.203
 -0.061, -0.098,  0.200
 -0.074, -0.099,  0.206
 -0.067, -0.092,  0.203
 -0.080, -0.092,  0.208
 -0.073, -0.085,  0.205
 -0.085, -0.084,  0.211
 -0.078, -0.078,  0.208
 -0.090, -0.076,  0.213
 -0.083, -0.070,  0.210
 -0.095, -0.067,  0.216
 -0.087, -0.062,  0.212
 -0.099, -0.058,  0.217
 -0.091, -0.054,  0.214
 -0.102, -0.049,  0.219
 -0.094, -0.045,  0.215
 -0.105, -0.039,  0.220
 -0.097, -0.037,  0.216
 -0.107, -0.030,  0.221
 -0.099, -0.028,  0.217
 -0.109, -0.020,  0.222
 -0.100, -0.019,  0.218
 -0.110, -0.010,  0.223
 -0.101, -0.009,  0.218
 -0.110, -0.000,  0.223
 -0.101, -0.000,  0.219
 -0.110,  0.010,  0.223
 -0.101,  0.009,  0.218
 -0.109,  0.020,  0.222
 -0.100,  0.019,  0.218
 -0.107,  0.030,  0.221
 -0.099,  0.028,  0.217
 -0.105,  0.039,  0.220
 -0.097,  0.037,  0.216
 -0.102,  0.049,  0.219
 -0.094,  0.045,  0.215
 -0.099,  0.058,  0.217
 -0.091,  0.054,  0.214
 -0.095,  0.067,  0.216
 -0.087,  0.062,  0.212
 -0.090,  0.076,  0.213
 -0.083,  0.070,  0.210
 -0.085,  0.084,  0.211
 -0.078,  0.078,  0.208
 -0.080,  0.092,  0.208
 -0.073,  0.085,  0.205
 -0.074,  0.099,  0.206
 -0.067,  0.092,  0.203
 -0.067,  0.106,  0.203
 -0.061,  0.098,  0.200
 -0.060,  0.112,  0.199
 -0.055,  0.104,  0.197
 -0.053,  0.118,  0.196
 -0.048,  0.109,  0.194
 -0.045,  0.123,  0.192
 -0.041,  0.114,  0.190
 -0.037,  0.127,  0.188
 -0.034,  0.118,  0.187
 -0.029,  0.131,  0.185
 -0.026,  0.122,  0.183
 -0.021,  0.134,  0.181
 -0.018,  0.125,  0.179
 -0.012,  0.137,  0.177
 -0.010,  0.127,  0.176
 -0.004,  0.139,  0.172
 -0.002,  0.129,  0.172
  0.005,  0.140,  0.168
  0.006,  0.130,  0.168
  0.014,  0.140,  0.164
  0.014,  0.130,  0.164
  0.023,  0.140,  0.160
  0.022,  0.130,  0.160
  0.032,  0.139,  0.156
  0.031,  0.129,  0.156
  0.041,  0.137,  0.152
  0.039,  0.127,  0.153
  0.049,  0.134,  0.148
  0.047,  0.125,  0.149
  0.058,  0.131,  0.144
  0.054,  0.122,  0.145
  0.066,  0.127,  0.140
  0.062,  0.118,  0.142
  0.074,  0.123,  0.136
  0.069,  0.114,  0.138
  0.081,  0.118,  0.132
  0.077,  0.109,  0.135
  0.089,  0.112,  0.129
  0.083,  0.104,  0.132
  0.096,  0.106,  0.126
  0.090,  0.098,  0.128
  0.102,  0.099,  0.123
  0.096,  0.092,  0.126
  0.108,  0.092,  0.120
  0.101,  0.085,  0.123
  0.114,  0.084,  0.117
  0.107,  0.078,  0.121
  0.119,  0.076,  0.115
  0.111,  0.070,  0.118
  0.123,  0.067,  0.113
  0.115,  0.062,  0.116
  0.127,  0.058,  0.111
  0.119,  0.054,  0.115
  0.131,  0.049,  0.109
  0.122,  0.045,  0.113
  0.133,  0.039,  0.108
  0.125,  0.037,  0.112
  0.136,  0.030,  0.107
  0.127,  0.028,  0.111
  0.137,  0.020,  0.106
  0.128,  0.019,  0.110
  0.138,  0.010,  0.106
  0.129,  0.009,  0.110
  0.143,  0.000,  0.110
  0.134,  0.000,  0.114
  0.143, -0.010,  0.110
  0.134, -0.009,  0.115
  0.142, -0.020,  0.111
  0.133, -0.019,  0.115
  0.140, -0.030,  0.111
  0.132, -0.028,  0.116
  0.138, -0.039,  0.113
  0.130, -0.037,  0.117
  0.135, -0.049,  0.114
  0.127, -0.045,  0.118
  0.132, -0.058,  0.116
  0.124, -0.054,  0.120
  0.128, -0.067,  0.118
  0.120, -0.062,  0.121
  0.124, -0.076,  0.120
  0.116, -0.070,  0.123
  0.119, -0.084,  0.122
  0.112, -0.078,  0.126
  0.113, -0.092,  0.125
  0.107, -0.085,  0.128
  0.107, -0.099,  0.128
  0.101, -0.092,  0.131
  0.101, -0.106,  0.131
  0.095, -0.098,  0.134
  0.094, -0.112,  0.135
  0.089, -0.104,  0.137
  0.087, -0.118,  0.138
  0.082, -0.109,  0.141
  0.080, -0.123,  0.142
  0.075, -0.114,  0.144
  0.072, -0.127,  0.146
  0.068, -0.118,  0.148
  0.064, -0.131,  0.150
  0.061, -0.122,  0.151
  0.056, -0.134,  0.154
  0.053, -0.125,  0.155
  0.047, -0.137,  0.158
  0.045, -0.127,  0.159
  0.039, -0.139,  0.163
  0.037, -0.129,  0.163
  0.030, -0.140,  0.167
  0.029, -0.130,  0.167
  0.021, -0.140,  0.171
  0.021, -0.130,  0.171
  0.013, -0.140,  0.176
  0.013, -0.130,  0.175
  0.004, -0.139,  0.180
  0.005, -0.129,  0.179
 -0.005, -0.137,  0.184
 -0.003, -0.127,  0.183
 -0.013, -0.134,  0.188
 -0.011, -0.125,  0.187
 -0.021, -0.131,  0.193
 -0.018, -0.122,  0.191
 -0.029, -0.127,  0.197
 -0.026, -0.118,  0.195
 -0.037, -0.123,  0.201
 -0.033, -0.114,  0.198
 -0.045, -0.118,  0.204
 -0.040, -0.109,  0.202
 -0.052, -0.112,  0.208
 -0.047, -0.104,  0.205
 -0.059, -0.106,  0.211
 -0.053, -0.098,  0.208
 -0.065, -0.099,  0.214
 -0.059, -0.092,  0.211
 -0.071, -0.092,  0.217
 -0.064, -0.085,  0.214
 -0.076, -0.084,  0.220
 -0.069, -0.078,  0.217
 -0.081, -0.076,  0.223
 -0.074, -0.070,  0.219
 -0.086, -0.067,  0.225
 -0.078, -0.062,  0.221
 -0.090, -0.058,  0.227
 -0.082, -0.054,  0.223
 -0.093, -0.049,  0.229
 -0.085, -0.045,  0.224
 -0.096, -0.039,  0.230
 -0.087, -0.037,  0.226
 -0.098, -0.030,  0.231
 -0.089, -0.028,  0.227
 -0.099, -0.020,  0.232
 -0.091, -0.019,  0.227
 -0.100, -0.010,  0.232
 -0.092, -0.009,  0.228
 -0.101, -0.000,  0.232
 -0.092, -0.000,  0.228
 -0.100,  0.010,  0.232
 -0.092,  0.009,  0.228
 -0.099,  0.020,  0.232
 -0.091,  0.019,  0.227
 -0.098,  0.030,  0.231
 -0.089,  0.028,  0.227
 -0.096,  0.039,  0.230
 -0.087,  0.037,  0.226
 -0.093,  0.049,  0.229
 -0.085,  0.045,  0.224
 -0.090,  0.058,  0.227
 -0.082,  0.054,  0.223
 -0.086,  0.067,  0.225
 -0.078,  0.062,  0.221
 -0.081,  0.076,  0.223
 -0.074,  0.070,  0.219
 -0.076,  0.084,  0.220
 -0.069,  0.078,  0.217
 -0.071,  0.092,  0.217
 -0.064,  0.085,  0.214
 -0.065,  0.099,  0.214
 -0.059,  0.092,  0.211
 -0.059,  0.106,  0.211
 -0.053,  0.098,  0.208
 -0.052,  0.112,  0.208
 -0.047,  0.104,  0.205
 -0.045,  0.118,  0.204
 -0.040,  0.109,  0.202
 -0.037,  0.123,  0.201
 -0.033,  0.114,  0.198
 -0.029,  0.127,  0.197
 -0.026,  0.118,  0.195
 -0.021,  0.131,  0.193
 -0.018,  0.122,  0.191
 -0.013,  0.134,  0.188
 -0.011,  0.125,  0.187
 -0.005,  0.137,  0.184
 -0.003,  0.127,  0.183
  0.004,  0.139,  0.180
  0.005,  0.129,  0.179
  0.013,  0.140,  0.176
  0.013,  0.130,  0.175
  0.021,  0.140,  0.171
  0.021,  0.130,  0.171
  0.030,  0.140,  0.167
  0.029,  0.130,  0.167
  0.039,  0.139,  0.163
  0.037,  0.129,  0.163
  0.047,  0.137,  0.158
  0.045,  0.127,  0.159
  0.056,  0.134,  0.154
  0.053,  0.125,  0.155
  0.064,  0.131,  0.150
  0.061,  0.122,  0.151
  0.072,  0.127,  0.146
  0.068,  0.118,  0.148
  0.080,  0.123,  0.142
  0.075,  0.114,  0.144
  0.087,  0.118,  0.138
  0.082,  0.109,  0.141
  0.094,  0.112,  0.135
  0.089,  0.104,  0.137
  0.101,  0.106,  0.131
  0.095,  0.098,  0.134
  0.107,  0.099,  0.128
  0.101,  0.092,  0.131
  0.113,  0.092,  0.125
  0.107,  0.085,  0.128
  0.119,  0.084,  0.122
  0.112,  0.078,  0.126
  0.124,  0.076,  0.120
  0.116,  0.070,  0.123
  0.128,  0.067,  0.118
  0.120,  0.062,  0.121
  0.132,  0.058,  0.116
  0.124,  0.054,  0.120
  0.135,  0.049,  0.114
  0.127,  0.045,  0.118
  0.138,  0.039,  0.113
  0.130,  0.037,  0.117
  0.140,  0.030,  0.111
  0.132,  0.028,  0.116
  0.142,  0.020,  0.111
  0.133,  0.019,  0.115
  0.143,  0.010,  0.110
  0.134,  0.009,  0.115
  0.148,  0.000,  0.115
  0.139,  0.000,  0.119
  0.147, -0.010,  0.115
  0.139, -0.009,  0.119
  0.146, -0.020,  0.115
  0.138, -0.019,  0.120
  0.145, -0.030,  0.116
  0.136, -0.028,  0.121
  0.143, -0.039,  0.117
  0.135, -0.037,  0.122
  0.140, -0.049,  0.119
  0.132, -0.045,  0.123
  0.137, -0.058,  0.120
  0.129, -0.054,  0.124
  0.133, -0.067,  0.122
  0.125, -0.062,  0.126
  0.129, -0.076,  0.125
  0.121, -0.070,  0.129
  0.124, -0.084,  0.127
  0.117, -0.078,  0.131
  0.118, -0.092,  0.130
  0.112, -0.085,  0.134
  0.113, -0.099,  0.133
  0.107, -0.092,  0.136
  0.106, -0.106,  0.137
  0.101, -0.098,  0.140
  0.100, -0.112,  0.140
  0.095, -0.104,  0.143
  0.093, -0.118,  0.144
  0.088, -0.109,  0.146
  0.085, -0.123,  0.148
  0.081, -0.114,  0.150
  0.078, -0.127,  0.152
  0.074, -0.118,  0.154
  0.070, -0.131,  0.156
  0.067, -0.122,  0.158
  0.062, -0.134,  0.160
  0.059, -0.125,  0.162
  0.054, -0.137,  0.165
  0.052, -0.127,  0.166
  0.045, -0.139,  0.169
  0.044, -0.129,  0.170
  0.037, -0.140,  0.174
  0.036, -0.130,  0.174
  0.028, -0.140,  0.178
  0.028, -0.130,  0.178
  0.020, -0.140,  0.183
  0.020, -0.130,  0.183
  0.011, -0.139,  0.187
  0.013, -0.129,  0.187
  0.003, -0.137,  0.192
  0.005, -0.127,  0.191
 -0.005, -0.134,  0.196
 -0.003, -0.125,  0.195
 -0.013, -0.131,  0.201
 -0.010, -0.122,  0.199
 -0.021, -0.127,  0.205
 -0.018, -0.118,  0.203
 -0.029, -0.123,  0.209
 -0.025, -0.114,  0.207
 -0.036, -0.118,  0.213
 -0.032, -0.109,  0.210
 -0.043, -0.112,  0.216
 -0.038, -0.104,  0.214
 -0.050, -0.106,  0.220
 -0.044, -0.098,  0.217
 -0.056, -0.099,  0.223
 -0.050, -0.092,  0.220
 -0.062, -0.092,  0.226
 -0.055, -0.085,  0.223
 -0.067, -0.084,  0.229
 -0.060, -0.078,  0.226
 -0.072, -0.076,  0.232
 -0.065, -0.070,  0.228
 -0.076, -0.067,  0.234
 -0.069, -0.062,  0.230
 -0.080, -0.058,  0.236
 -0.072, -0.054,  0.232
 -0.083, -0.049,  0.238
 -0.075, -0.045,  0.234
 -0.086, -0.039,  0.239
 -0.078, -0.037,  0.235
 -0.088, -0.030,  0.241
 -0.080, -0.028,  0.236
 -0.090, -0.020,  0.241
 -0.081, -0.019,  0.237
 -0.091, -0.010,  0.242
 -0.082, -0.009,  0.237
 -0.091, -0.000,  0.242
 -0.082, -0.000,  0.237
 -0.091,  0.010,  0.242
 -0.082,  0.009,  0.237
 -0.090,  0.020,  0.241
 -0.081,  0.019,  0.237
 -0.088,  0.030,  0.241
 -0.080,  0.028,  0.236
 -0.086,  0.039,  0.239
 -0.078,  0.037,  0.235
 -0.083,  0.049,  0.238
 -0.075,  0.045,  0.234
 -0.080,  0.058,  0.236
 -0.072,  0.054,  0.232
 -0.076,  0.067,  0.234
 -0.069,  0.062,  0.230
 -0.072,  0.076,  0.232
 -0.065,  0.070,  0.228
 -0.067,  0.084,  0.229
 -0.060,  0.078,  0.226
 -0.062,  0.092,  0.226
 -0.055,  0.085,  0.223
 -0.056,  0.099,  0.223
 -0.050,  0.092,  0.220
 -0.050,  0.106,  0.220
 -0.044,  0.098,  0.217
 -0.043,  0.112,  0.216
 -0.038,  0.104,  0.214
 -0.036,  0.118,  0.213
 -0.032,  0.109,  0.210
 -0.029,  0.123,  0.209
 -0.025,  0.114,  0.207
 -0.021,  0.127,  0.205
 -0.018,  0.118,  0.203
 -0.013,  0.131,  0.201
 -0.010,  0.122,  0.199
 -0.005,  0.134,  0.196
 -0.003,  0.125,  0.195
  0.003,  0.137,  0.192
  0.005,  0.127,  0.191
  0.011,  0.139,  0.187
  0.013,  0.129,  0.187
  0.020,  0.140,  0.183
  0.020,  0.130,  0.183
  0.028,  0.140,  0.178
  0.028,  0.130,  0.178
  0.037,  0.140,  0.174
  0.036,  0.130,  0.174
  0.045,  0.139,  0.169
  0.044,  0.129,  0.170
  0.054,  0.137,  0.165
  0.052,  0.127,  0.166
  0.062,  0.134,  0.160
  0.059,  0.125,  0.162
  0.070,  0.131,  0.156
  0.067,  0.122,  0.158
  0.078,  0.127,  0.152
  0.074,  0.118,  0.154
  0.085,  0.123,  0.148
  0.081,  0.114,  0.150
  0.093,  0.118,  0.144
  0.088,  0.109,  0.146
  0.100,  0.112,  0.140
  0.095,  0.104,  0.143
  0.106,  0.106,  0.137
  0.101,  0.098,  0.140
  0.113,  0.099,  0.133
  0.107,  0.092,  0.136
  0.118,  0.092,  0.130
  0.112,  0.085,  0.134
  0.124,  0.084,  0.127
  0.117,  0.078,  0.131
  0.129,  0.076,  0.125
  0.121,  0.070,  0.129
  0.133,  0.067,  0.122
  0.125,  0.062,  0.126
  0.137,  0.058,  0.120
  0.129,  0.054,  0.124
  0.140,  0.049,  0.119
  0.132,  0.045,  0.123
  0.143,  0.039,  0.117
  0.135,  0.037,  0.122
  0.145,  0.030,  0.116
  0.136,  0.028,  0.121
  0.146,  0.020,  0.115
  0.138,  0.019,  0.120
  0.147,  0.010,  0.115
  0.139,  0.009,  0.119
  0.152,  0.000,  0.119
  0.144,  0.000,  0.124
  0.152, -0.010,  0.119
  0.143, -0.009,  0.124
  0.151, -0.020,  0.120
  0.143, -0.019,  0.125
  0.149, -0.030,  0.121
  0.141, -0.028,  0.125
  0.147, -0.039,  0.122
  0.139, -0.037,  0.126
  0.145, -0.049,  0.123
  0.137, -0.045,  0.128
  0.142, -0.058,  0.125
  0.134, -0.054,  0.129
  0.138, -0.067,  0.127
  0.130, -0.062,  0.131
  0.134, -0.076,  0.130
  0.127, -0.070,  0.134
  0.129, -0.084,  0.132
  0.122, -0.078,  0.136
  0.124, -0.092,  0.135
  0.117, -0.085,  0.139
  0.118, -0.099,  0.139
  0.112, -0.092,  0.142
  0.112, -0.106,  0.142
  0.106, -0.098,  0.145
  0.105, -0.112,  0.146
  0.100, -0.104,  0.149
  0.098, -0.118,  0.150
  0.094, -0.109,  0.152
  0.091, -0.123,  0.154
  0.087, -0.114,  0.156
  0.084, -0.127,  0.158
  0.080, -0.118,  0.160
  0.076, -0.131,  0.162
  0.073, -0.122,  0.164
  0.068, -0.134,  0.167
  0.066, -0.125,  0.168
  0.060, -0.137,  0.171
  0.058, -0.127,  0.172
  0.052, -0.139,  0.176
  0.051, -0.129,  0.177
  0.044, -0.140,  0.181
  0.043, -0.130,  0.181
  0.035, -0.140,  0.185
  0.035, -0.130,  0.185
  0.027, -0.140,  0.190
  0.028, -0.130,  0.190
  0.019, -0.139,  0.195
  0.020, -0.129,  0.194
  0.011, -0.137,  0.199
  0.012, -0.127,  0.198
  0.002, -0.134,  0.204
  0.005, -0.125,  0.203
 -0.005, -0.131,  0.208
 -0.003, -0.122,  0.207
 -0.013, -0.127,  0.213
 -0.010, -0.118,  0.211
 -0.021, -0.123,  0.217
 -0.017, -0.114,  0.215
 -0.028, -0.118,  0.221
 -0.023, -0.109,  0.219
 -0.035, -0.112,  0.225
 -0.030, -0.104,  0.222
 -0.041, -0.106,  0.229
 -0.036, -0.098,  0.226
 -0.047, -0.099,  0.232
 -0.041, -0.092,  0.229
 -0.053, -0.092,  0.235
 -0.047, -0.085,  0.232
 -0.058, -0.084,  0.238
 -0.051, -0.078,  0.235
 -0.063, -0.076,  0.241
 -0.056, -0.070,  0.237
 -0.067, -0.067,  0.243
 -0.060, -0.062,  0.239
 -0.071, -0.058,  0.246
 -0.063, -0.054,  0.241
 -0.074, -0.049,  0.247
 -0.066, -0.045,  0.243
 -0.077, -0.039,  0.249
 -0.069, -0.037,  0.244
 -0.079, -0.030,  0.250
 -0.071, -0.028,  0.245
 -0.080, -0.020,  0.251
 -0.072, -0.019,  0.246
 -0.081, -0.010,  0.251
 -0.073, -0.009,  0.247
 -0.081, -0.000,  0.252
 -0.073, -0.000,  0.247
 -0.081,  0.010,  0.251
 -0.073,  0.009,  0.247
 -0.080,  0.020,  0.251
 -0.072,  0.019,  0.246
 -0.079,  0.030,  0.250
 -0.071,  0.028,  0.245
 -0.077,  0.039,  0.249
 -0.069,  0.037,  0.244
 -0.074,  0.049,  0.247
 -0.066,  0.045,  0.243
 -0.071,  0.058,  0.246
 -0.063,  0.054,  0.241
 -0.067,  0.067,  0.243
 -0.060,  0.062,  0.239
 -0.063,  0.076,  0.241
 -0.056,  0.070,  0.237
 -0.058,  0.084,  0.238
 -0.051,  0.078,  0.235
 -0.053,  0.092,  0.235
 -0.047,  0.085,  0.232
 -0.047,  0.099,  0.232
 -0.041,  0.092,  0.229
 -0.041,  0.106,  0.229
 -0.036,  0.098,  0.226
 -0.035,  0.112,  0.225
 -0.030,  0.104,  0.222
 -0.028,  0.118,  0.221
 -0.023,  0.109,  0.219
 -0.021,  0.123,  0.217
 -0.017,  0.114,  0.215
 -0.013,  0.127,  0.213
 -0.010,  0.118,  0.211
 -0.005,  0.131,  0.208
 -0.003,  0.122,  0.207
  0.002,  0.134,  0.204
  0.005,  0.125,  0.203
  0.011,  0.137,  0.199
  0.012,  0.127,  0.198
  0.019,  0.139,  0.195
  0.020,  0.129,  0.194
  0.027,  0.140,  0.190
  0.028,  0.130,  0.190
  0.035,  0.140,  0.185
  0.035,  0.130,  0.185
  0.044,  0.140,  0.181
  0.043,  0.130,  0.181
  0.052,  0.139,  0.176
  0.051,  0.129,  0.177
  0.060,  0.137,  0.171
  0.058,  0.127,  0.172
  0.068,  0.134,  0.167
  0.066,  0.125,  0.168
  0.076,  0.131,  0.162
  0.073,  0.122,  0.164
  0.084,  0.127,  0.158
  0.080,  0.118,  0.160
  0.091,  0.123,  0.154
  0.087,  0.114,  0.156
  0.098,  0.118,  0.150
  0.094,  0.109,  0.152
  0.105,  0.112,  0.146
  0.100,  0.104,  0.149
  0.112,  0.106,  0.142
  0.106,  0.098,  0.145
  0.118,  0.099,  0.139
  0.112,  0.092,  0.142
  0.124,  0.092,  0.135
  0.117,  0.085,  0.139
  0.129,  0.084,  0.132
  0.122,  0.078,  0.136
  0.134,  0.076,  0.130
  0.127,  0.070,  0.134
  0.138,  0.067,  0.127
  0.130,  0.062,  0.131
  0.142,  0.058,  0.125
  0.134,  0.054,  0.129
  0.145,  0.049,  0.123
  0.137,  0.045,  0.128
  0.147,  0.039,  0.122
  0.139,  0.037,  0.126
  0.149,  0.030,  0.121
  0.141,  0.028,  0.125
  0.151,  0.020,  0.120
  0.143,  0.019,  0.125
  0.152,  0.010,  0.119
  0.143,  0.009,  0.124
  0.157,  0.000,  0.124
  0.148,  0.000,  0.129
  0.156, -0.010,  0.124
  0.148, -0.009,  0.129
  0.155, -0.020,  0.124
  0.147, -0.019,  0.129
  0.154, -0.030,  0.125
  0.146, -0.028,  0.130
  0.152, -0.039,  0.126
  0.144, -0.037,  0.131
  0.149, -0.049,  0.128
  0.142, -0.045,  0.133
  0.146, -0.058,  0.130
  0.139, -0.054,  0.134
  0.143, -0.067,  0.132
  0.135, -0.062,  0.136
  0.138, -0.076,  0.135
  0.132, -0.070,  0.139
  0.134, -0.084,  0.137
  0.127, -0.078,  0.141
  0.129, -0.092,  0.140
  0.123, -0.085,  0.144
  0.123, -0.099,  0.144
  0.117, -0.092,  0.147
  0.117, -0.106,  0.147
  0.112, -0.098,  0.151
  0.111, -0.112,  0.151
  0.106, -0.104,  0.154
  0.104, -0.118,  0.155
  0.100, -0.109,  0.158
  0.097, -0.123,  0.159
  0.093, -0.114,  0.162
  0.090, -0.127,  0.164
  0.086, -0.118,  0.166
  0.082, -0.131,  0.168
  0.079, -0.122,  0.170
  0.075, -0.134,  0.173
  0.072, -0.125,  0.174
  0.067, -0.137,  0.178
  0.065, -0.127,  0.179
  0.059, -0.139,  0.183
  0.058, -0.129,  0.183
  0.051, -0.140,  0.188
  0.050, -0.130,  0.188
  0.042, -0.140,  0.192
  0.042, -0.130,  0.192
  0.034, -0.140,  0.197
  0.035, -0.130,  0.197
  0.026, -0.139,  0.202
  0.027, -0.129,  0.202
  0.018, -0.137,  0.207
  0.020, -0.127,  0.206
  0.010, -0.134,  0.212
  0.013, -0.125,  0.210
  0.003, -0.131,  0.216
  0.005, -0.122,  0.215
 -0.005, -0.127,  0.221
 -0.002, -0.118,  0.219
 -0.012, -0.123,  0.225
 -0.008, -0.114,  0.223
 -0.019, -0.118,  0.230
 -0.015, -0.109,  0.227
 -0.026, -0.112,  0.234
 -0.021, -0.104,  0.231
 -0.032, -0.106,  0.237
 -0.027, -0.098,  0.234
 -0.038, -0.099,  0.241
 -0.033, -0.092,  0.238
 -0.044, -0.092,  0.244
 -0.038, -0.085,  0.241
 -0.049, -0.084,  0.247
 -0.042, -0.078,  0.244
 -0.054, -0.076,  0.250
 -0.047, -0.070,  0.246
 -0.058, -0.067,  0.253
 -0.051, -0.062,  0.248
 -0.061, -0.058,  0.255
 -0.054, -0.054,  0.250
 -0.065, -0.049,  0.257
 -0.057, -0.045,  0.252
 -0.067, -0.039,  0.258
 -0.059, -0.037,  0.254
 -0.069, -0.030,  0.260
 -0.061, -0.028,  0.255
 -0.071, -0.020,  0.260
 -0.063, -0.019,  0.256
 -0.071, -0.010,  0.261
 -0.063, -0.009,  0.256
 -0.072, -0.000,  0.261
 -0.064, -0.000,  0.256
 -0.071,  0.010,  0.261
 -0.063,  0.009,  0.256
 -0.071,  0.020,  0.260
 -0.063,  0.019,  0.256
 -0.069,  0.030,  0.260
 -0.061,  0.028,  0.255
 -0.067,  0.039,  0.258
 -0.059,  0.037,  0.254
 -0.065,  0.049,  0.257
 -0.057,  0.045,  0.252
 -0.061,  0.058,  0.255
 -0.054,  0.054,  0.250
 -0.058,  0.067,  0.253
 -0.051,  0.062,  0.248
 -0.054,  0.076,  0.250
 -0.047,  0.070,  0.246
 -0.049,  0.084,  0.247
 -0.042,  0.078,  0.244
 -0.044,  0.092,  0.244
 -0.038,  0.085,  0.241
 -0.038,  0.099,  0.241
 -0.033,  0.092,  0.238
 -0.032,  0.106,  0.237
 -0.027,  0.098,  0.234
 -0.026,  0.112,  0.234
 -0.021,  0.104,  0.231
 -0.019,  0.118,  0.230
 -0.015,  0.109,  0.227
 -0.012,  0.123,  0.225
 -0.008,  0.114,  0.223
 -0.005,  0.127,  0.221
 -0.002,  0.118,  0.219
  0.003,  0.131,  0.216
  0.005,  0.122,  0.215
  0.010,  0.134,  0.212
  0.013,  0.125,  0.210
  0.018,  0.137,  0.207
  0.020,  0.127,  0.206
  0.026,  0.139,  0.202
  0.027,  0.129,  0.202
  0.034,  0.140,  0.197
  0.035,  0.130,  0.197
  0.042,  0.140,  0.192
  0.042,  0.130,  0.192
  0.051,  0.140,  0.188
  0.050,  0.130,  0.188
  0.059,  0.139,  0.183
  0.058,  0.129,  0.183
  0.067,  0.137,  0.178
  0.065,  0.127,  0.179
  0.075,  0.134,  0.173
  0.072,  0.125,  0.174
  0.082,  0.131,  0.168
  0.079,  0.122,  0.170
  0.090,  0.127,  0.164
  0.086,  0.118,  0.166
  0.097,  0.123,  0.159
  0.093,  0.114,  0.162
  0.104,  0.118,  0.155
  0.100,  0.109,  0.158
  0.111,  0.112,  0.151
  0.106,  0.104,  0.154
  0.117,  0.106,  0.147
  0.112,  0.098,  0.151
  0.123,  0.099,  0.144
  0.117,  0.092,  0.147
  0.129,  0.092,  0.140
  0.123,  0.085,  0.144
  0.134,  0.084,  0.137
  0.127,  0.078,  0.141
  0.138,  0.076,  0.135
  0.132,  0.070,  0.139
  0.143,  0.067,  0.132
  0.135,  0.062,  0.136
  0.146,  0.058,  0.130
  0.139,  0.054,  0.134
  0.149,  0.049,  0.128
  0.142,  0.045,  0.133
  0.152,  0.039,  0.126
  0.144,  0.037,  0.131
  0.154,  0.030,  0.125
  0.146,  0.028,  0.130
  0.155,  0.020,  0.124
  0.147,  0.019,  0.129
  0.156,  0.010,  0.124
  0.148,  0.009,  0.129
  0.161,  0.000,  0.128
  0.153,  0.000,  0.133
  0.161, -0.010,  0.128
  0.153, -0.009,  0.134
  0.160, -0.020,  0.129
  0.152, -0.019,  0.134
  0.159, -0.030,  0.130
  0.151, -0.028,  0.135
  0.157, -0.039,  0.131
  0.149, -0.037,  0.136
  0.154, -0.049,  0.133
  0.147, -0.045,  0.138
  0.151, -0.058,  0.135
  0.144, -0.054,  0.139
  0.148, -0.067,  0.137
  0.141, -0.062,  0.141
  0.143, -0.076,  0.140
  0.137, -0.070,  0.144
  0.139, -0.084,  0.142
  0.133, -0.078,  0.147
  0.134, -0.092,  0.146
  0.128, -0.085,  0.149
  0.128, -0.099,  0.149
  0.123, -0.092,  0.153
  0.123, -0.106,  0.153
  0.117, -0.098,  0.156
  0.116, -0.112,  0.157
  0.112, -0.104,  0.160
  0.110, -0.118,  0.161
  0.106, -0.109,  0.164
  0.103, -0.123,  0.165
  0.099, -0.114,  0.168
  0.096, -0.127,  0.170
  0.093, -0.118,  0.172
  0.089, -0.131,  0.175
  0.086, -0.122,  0.176
  0.081, -0.134,  0.179
  0.079, -0.125,  0.181
  0.073, -0.137,  0.184
  0.072, -0.127,  0.185
  0.065, -0.139,  0.189
  0.064, -0.129,  0.190
  0.057, -0.140,  0.194
  0.057, -0.130,  0.195
  0.049, -0.140,  0.199
  0.049, -0.130,  0.199
  0.042, -0.140,  0.205
  0.042, -0.130,  0.204
  0.034, -0.139,  0.210
  0.035, -0.129,  0.209
  0.026, -0.137,  0.215
  0.027, -0.127,  0.214
  0.018, -0.134,  0.220
  0.020, -0.125,  0.218
  0.010, -0.131,  0.224
  0.013, -0.122,  0.223
  0.003, -0.127,  0.229
  0.006, -0.118,  0.227
 -0.004, -0.123,  0.234
 -0.000, -0.114,  0.231
 -0.011, -0.118,  0.238
 -0.007, -0.109,  0.235
 -0.017, -0.112,  0.242
 -0.013, -0.104,  0.239
 -0.024, -0.106,  0.246
 -0.018, -0.098,  0.243
 -0.029, -0.099,  0.250
 -0.024, -0.092,  0.246
 -0.035, -0.092,  0.253
 -0.029, -0.085,  0.250
 -0.040, -0.084,  0.257
 -0.034, -0.078,  0.252
 -0.044, -0.076,  0.259
 -0.038, -0.070,  0.255
 -0.049, -0.067,  0.262
 -0.042, -0.062,  0.258
 -0.052, -0.058,  0.264
 -0.045, -0.054,  0.260
 -0.055, -0.049,  0.266
 -0.048, -0.045,  0.261
 -0.058, -0.039,  0.268
 -0.050, -0.037,  0.263
 -0.060, -0.030,  0.269
 -0.052, -0.028,  0.264
 -0.061, -0.020,  0.270
 -0.053, -0.019,  0.265
 -0.062, -0.010,  0.271
 -0.054, -0.009,  0.265
 -0.062, -0.000,  0.271
 -0.054, -0.000,  0.266
 -0.062,  0.010,  0.271
 -0.054,  0.009,  0.265
 -0.061,  0.020,  0.270
 -0.053,  0.019,  0.265
 -0.060,  0.030,  0.269
 -0.052,  0.028,  0.264
 -0.058,  0.039,  0.268
 -0.050,  0.037,  0.263
 -0.055,  0.049,  0.266
 -0.048,  0.045,  0.261
 -0.052,  0.058,  0.264
 -0.045,  0.054,  0.260
 -0.049,  0.067,  0.262
 -0.042,  0.062,  0.258
 -0.044,  0.076,  0.259
 -0.038,  0.070,  0.255
 -0.040,  0.084,  0.257
 -0.034,  0.078,  0.252
 -0.035,  0.092,  0.253
 -0.029,  0.085,  0.250
 -0.029,  0.099,  0.250
 -0.024,  0.092,  0.246
 -0.024,  0.106,  0.246
 -0.018,  0.098,  0.243
 -0.017,  0.112,  0.242
 -0.013,  0.104,  0.239
 -0.011,  0.118,  0.238
 -0.007,  0.109,  0.235
 -0.004,  0.123,  0.234
 -0.000,  0.114,  0.231
  0.003,  0.127,  0.229
  0.006,  0.118,  0.227
  0.010,  0.131,  0.224
  0.013,  0.122,  0.223
  0.018,  0.134,  0.220
  0.020,  0.125,  0.218
  0.026,  0.137,  0.215
  0.027,  0.127,  0.214
  0.034,  0.139,  0.210
  0.035,  0.129,  0.209
  0.042,  0.140,  0.205
  0.042,  0.130,  0.204
  0.049,  0.140,  0.199
  0.049,  0.130,  0.199
  0.057,  0.140,  0.194
  0.057,  0.130,  0.195
  0.065,  0.139,  0.189
  0.064,  0.129,  0.190
  0.073,  0.137,  0.184
  0.072,  0.127,  0.185
  0.081,  0.134,  0.179
  0.079,  0.125,  0.181
  0.089,  0.131,  0.175
  0.086,  0.122,  0.176
  0.096,  0.127,  0.170
  0.093,  0.118,  0.172
  0.103,  0.123,  0.165
  0.099,  0.114,  0.168
  0.110,  0.118,  0.161
  0.106,  0.109,  0.164
  0.116,  0.112,  0.157
  0.112,  0.104,  0.160
  0.123,  0.106,  0.153
  0.117,  0.098,  0.156
  0.128,  0.099,  0.149
  0.123,  0.092,  0.153
  0.134,  0.092,  0.146
  0.128,  0.085,  0.149
  0.139,  0.084,  0.142
  0.133,  0.078,  0.147
  0.143,  0.076,  0.140
  0.137,  0.070,  0.144
  0.148,  0.067,  0.137
  0.141,  0.062,  0.141
  0.151,  0.058,  0.135
  0.144,  0.054,  0.139
  0.154,  0.049,  0.133
  0.147,  0.045,  0.138
  0.157,  0.039,  0.131
  0.149,  0.037,  0.136
  0.159,  0.030,  0.130
  0.151,  0.028,  0.135
  0.160,  0.020,  0.129
  0.152,  0.019,  0.134
  0.161,  0.010,  0.128
  0.153,  0.009,  0.134
  0.166,  0.000,  0.133
  0.158,  0.000,  0.138
  0.165, -0.010,  0.133
  0.158, -0.009,  0.138
  0.165, -0.020,  0.134
  0.157, -0.019,  0.139
  0.163, -0.030,  0.134
  0.156, -0.028,  0.140
  0.161, -0.039,  0.136
  0.154, -0.037,  0.141
  0.159, -0.049,  0.137
  0.152, -0.045,  0.142
  0.156, -0.058,  0.139
  0.149, -0.054,  0.144
  0.152, -0.067,  0.142
  0.146, -0.062,  0.146
  0.148, -0.076,  0.145
  0.142, -0.070,  0.149
  0.144, -0.084,  0.148
  0.138, -0.078,  0.152
  0.139, -0.092,  0.151
  0.133, -0.085,  0.155
  0.134, -0.099,  0.154
  0.128, -0.092,  0.158
  0.128, -0.106,  0.158
  0.123, -0.098,  0.162
  0.122, -0.112,  0.162
  0.117, -0.104,  0.166
  0.116, -0.118,  0.167
  0.111, -0.109,  0.170
  0.109, -0.123,  0.171
  0.105, -0.114,  0.174
  0.102, -0.127,  0.176
  0.099, -0.118,  0.178
  0.095, -0.131,  0.181
  0.092, -0.122,  0.183
  0.087, -0.134,  0.186
  0.085, -0.125,  0.187
  0.080, -0.137,  0.191
  0.078, -0.127,  0.192
  0.072, -0.139,  0.196
  0.071, -0.129,  0.197
  0.064, -0.140,  0.201
  0.064, -0.130,  0.202
  0.057, -0.140,  0.207
  0.057, -0.130,  0.207
  0.049, -0.140,  0.212
  0.049, -0.130,  0.211
  0.041, -0.139,  0.217
  0.042, -0.129,  0.216
  0.033, -0.137,  0.222
  0.035, -0.127,  0.221
  0.026, -0.134,  0.227
  0.028, -0.125,  0.226
  0.018, -0.131,  0.232
  0.021, -0.122,  0.231
  0.011, -0.127,  0.237
  0.014, -0.118,  0.235
  0.004, -0.123,  0.242
  0.008, -0.114,  0.239
 -0.002, -0.118,  0.246
  0.002, -0.109,  0.244
 -0.009, -0.112,  0.251
 -0.004, -0.104,  0.248
 -0.015, -0.106,  0.255
 -0.010, -0.098,  0.251
 -0.021, -0.099,  0.259
 -0.015, -0.092,  0.255
 -0.026, -0.092,  0.262
 -0.020, -0.085,  0.258
 -0.031, -0.084,  0.266
 -0.025, -0.078,  0.261
 -0.035, -0.076,  0.269
 -0.029, -0.070,  0.264
 -0.039, -0.067,  0.271
 -0.032, -0.062,  0.267
 -0.043, -0.058,  0.274
 -0.036, -0.054,  0.269
 -0.046, -0.049,  0.276
 -0.038, -0.045,  0.271
 -0.048, -0.039,  0.277
 -0.041, -0.037,  0.272
 -0.050, -0.030,  0.279
 -0.042, -0.028,  0.274
 -0.051, -0.020,  0.280
 -0.044, -0.019,  0.274
 -0.052, -0.010,  0.280
 -0.045, -0.009,  0.275
 -0.053, -0.000,  0.280
 -0.045, -0.000,  0.275
 -0.052,  0.010,  0.280
 -0.045,  0.009,  0.275
 -0.051,  0.020,  0.280
 -0.044,  0.019,  0.274
 -0.050,  0.030,  0.279
 -0.042,  0.028,  0.274
 -0.048,  0.039,  0.277
 -0.041,  0.037,  0.272
 -0.046,  0.049,  0.276
 -0.038,  0.045,  0.271
 -0.043,  0.058,  0.274
 -0.036,  0.054,  0.269
 -0.039,  0.067,  0.271
 -0.032,  0.062,  0.267
 -0.035,  0.076,  0.269
 -0.029,  0.070,  0.264
 -0.031,  0.084,  0.266
 -0.025,  0.078,  0.261
 -0.026,  0.092,  0.262
 -0.020,  0.085,  0.258
 -0.021,  0.099,  0.259
 -0.015,  0.092,  0.255
 -0.015,  0.106,  0.255
 -0.010,  0.098,  0.251
 -0.009,  0.112,  0.251
 -0.004,  0.104,  0.248
 -0.002,  0.118,  0.246
  0.002,  0.109,  0.244
  0.004,  0.123,  0.242
  0.008,  0.114,  0.239
  0.011,  0.127,  0.237
  0.014,  0.118,  0.235
  0.018,  0.131,  0.232
  0.021,  0.122,  0.231
  0.026,  0.134,  0.227
  0.028,  0.125,  0.226
  0.033,  0.137,  0.222
  0.035,  0.127,  0.221
  0.041,  0.139,  0.217
  0.042,  0.129,  0.216
  0.049,  0.140,  0.212
  0.049,  0.130,  0.211
  0.057,  0.140,  0.207
  0.057,  0.130,  0.207
  0.064,  0.140,  0.201
  0.064,  0.130,  0.202
  0.072,  0.139,  0.196
  0.071,  0.129,  0.197
  0.080,  0.137,  0.191
  0.078,  0.127,  0.192
  0.087,  0.134,  0.186
  0.085,  0.125,  0.187
  0.095,  0.131,  0.181
  0.092,  0.122,  0.183
  0.102,  0.127,  0.176
  0.099,  0.118,  0.178
  0.109,  0.123,  0.171
  0.105,  0.114,  0.174
  0.116,  0.118,  0.167
  0.111,  0.109,  0.170
  0.122,  0.112,  0.162
  0.117,  0.104,  0.166
  0.128,  0.106,  0.158
  0.123,  0.098,  0.162
  0.134,  0.099,  0.154
  0.128,  0.092,  0.158
  0.139,  0.092,  0.151
  0.133,  0.085,  0.155
  0.144,  0.084,  0.148
  0.138,  0.078,  0.152
  0.148,  0.076,  0.145
  0.142,  0.070,  0.149
  0.152,  0.067,  0.142
  0.146,  0.062,  0.146
  0.156,  0.058,  0.139
  0.149,  0.054,  0.144
  0.159,  0.049,  0.137
  0.152,  0.045,  0.142
  0.161,  0.039,  0.136
  0.154,  0.037,  0.141
  0.163,  0.030,  0.134
  0.156,  0.028,  0.140
  0.165,  0.020,  0.134
  0.157,  0.019,  0.139
  0.165,  0.010,  0.133
  0.158,  0.009,  0.138
  0.170,  0.000,  0.137
  0.163,  0.000,  0.143
  0.170, -0.010,  0.138
  0.162, -0.009,  0.143
  0.169, -0.020,  0.138
  0.162, -0.019,  0.144
  0.168, -0.030,  0.139
  0.160, -0.028,  0.144
  0.166, -0.039,  0.140
  0.159, -0.037,  0.146
  0.164, -0.049,  0.142
  0.156, -0.045,  0.147
  0.161, -0.058,  0.144
  0.154, -0.054,  0.149
  0.157, -0.067,  0.147
  0.151, -0.062,  0.151
  0.153, -0.076,  0.149
  0.147, -0.070,  0.154
  0.149, -0.084,  0.153
  0.143, -0.078,  0.157
  0.144, -0.092,  0.156
  0.138, -0.085,  0.160
  0.139, -0.099,  0.160
  0.134, -0.092,  0.164
  0.133, -0.106,  0.164
  0.128, -0.098,  0.167
  0.128, -0.112,  0.168
  0.123, -0.104,  0.171
  0.121, -0.118,  0.172
  0.117, -0.109,  0.175
  0.115, -0.123,  0.177
  0.111, -0.114,  0.180
  0.108, -0.127,  0.182
  0.105, -0.118,  0.184
  0.101, -0.131,  0.187
  0.098, -0.122,  0.189
  0.094, -0.134,  0.192
  0.092, -0.125,  0.194
  0.086, -0.137,  0.197
  0.085, -0.127,  0.199
  0.079, -0.139,  0.203
  0.078, -0.129,  0.204
  0.071, -0.140,  0.208
  0.071, -0.130,  0.209
  0.064, -0.140,  0.214
  0.064, -0.130,  0.214
  0.056, -0.140,  0.219
  0.057, -0.130,  0.219
  0.048, -0.139,  0.224
  0.050, -0.129,  0.224
  0.041, -0.137,  0.230
  0.043, -0.127,  0.229
  0.034, -0.134,  0.235
  0.036, -0.125,  0.234
  0.026, -0.131,  0.240
  0.029, -0.122,  0.238
  0.019, -0.127,  0.245
  0.023, -0.118,  0.243
  0.013, -0.123,  0.250
  0.016, -0.114,  0.248
  0.006, -0.118,  0.255
  0.010, -0.109,  0.252
 -0.000, -0.112,  0.259
  0.004, -0.104,  0.256
 -0.006, -0.106,  0.264
 -0.001, -0.098,  0.260
 -0.012, -0.099,  0.268
 -0.006, -0.092,  0.264
 -0.017, -0.092,  0.271
 -0.011, -0.085,  0.267
 -0.022, -0.084,  0.275
 -0.016, -0.078,  0.270
 -0.026, -0.076,  0.278
 -0.020, -0.070,  0.273
 -0.030, -0.067,  0.281
 -0.023, -0.062,  0.276
 -0.033, -0.058,  0.283
 -0.026, -0.054,  0.278
 -0.036, -0.049,  0.285
 -0.029, -0.045,  0.280
 -0.039, -0.039,  0.287
 -0.031, -0.037,  0.282
 -0.041, -0.030,  0.288
 -0.033, -0.028,  0.283
 -0.042, -0.020,  0.289
 -0.034, -0.019,  0.284
 -0.043, -0.010,  0.290
 -0.035, -0.009,  0.284
 -0.043, -0.000,  0.290
 -0.035, -0.000,  0.284
 -0.043,  0.010,  0.290
 -0.035,  0.009,  0.284
 -0.042,  0.020,  0.289
 -0.034,  0.019,  0.284
 -0.041,  0.030,  0.288
 -0.033,  0.028,  0.283
 -0.039,  0.039,  0.287
 -0.031,  0.037,  0.282
 -0.036,  0.049,  0.285
 -0.029,  0.045,  0.280
 -0.033,  0.058,  0.283
 -0.026,  0.054,  0.278
 -0.030,  0.067,  0.281
 -0.023,  0.062,  0.276
 -0.026,  0.076,  0.278
 -0.020,  0.070,  0.273
 -0.022,  0.084,  0.275
 -0.016,  0.078,  0.270
 -0.017,  0.092,  0.271
 -0.011,  0.085,  0.267
 -0.012,  0.099,  0.268
 -0.006,  0.092,  0.264
 -0.006,  0.106,  0.264
 -0.001,  0.098,  0.260
 -0.000,  0.112,  0.259
  0.004,  0.104,  0.256
  0.006,  0.118,  0.255
  0.010,  0.109,  0.252
  0.013,  0.123,  0.250
  0.016,  0.114,  0.248
  0.019,  0.127,  0.245
  0.023,  0.118,  0.243
  0.026,  0.131,  0.240
  0.029,  0.122,  0.238
  0.034,  0.134,  0.235
  0.036,  0.125,  0.234
  0.041,  0.137,  0.230
  0.043,  0.127,  0.229
  0.048,  0.139,  0.224
  0.050,  0.129,  0.224
  0.056,  0.140,  0.219
  0.057,  0.130,  0.219
  0.064,  0.140,  0.214
  0.064,  0.130,  0.214
  0.071,  0.140,  0.208
  0.071,  0.130,  0.209
  0.079,  0.139,  0.203
  0.078,  0.129,  0.204
  0.086,  0.137,  0.197
  0.085,  0.127,  0.199
  0.094,  0.134,  0.192
  0.092,  0.125,  0.194
  0.101,  0.131,  0.187
  0.098,  0.122,  0.189
  0.108,  0.127,  0.182
  0.105,  0.118,  0.184
  0.115,  0.123,  0.177
  0.111,  0.114,  0.180
  0.121,  0.118,  0.172
  0.117,  0.109,  0.175
  0.128,  0.112,  0.168
  0.123,  0.104,  0.171
  0.133,  0.106,  0.164
  0.128,  0.098,  0.167
  0.139,  0.099,  0.160
  0.134,  0.092,  0.164
  0.144,  0.092,  0.156
  0.138,  0.085,  0.160
  0.149,  0.084,  0.153
  0.143,  0.078,  0.157
  0.153,  0.076,  0.149
  0.147,  0.070,  0.154
  0.157,  0.067,  0.147
  0.151,  0.062,  0.151
  0.161,  0.058,  0.144
  0.154,  0.054,  0.149
  0.164,  0.049,  0.142
  0.156,  0.045,  0.147
  0.166,  0.039,  0.140
  0.159,  0.037,  0.146
  0.168,  0.030,  0.139
  0.160,  0.028,  0.144
  0.169,  0.020,  0.138
  0.162,  0.019,  0.144
  0.170,  0.010,  0.138
  0.162,  0.009,  0.143
  0.175,  0.000,  0.142
  0.167,  0.000,  0.148
  0.175, -0.010,  0.142
  0.167, -0.009,  0.148
  0.174, -0.020,  0.143
  0.166, -0.019,  0.148
  0.172, -0.030,  0.144
  0.165, -0.028,  0.149
  0.171, -0.039,  0.145
  0.163, -0.037,  0.150
  0.168, -0.049,  0.147
  0.161, -0.045,  0.152
  0.165, -0.058,  0.149
  0.159, -0.054,  0.154
  0.162, -0.067,  0.152
  0.156, -0.062,  0.156
  0.158, -0.076,  0.154
  0.152, -0.070,  0.159
  0.154, -0.084,  0.158
  0.148, -0.078,  0.162
  0.149, -0.092,  0.161
  0.144, -0.085,  0.165
  0.144, -0.099,  0.165
  0.139, -0.092,  0.169
  0.139, -0.106,  0.169
  0.134, -0.098,  0.173
  0.133, -0.112,  0.173
  0.129, -0.104,  0.177
  0.127, -0.118,  0.178
  0.123, -0.109,  0.181
  0.121, -0.123,  0.183
  0.117, -0.114,  0.186
  0.114, -0.127,  0.188
  0.111, -0.118,  0.190
  0.107, -0.131,  0.193
  0.104, -0.122,  0.195
  0.100, -0.134,  0.199
  0.098, -0.125,  0.200
  0.093, -0.137,  0.204
  0.091, -0.127,  0.205
  0.086, -0.139,  0.209
  0.084, -0.129,  0.210
  0.078, -0.140,  0.215
  0.078, -0.130,  0.215
  0.071, -0.140,  0.221
  0.071, -0.130,  0.221
  0.063, -0.140,  0.226
  0.064, -0.130,  0.226
  0.056, -0.139,  0.232
  0.057, -0.129,  0.231
  0.049, -0.137,  0.237
  0.050, -0.127,  0.236
  0.041, -0.134,  0.243
  0.043, -0.125,  0.241
  0.034, -0.131,  0.248
  0.037, -0.122,  0.246
  0.027, -0.127,  0.253
  0.031, -0.118,  0.251
  0.021, -0.123,  0.258
  0.024, -0.114,  0.256
  0.014, -0.118,  0.263
  0.018, -0.109,  0.260
  0.008, -0.112,  0.268
  0.013, -0.104,  0.265
  0.003, -0.106,  0.272
  0.007, -0.098,  0.269
 -0.003, -0.099,  0.276
  0.002, -0.092,  0.272
 -0.008, -0.092,  0.280
 -0.002, -0.085,  0.276
 -0.013, -0.084,  0.284
 -0.007, -0.078,  0.279
 -0.017, -0.076,  0.287
 -0.011, -0.070,  0.282
 -0.021, -0.067,  0.290
 -0.014, -0.062,  0.285
 -0.024, -0.058,  0.292
 -0.017, -0.054,  0.287
 -0.027, -0.049,  0.295
 -0.020, -0.045,  0.289
 -0.029, -0.039,  0.296
 -0.022, -0.037,  0.291
 -0.031, -0.030,  0.298
 -0.024, -0.028,  0.292
 -0.032, -0.020,  0.299
 -0.025, -0.019,  0.293
 -0.033, -0.010,  0.299
 -0.026, -0.009,  0.294
 -0.033, -0.000,  0.300
 -0.026, -0.000,  0.294
 -0.033,  0.010,  0.299
 -0.026,  0.009,  0.294
 -0.032,  0.020,  0.299
 -0.025,  0.019,  0.293
 -0.031,  0.030,  0.298
 -0.024,  0.028,  0.292
 -0.029,  0.039,  0.296
 -0.022,  0.037,  0.291
 -0.027,  0.049,  0.295
 -0.020,  0.045,  0.289
 -0.024,  0.058,  0.292
 -0.017,  0.054,  0.287
 -0.021,  0.067,  0.290
 -0.014,  0.062,  0.285
 -0.017,  0.076,  0.287
 -0.011,  0.070,  0.282
 -0.013,  0.084,  0.284
 -0.007,  0.078,  0.279
 -0.008,  0.092,  0.280
 -0.002,  0.085,  0.276
 -0.003,  0.099,  0.276
  0.002,  0.092,  0.272
  0.003,  0.106,  0.272
  0.007,  0.098,  0.269
  0.008,  0.112,  0.268
  0.013,  0.104,  0.265
  0.014,  0.118,  0.263
  0.018,  0.109,  0.260
  0.021,  0.123,  0.258
  0.024,  0.114,  0.256
  0.027,  0.127,  0.253
  0.031,  0.118,  0.251
  0.034,  0.131,  0.248
  0.037,  0.122,  0.246
  0.041,  0.134,  0.243
  0.043,  0.125,  0.241
  0.049,  0.137,  0.237
  0.050,  0.127,  0.236
  0.056,  0.139,  0.232
  0.057,  0.129,  0.231
  0.063,  0.140,  0.226
  0.064,  0.130,  0.226
  0.071,  0.140,  0.221
  0.071,  0.130,  0.221
  0.078,  0.140,  0.215
  0.078,  0.130,  0.215
  0.086,  0.139,  0.209
  0.084,  0.129,  0.210
  0.093,  0.137,  0.204
  0.091,  0.127,  0.205
  0.100,  0.134,  0.199
  0.098,  0.125,  0.200
  0.107,  0.131,  0.193
  0.104,  0.122,  0.195
  0.114,  0.127,  0.188
  0.111,  0.118,  0.190
  0.121,  0.123,  0.183
  0.117,  0.114,  0.186
  0.127,  0.118,  0.178
  0.123,  0.109,  0.181
  0.133,  0.112,  0.173
  0.129,  0.104,  0.177
  0.139,  0.106,  0.169
  0.134,  0.098,  0.173
  0.144,  0.099,  0.165
  0.139,  0.092,  0.169
  0.149,  0.092,  0.161
  0.144,  0.085,  0.165
  0.154,  0.084,  0.158
  0.148,  0.078,  0.162
  0.158,  0.076,  0.154
  0.152,  0.070,  0.159
  0.162,  0.067,  0.152
  0.156,  0.062,  0.156
  0.165,  0.058,  0.149
  0.159,  0.054,  0.154
  0.168,  0.049,  0.147
  0.161,  0.045,  0.152
  0.171,  0.039,  0.145
  0.163,  0.037,  0.150
  0.172,  0.030,  0.144
  0.165,  0.028,  0.149
  0.174,  0.020,  0.143
  0.166,  0.019,  0.148
  0.175,  0.010,  0.142
  0.167,  0.009,  0.148
  0.179,  0.000,  0.146
  0.172,  0.000,  0.152
  0.179, -0.010,  0.147
  0.172, -0.009,  0.152
  0.178, -0.020,  0.147
  0.171, -0.019,  0.153
  0.177, -0.030,  0.148
  0.170, -0.028,  0.154
  0.175, -0.039,  0.150
  0.168, -0.037,  0.155
  0.173, -0.049,  0.152
  0.166, -0.045,  0.157
  0.170, -0.058,  0.154
  0.164, -0.054,  0.159
  0.167, -0.067,  0.156
  0.161, -0.062,  0.161
  0.163, -0.076,  0.159
  0.157, -0.070,  0.164
  0.159, -0.084,  0.163
  0.153, -0.078,  0.167
  0.155, -0.092,  0.166
  0.149, -0.085,  0.171
  0.150, -0.099,  0.170
  0.144, -0.092,  0.174
  0.144, -0.106,  0.175
  0.140, -0.098,  0.178
  0.139, -0.112,  0.179
  0.134, -0.104,  0.183
  0.133, -0.118,  0.184
  0.129, -0.109,  0.187
  0.126, -0.123,  0.189
  0.123, -0.114,  0.192
  0.120, -0.127,  0.194
  0.117, -0.118,  0.196
  0.113, -0.131,  0.199
  0.111, -0.122,  0.201
  0.106, -0.134,  0.205
  0.104, -0.125,  0.206
  0.099, -0.137,  0.210
  0.098, -0.127,  0.212
  0.092, -0.139,  0.216
  0.091, -0.129,  0.217
  0.085, -0.140,  0.222
  0.085, -0.130,  0.222
  0.078, -0.140,  0.228
  0.078, -0.130,  0.228
  0.071, -0.140,  0.234
  0.071, -0.130,  0.233
  0.063, -0.139,  0.239
  0.064, -0.129,  0.239
  0.056, -0.137,  0.245
  0.058, -0.127,  0.244
  0.049, -0.134,  0.251
  0.051, -0.125,  0.249
  0.042, -0.131,  0.256
  0.045, -0.122,  0.254
  0.036, -0.127,  0.262
  0.039, -0.118,  0.259
  0.029, -0.123,  0.267
  0.033, -0.114,  0.264
  0.023, -0.118,  0.272
  0.027, -0.109,  0.269
  0.017, -0.112,  0.277
  0.021, -0.104,  0.273
  0.011, -0.106,  0.281
  0.016, -0.098,  0.277
  0.006, -0.099,  0.285
  0.011, -0.092,  0.281
  0.001, -0.092,  0.289
  0.007, -0.085,  0.285
 -0.004, -0.084,  0.293
  0.002, -0.078,  0.288
 -0.008, -0.076,  0.296
 -0.002, -0.070,  0.291
 -0.011, -0.067,  0.299
 -0.005, -0.062,  0.294
 -0.015, -0.058,  0.302
 -0.008, -0.054,  0.297
 -0.017, -0.049,  0.304
 -0.011, -0.045,  0.299
 -0.020, -0.039,  0.306
 -0.013, -0.037,  0.300
 -0.021, -0.030,  0.307
 -0.014, -0.028,  0.302
 -0.023, -0.020,  0.308
 -0.016, -0.019,  0.303
 -0.024, -0.010,  0.309
 -0.016, -0.009,  0.303
 -0.024, -0.000,  0.309
 -0.017, -0.000,  0.303
 -0.024,  0.010,  0.309
 -0.016,  0.009,  0.303
 -0.023,  0.020,  0.308
 -0.016,  0.019,  0.303
 -0.021,  0.030,  0.307
 -0.014,  0.028,  0.302
 -0.020,  0.039,  0.306
 -0.013,  0.037,  0.300
 -0.017,  0.049,  0.304
 -0.011,  0.045,  0.299
 -0.015,  0.058,  0.302
 -0.008,  0.054,  0.297
 -0.011,  0.067,  0.299
 -0.005,  0.062,  0.294
 -0.008,  0.076,  0.296
 -0.002,  0.070,  0.291
 -0.004,  0.084,  0.293
  0.002,  0.078,  0.288
  0.001,  0.092,  0.289
  0.007,  0.085,  0.285
  0.006,  0.099,  0.285
  0.011,  0.092,  0.281
  0.011,  0.106,  0.281
  0.016,  0.098,  0.277
  0.017,  0.112,  0.277
  0.021,  0.104,  0.273
  0.023,  0.118,  0.272
  0.027,  0.109,  0.269
  0.029,  0.123,  0.267
  0.033,  0.114,  0.264
  0.036,  0.127,  0.262
  0.039,  0.118,  0.259
  0.042,  0.131,  0.256
  0.045,  0.122,  0.254
  0.049,  0.134,  0.251
  0.051,  0.125,  0.249
  0.056,  0.137,  0.245
  0.058,  0.127,  0.244
  0.063,  0.139,  0.239
  0.064,  0.129,  0.239
  0.071,  0.140,  0.234
  0.071,  0.130,  0.233
  0.078,  0.140,  0.228
  0.078,  0.130,  0.228
  0.085,  0.140,  0.222
  0.085,  0.130,  0.222
  0.092,  0.139,  0.216
  0.091,  0.129,  0.217
  0.099,  0.137,  0.210
  0.098,  0.127,  0.212
  0.106,  0.134,  0.205
  0.104,  0.125,  0.206
  0.113,  0.131,  0.199
  0.111,  0.122,  0.201
  0.120,  0.127,  0.194
  0.117,  0.118,  0.196
  0.126,  0.123,  0.189
  0.123,  0.114,  0.192
  0.133,  0.118,  0.184
  0.129,  0.109,  0.187
  0.139,  0.112,  0.179
  0.134,  0.104,  0.183
  0.144,  0.106,  0.175
  0.140,  0.098,  0.178
  0.150,  0.099,  0.170
  0.144,  0.092,  0.174
  0.155,  0.092,  0.166
  0.149,  0.085,  0.171
  0.159,  0.084,  0.163
  0.153,  0.078,  0.167
  0.163,  0.076,  0.159
  0.157,  0.070,  0.164
  0.167,  0.067,  0.156
  0.161,  0.062,  0.161
  0.170,  0.058,  0.154
  0.164,  0.054,  0.159
  0.173,  0.049,  0.152
  0.166,  0.045,  0.157
  0.175,  0.039,  0.150
  0.168,  0.037,  0.155
  0.177,  0.030,  0.148
  0.170,  0.028,  0.154
  0.178,  0.020,  0.147
  0.171,  0.019,  0.153
  0.179,  0.010,  0.147
  0.172,  0.009,  0.152
  0.184,  0.000,  0.151
  0.177,  0.000,  0.157
  0.184, -0.010,  0.151
  0.177, -0.009,  0.157
  0.183, -0.020,  0.152
  0.176, -0.019,  0.158
  0.182, -0.030,  0.153
  0.175, -0.028,  0.159
  0.180, -0.039,  0.154
  0.173, -0.037,  0.160
  0.178, -0.049,  0.156
  0.171, -0.045,  0.162
  0.175, -0.058,  0.159
  0.169, -0.054,  0.164
  0.172, -0.067,  0.161
  0.166, -0.062,  0.166
  0.168, -0.076,  0.164
  0.162, -0.070,  0.169
  0.164, -0.084,  0.168
  0.158, -0.078,  0.172
  0.160, -0.092,  0.171
  0.154, -0.085,  0.176
  0.155, -0.099,  0.176
  0.150, -0.092,  0.180
  0.150, -0.106,  0.180
  0.145, -0.098,  0.184
  0.144, -0.112,  0.185
  0.140, -0.104,  0.188
  0.138, -0.118,  0.190
  0.135, -0.109,  0.193
  0.132, -0.123,  0.195
  0.129, -0.114,  0.198
  0.126, -0.127,  0.200
  0.123, -0.118,  0.202
  0.119, -0.131,  0.206
  0.117, -0.122,  0.208
  0.113, -0.134,  0.211
  0.111, -0.125,  0.213
  0.106, -0.137,  0.217
  0.104, -0.127,  0.218
  0.099, -0.139,  0.223
  0.098, -0.129,  0.224
  0.092, -0.140,  0.229
  0.091, -0.130,  0.229
  0.085, -0.140,  0.235
  0.085, -0.130,  0.235
  0.078, -0.140,  0.241
  0.078, -0.130,  0.240
  0.071, -0.139,  0.247
  0.072, -0.129,  0.246
  0.064, -0.137,  0.253
  0.065, -0.127,  0.251
  0.057, -0.134,  0.258
  0.059, -0.125,  0.257
  0.050, -0.131,  0.264
  0.053, -0.122,  0.262
  0.044, -0.127,  0.270
  0.047, -0.118,  0.267
  0.037, -0.123,  0.275
  0.041, -0.114,  0.272
  0.031, -0.118,  0.280
  0.035, -0.109,  0.277
  0.026, -0.112,  0.285
  0.030, -0.104,  0.282
  0.020, -0.106,  0.290
  0.025, -0.098,  0.286
  0.015, -0.099,  0.294
  0.020, -0.092,  0.290
  0.010, -0.092,  0.298
  0.015, -0.085,  0.294
  0.006, -0.084,  0.302
  0.011, -0.078,  0.297
  0.002, -0.076,  0.305
  0.007, -0.070,  0.300
 -0.002, -0.067,  0.308
  0.004, -0.062,  0.303
 -0.005, -0.058,  0.311
  0.001, -0.054,  0.306
 -0.008, -0.049,  0.313
 -0.001, -0.045,  0.308
 -0.010, -0.039,  0.315
 -0.003, -0.037,  0.310
 -0.012, -0.030,  0.317
 -0.005, -0.028,  0.311
 -0.013, -0.020,  0.318
 -0.006, -0.019,  0.312
 -0.014, -0.010,  0.319
 -0.007, -0.009,  0.313
 -0.014, -0.000,  0.319
 -0.007, -0.000,  0.313
 -0.014,  0.010,  0.319
 -0.007,  0.009,  0.313
 -0.013,  0.020,  0.318
 -0.006,  0.019,  0.312
 -0.012,  0.030,  0.317
 -0.005,  0.028,  0.311
 -0.010,  0.039,  0.315
 -0.003,  0.037,  0.310
 -0.008,  0.049,  0.313
 -0.001,  0.045,  0.308
 -0.005,  0.058,  0.311
  0.001,  0.054,  0.306
 -0.002,  0.067,  0.308
  0.004,  0.062,  0.303
  0.002,  0.076,  0.305
  0.007,  0.070,  0.300
  0.006,  0.084,  0.302
  0.011,  0.078,  0.297
  0.010,  0.092,  0.298
  0.015,  0.085,  0.294
  0.015,  0.099,  0.294
  0.020,  0.092,  0.290
  0.020,  0.106,  0.290
  0.025,  0.098,  0.286
  0.026,  0.112,  0.285
  0.030,  0.104,  0.282
  0.031,  0.118,  0.280
  0.035,  0.109,  0.277
  0.037,  0.123,  0.275
  0.041,  0.114,  0.272
  0.044,  0.127,  0.270
  0.047,  0.118,  0.267
  0.050,  0.131,  0.264
  0.053,  0.122,  0.262
  0.057,  0.134,  0.258
  0.059,  0.125,  0.257
  0.064,  0.137,  0.253
  0.065,  0.127,  0.251
  0.071,  0.139,  0.247
  0.072,  0.129,  0.246
  0.078,  0.140,  0.241
  0.078,  0.130,  0.240
  0.085,  0.140,  0.235
  0.085,  0.130,  0.235
  0.092,  0.140,  0.229
  0.091,  0.130,  0.229
  0.099,  0.139,  0.223
  0.098,  0.129,  0.224
  0.106,  0.137,  0.217
  0.104,  0.127,  0.218
  0.113,  0.134,  0.211
  0.111,  0.125,  0.213
  0.119,  0.131,  0.206
  0.117,  0.122,  0.208
  0.126,  0.127,  0.200
  0.123,  0.118,  0.202
  0.132,  0.123,  0.195
  0.129,  0.114,  0.198
  0.138,  0.118,  0.190
  0.135,  0.109,  0.193
  0.144,  0.112,  0.185
  0.140,  0.104,  0.188
  0.150,  0.106,  0.180
  0.145,  0.098,  0.184
  0.155,  0.099,  0.176
  0.150,  0.092,  0.180
  0.160,  0.092,  0.171
  0.154,  0.085,  0.176
  0.164,  0.084,  0.168
  0.158,  0.078,  0.172
  0.168,  0.076,  0.164
  0.162,  0.070,  0.169
  0.172,  0.067,  0.161
  0.166,  0.062,  0.166
  0.175,  0.058,  0.159
  0.169,  0.054,  0.164
  0.178,  0.049,  0.156
  0.171,  0.045,  0.162
  0.180,  0.039,  0.154
  0.173,  0.037,  0.160
  0.182,  0.030,  0.153
  0.175,  0.028,  0.159
  0.183,  0.020,  0.152
  0.176,  0.019,  0.158
  0.184,  0.010,  0.151
  0.177,  0.009,  0.157
  0.188,  0.000,  0.156
  0.182,  0.000,  0.162
  0.188, -0.010,  0.156
  0.181, -0.009,  0.162
  0.187, -0.020,  0.156
  0.181, -0.019,  0.163
  0.186, -0.030,  0.157
  0.179, -0.028,  0.164
  0.185, -0.039,  0.159
  0.178, -0.037,  0.165
  0.182, -0.049,  0.161
  0.176, -0.045,  0.167
  0.180, -0.058,  0.163
  0.173, -0.054,  0.169
  0.177, -0.067,  0.166
  0.171, -0.062,  0.172
  0.173, -0.076,  0.169
  0.167, -0.070,  0.174
  0.169, -0.084,  0.173
  0.164, -0.078,  0.178
  0.165, -0.092,  0.177
  0.160, -0.085,  0.181
  0.160, -0.099,  0.181
  0.155, -0.092,  0.185
  0.155, -0.106,  0.185
  0.151, -0.098,  0.189
  0.150, -0.112,  0.190
  0.146, -0.104,  0.194
  0.144, -0.118,  0.195
  0.140, -0.109,  0.199
  0.138, -0.123,  0.201
  0.135, -0.114,  0.203
  0.132, -0.127,  0.206
  0.129, -0.118,  0.209
  0.126, -0.131,  0.212
  0.123, -0.122,  0.214
  0.119, -0.134,  0.218
  0.117, -0.125,  0.219
  0.112, -0.137,  0.224
  0.111, -0.127,  0.225
  0.106, -0.139,  0.230
  0.105, -0.129,  0.231
  0.099, -0.140,  0.236
  0.098, -0.130,  0.236
  0.092, -0.140,  0.242
  0.092, -0.130,  0.242
  0.085, -0.140,  0.248
  0.086, -0.130,  0.248
  0.078, -0.139,  0.254
  0.079, -0.129,  0.253
  0.071, -0.137,  0.260
  0.073, -0.127,  0.259
  0.065, -0.134,  0.266
  0.067, -0.125,  0.265
  0.058, -0.131,  0.272
  0.061, -0.122,  0.270
  0.052, -0.127,  0.278
  0.055, -0.118,  0.275
  0.046, -0.123,  0.283
  0.049, -0.114,  0.280
  0.040, -0.118,  0.289
  0.043, -0.109,  0.285
  0.034, -0.112,  0.294
  0.038, -0.104,  0.290
  0.029, -0.106,  0.299
  0.033, -0.098,  0.294
  0.024, -0.099,  0.303
  0.029, -0.092,  0.299
  0.019, -0.092,  0.307
  0.024, -0.085,  0.303
  0.015, -0.084,  0.311
  0.020, -0.078,  0.306
  0.011, -0.076,  0.315
  0.017, -0.070,  0.309
  0.007, -0.067,  0.318
  0.013, -0.062,  0.312
  0.004, -0.058,  0.321
  0.010, -0.054,  0.315
  0.001, -0.049,  0.323
  0.008, -0.045,  0.317
 -0.001, -0.039,  0.325
  0.006, -0.037,  0.319
 -0.002, -0.030,  0.326
  0.004, -0.028,  0.320
 -0.004, -0.020,  0.327
  0.003, -0.019,  0.321
 -0.004, -0.010,  0.328
  0.003, -0.009,  0.322
 -0.005, -0.000,  0.328
  0.002, -0.000,  0.322
 -0.004,  0.010,  0.328
  0.003,  0.009,  0.322
 -0.004,  0.020,  0.327
  0.003,  0.019,  0.321
 -0.002,  0.030,  0.326
  0.004,  0.028,  0.320
 -0.001,  0.039,  0.325
  0.006,  0.037,  0.319
  0.001,  0.049,  0.323
  0.008,  0.045,  0.317
  0.004,  0.058,  0.321
  0.010,  0.054,  0.315
  0.007,  0.067,  0.318
  0.013,  0.062,  0.312
  0.011,  0.076,  0.315
  0.017,  0.070,  0.309
  0.015,  0.084,  0.311
  0.020,  0.078,  0.306
  0.019,  0.092,  0.307
  0.024,  0.085,  0.303
  0.024,  0.099,  0.303
  0.029,  0.092,  0.299
  0.029,  0.106,  0.299
  0.033,  0.098,  0.294
  0.034,  0.112,  0.294
  0.038,  0.104,  0.290
  0.040,  0.118,  0.289
  0.043,  0.109,  0.285
  0.046,  0.123,  0.283
  0.049,  0.114,  0.280
  0.052,  0.127,  0.278
  0.055,  0.118,  0.275
  0.058,  0.131,  0.272
  0.061,  0.122,  0.270
  0.065,  0.134,  0.266
  0.067,  0.125,  0.265
  0.071,  0.137,  0.260
  0.073,  0.127,  0.259
  0.078,  0.139,  0.254
  0.079,  0.129,  0.253
  0.085,  0.140,  0.248
  0.086,  0.130,  0.248
  0.092,  0.140,  0.242
  0.092,  0.130,  0.242
  0.099,  0.140,  0.236
  0.098,  0.130,  0.236
  0.106,  0.139,  0.230
  0.105,  0.129,  0.231
  0.112,  0.137,  0.224
  0.111,  0.127,  0.225
  0.119,  0.134,  0.218
  0.117,  0.125,  0.219
  0.126,  0.131,  0.212
  0.123,  0.122,  0.214
  0.132,  0.127,  0.206
  0.129,  0.118,  0.209
  0.138,  0.123,  0.201
  0.135,  0.114,  0.203
  0.144,  0.118,  0.195
  0.140,  0.109,  0.199
  0.150,  0.112,  0.190
  0.146,  0.104,  0.194
  0.155,  0.106,  0.185
  0.151,  0.098,  0.189
  0.160,  0.099,  0.181
  0.155,  0.092,  0.185
  0.165,  0.092,  0.177
  0.160,  0.085,  0.181
  0.169,  0.084,  0.173
  0.164,  0.078,  0.178
  0.173,  0.076,  0.169
  0.167,  0.070,  0.174
  0.177,  0.067,  0.166
  0.171,  0.062,  0.172
  0.180,  0.058,  0.163
  0.173,  0.054,  0.169
  0.182,  0.049,  0.161
  0.176,  0.045,  0.167
  0.185,  0.039,  0.159
  0.178,  0.037,  0.165
  0.186,  0.030,  0.157
  0.179,  0.028,  0.164
  0.187,  0.020,  0.156
  0.181,  0.019,  0.163
  0.188,  0.010,  0.156
  0.181,  0.009,  0.162
  0.193,  0.000,  0.160
  0.186,  0.000,  0.166
  0.193, -0.010,  0.160
  0.186, -0.009,  0.167
  0.192, -0.020,  0.161
  0.185, -0.019,  0.167
  0.191, -0.030,  0.162
  0.184, -0.028,  0.168
  0.189, -0.039,  0.164
  0.183, -0.037,  0.170
  0.187, -0.049,  0.166
  0.181, -0.045,  0.172
  0.184, -0.058,  0.168
  0.178, -0.054,  0.174
  0.181, -0.067,  0.171
  0.176, -0.062,  0.177
  0.178, -0.076,  0.174
  0.172, -0.070,  0.180
  0.174, -0.084,  0.178
  0.169, -0.078,  0.183
  0.170, -0.092,  0.182
  0.165, -0.085,  0.187
  0.165, -0.099,  0.186
  0.161, -0.092,  0.191
  0.161, -0.106,  0.191
  0.156, -0.098,  0.195
  0.155, -0.112,  0.196
  0.151, -0.104,  0.200
  0.150, -0.118,  0.201
  0.146, -0.109,  0.204
  0.144, -0.123,  0.206
  0.141, -0.114,  0.209
  0.138, -0.127,  0.212
  0.135, -0.118,  0.215
  0.132, -0.131,  0.218
  0.129, -0.122,  0.220
  0.125, -0.134,  0.224
  0.124, -0.125,  0.226
  0.119, -0.137,  0.230
  0.118, -0.127,  0.231
  0.112, -0.139,  0.236
  0.111, -0.129,  0.237
  0.106, -0.140,  0.243
  0.105, -0.130,  0.243
  0.099, -0.140,  0.249
  0.099, -0.130,  0.249
  0.092, -0.140,  0.255
  0.093, -0.130,  0.255
  0.086, -0.139,  0.262
  0.087, -0.129,  0.261
  0.079, -0.137,  0.268
  0.080, -0.127,  0.267
  0.073, -0.134,  0.274
  0.074, -0.125,  0.272
  0.066, -0.131,  0.280
  0.068, -0.122,  0.278
  0.060, -0.127,  0.286
  0.063, -0.118,  0.283
  0.054, -0.123,  0.292
  0.057, -0.114,  0.289
  0.048, -0.118,  0.297
  0.052, -0.109,  0.294
  0.043, -0.112,  0.302
  0.047, -0.104,  0.298
  0.037, -0.106,  0.307
  0.042, -0.098,  0.303
  0.033, -0.099,  0.312
  0.037, -0.092,  0.307
  0.028, -0.092,  0.316
  0.033, -0.085,  0.311
  0.024, -0.084,  0.320
  0.029, -0.078,  0.315
  0.020, -0.076,  0.324
  0.026, -0.070,  0.318
  0.017, -0.067,  0.327
  0.022, -0.062,  0.321
  0.014, -0.058,  0.330
  0.020, -0.054,  0.324
  0.011, -0.049,  0.332
  0.017, -0.045,  0.326
  0.009, -0.039,  0.334
  0.015, -0.037,  0.328
  0.007, -0.030,  0.336
  0.014, -0.028,  0.330
  0.006, -0.020,  0.337
  0.013, -0.019,  0.331
  0.005, -0.010,  0.338
  0.012, -0.009,  0.331
  0.005, -0.000,  0.338
  0.012, -0.000,  0.332
  0.005,  0.010,  0.338
  0.012,  0.009,  0.331
  0.006,  0.020,  0.337
  0.013,  0.019,  0.331
  0.007,  0.030,  0.336
  0.014,  0.028,  0.330
  0.009,  0.039,  0.334
  0.015,  0.037,  0.328
  0.011,  0.049,  0.332
  0.017,  0.045,  0.326
  0.014,  0.058,  0.330
  0.020,  0.054,  0.324
  0.017,  0.067,  0.327
  0.022,  0.062,  0.321
  0.020,  0.076,  0.324
  0.026,  0.070,  0.318
  0.024,  0.084,  0.320
  0.029,  0.078,  0.315
  0.028,  0.092,  0.316
  0.033,  0.085,  0.311
  0.033,  0.099,  0.312
  0.037,  0.092,  0.307
  0.037,  0.106,  0.307
  0.042,  0.098,  0.303
  0.043,  0.112,  0.302
  0.047,  0.104,  0.298
  0.048,  0.118,  0.297
  0.052,  0.109,  0.294
  0.054,  0.123,  0.292
  0.057,  0.114,  0.289
  0.060,  0.127,  0.286
  0.063,  0.118,  0.283
  0.066,  0.131,  0.280
  0.068,  0.122,  0.278
  0.073,  0.134,  0.274
  0.074,  0.125,  0.272
  0.079,  0.137,  0.268
  0.080,  0.127,  0.267
  0.086,  0.139,  0.262
  0.087,  0.129,  0.261
  0.092,  0.140,  0.255
  0.093,  0.130,  0.255
  0.099,  0.140,  0.249
  0.099,  0.130,  0.249
  0.106,  0.140,  0.243
  0.105,  0.130,  0.243
  0.112,  0.139,  0.236
  0.111,  0.129,  0.237
  0.119,  0.137,  0.230
  0.118,  0.127,  0.231
  0.125,  0.134,  0.224
  0.124,  0.125,  0.226
  0.132,  0.131,  0.218
  0.129,  0.122,  0.220
  0.138,  0.127,  0.212
  0.135,  0.118,  0.215
  0.144,  0.123,  0.206
  0.141,  0.114,  0.209
  0.150,  0.118,  0.201
  0.146,  0.109,  0.204
  0.155,  0.112,  0.196
  0.151,  0.104,  0.200
  0.161,  0.106,  0.191
  0.156,  0.098,  0.195
  0.165,  0.099,  0.186
  0.161,  0.092,  0.191
  0.170,  0.092,  0.182
  0.165,  0.085,  0.187
  0.174,  0.084,  0.178
  0.169,  0.078,  0.183
  0.178,  0.076,  0.174
  0.172,  0.070,  0.180
  0.181,  0.067,  0.171
  0.176,  0.062,  0.177
  0.184,  0.058,  0.168
  0.178,  0.054,  0.174
  0.187,  0.049,  0.166
  0.181,  0.045,  0.172
  0.189,  0.039,  0.164
  0.183,  0.037,  0.170
  0.191,  0.030,  0.162
  0.184,  0.028,  0.168
  0.192,  0.020,  0.161
  0.185,  0.019,  0.167
  0.193,  0.010,  0.160
  0.186,  0.009,  0.167
  0.198,  0.000,  0.165
  0.191,  0.000,  0.171
  0.197, -0.010,  0.165
  0.191, -0.009,  0.171
  0.197, -0.020,  0.166
  0.190, -0.019,  0.172
  0.195, -0.030,  0.167
  0.189, -0.028,  0.173
  0.194, -0.039,  0.168
  0.188, -0.037,  0.175
  0.192, -0.049,  0.170
  0.186, -0.045,  0.176
  0.189, -0.058,  0.173
  0.183, -0.054,  0.179
  0.186, -0.067,  0.176
  0.181, -0.062,  0.182
  0.183, -0.076,  0.179
  0.178, -0.070,  0.185
  0.179, -0.084,  0.183
  0.174, -0.078,  0.188
  0.175, -0.092,  0.187
  0.170, -0.085,  0.192
  0.171, -0.099,  0.191
  0.166, -0.092,  0.196
  0.166, -0.106,  0.196
  0.162, -0.098,  0.200
  0.161, -0.112,  0.201
  0.157, -0.104,  0.205
  0.156, -0.118,  0.207
  0.152, -0.109,  0.210
  0.150, -0.123,  0.212
  0.147, -0.114,  0.215
  0.144, -0.127,  0.218
  0.141, -0.118,  0.221
  0.138, -0.131,  0.224
  0.136, -0.122,  0.226
  0.132, -0.134,  0.230
  0.130, -0.125,  0.232
  0.126, -0.137,  0.237
  0.124, -0.127,  0.238
  0.119, -0.139,  0.243
  0.118, -0.129,  0.244
  0.113, -0.140,  0.250
  0.112, -0.130,  0.250
  0.106, -0.140,  0.256
  0.106, -0.130,  0.256
  0.100, -0.140,  0.263
  0.100, -0.130,  0.262
  0.093, -0.139,  0.269
  0.094, -0.129,  0.268
  0.087, -0.137,  0.276
  0.088, -0.127,  0.274
  0.080, -0.134,  0.282
  0.082, -0.125,  0.280
  0.074, -0.131,  0.288
  0.076, -0.122,  0.286
  0.068, -0.127,  0.294
  0.071, -0.118,  0.291
  0.062, -0.123,  0.300
  0.065, -0.114,  0.297
  0.057, -0.118,  0.306
  0.060, -0.109,  0.302
  0.051, -0.112,  0.311
  0.055, -0.104,  0.307
  0.046, -0.106,  0.316
  0.050, -0.098,  0.312
  0.041, -0.099,  0.321
  0.046, -0.092,  0.316
  0.037, -0.092,  0.325
  0.042, -0.085,  0.320
  0.033, -0.084,  0.329
  0.038, -0.078,  0.324
  0.029, -0.076,  0.333
  0.035, -0.070,  0.328
  0.026, -0.067,  0.336
  0.032, -0.062,  0.331
  0.023, -0.058,  0.339
  0.029, -0.054,  0.333
  0.020, -0.049,  0.342
  0.026, -0.045,  0.336
  0.018, -0.039,  0.344
  0.025, -0.037,  0.338
  0.017, -0.030,  0.345
  0.023, -0.028,  0.339
  0.016, -0.020,  0.347
  0.022, -0.019,  0.340
  0.015, -0.010,  0.347
  0.021, -0.009,  0.341
  0.015, -0.000,  0.348
  0.021, -0.000,  0.341
  0.015,  0.010,  0.347
  0.021,  0.009,  0.341
  0.016,  0.020,  0.347
  0.022,  0.019,  0.340
  0.017,  0.030,  0.345
  0.023,  0.028,  0.339
  0.018,  0.039,  0.344
  0.025,  0.037,  0.338
  0.020,  0.049,  0.342
  0.026,  0.045,  0.336
  0.023,  0.058,  0.339
  0.029,  0.054,  0.333
  0.026,  0.067,  0.336
  0.032,  0.062,  0.331
  0.029,  0.076,  0.333
  0.035,  0.070,  0.328
  0.033,  0.084,  0.329
  0.038,  0.078,  0.324
  0.037,  0.092,  0.325
  0.042,  0.085,  0.320
  0.041,  0.099,  0.321
  0.046,  0.092,  0.316
  0.046,  0.106,  0.316
  0.050,  0.098,  0.312
  0.051,  0.112,  0.311
  0.055,  0.104,  0.307
  0.057,  0.118,  0.306
  0.060,  0.109,  0.302
  0.062,  0.123,  0.300
  0.065,  0.114,  0.297
  0.068,  0.127,  0.294
  0.071,  0.118,  0.291
  0.074,  0.131,  0.288
  0.076,  0.122,  0.286
  0.080,  0.134,  0.282
  0.082,  0.125,  0.280
  0.087,  0.137,  0.276
  0.088,  0.127,  0.274
  0.093,  0.139,  0.269
  0.094,  0.129,  0.268
  0.100,  0.140,  0.263
  0.100,  0.130,  0.262
  0.106,  0.140,  0.256
  0.106,  0.130,  0.256
  0.113,  0.140,  0.250
  0.112,  0.130,  0.250
  0.119,  0.139,  0.243
  0.118,  0.129,  0.244
  0.126,  0.137,  0.237
  0.124,  0.127,  0.238
  0.132,  0.134,  0.230
  0.130,  0.125,  0.232
  0.138,  0.131,  0.224
  0.136,  0.122,  0.226
  0.144,  0.127,  0.218
  0.141,  0.118,  0.221
  0.150,  0.123,  0.212
  0.147,  0.114,  0.215
  0.156,  0.118,  0.207
  0.152,  0.109,  0.210
  0.161,  0.112,  0.201
  0.157,  0.104,  0.205
  0.166,  0.106,  0.196
  0.162,  0.098,  0.200
  0.171,  0.099,  0.191
  0.166,  0.092,  0.196
  0.175,  0.092,  0.187
  0.170,  0.085,  0.192
  0.179,  0.084,  0.183
  0.174,  0.078,  0.188
  0.183,  0.076,  0.179
  0.178,  0.070,  0.185
  0.186,  0.067,  0.176
  0.181,  0.062,  0.182
  0.189,  0.058,  0.173
  0.183,  0.054,  0.179
  0.192,  0.049,  0.170
  0.186,  0.045,  0.176
  0.194,  0.039,  0.168
  0.188,  0.037,  0.175
  0.195,  0.030,  0.167
  0.189,  0.028,  0.173
  0.197,  0.020,  0.166
  0.190,  0.019,  0.172
  0.197,  0.010,  0.165
  0.191,  0.009,  0.171
  0.196,  0.000,  0.176
  0.202,  0.000,  0.169
  0.196,  0.009,  0.176
  0.202,  0.010,  0.169
  0.195,  0.019,  0.177
  0.201,  0.020,  0.170
  0.194,  0.028,  0.178
  0.200,  0.030,  0.171
  0.192,  0.037,  0.179
  0.198,  0.039,  0.173
  0.191,  0.045,  0.181
  0.196,  0.049,  0.175
  0.188,  0.054,  0.184
  0.194,  0.058,  0.178
  0.186,  0.062,  0.187
  0.191,  0.067,  0.181
  0.183,  0.070,  0.190
  0.188,  0.076,  0.184
  0.179,  0.078,  0.193
  0.184,  0.084,  0.188
  0.176,  0.085,  0.197
  0.180,  0.092,  0.192
  0.172,  0.092,  0.201
  0.176,  0.099,  0.197
  0.167,  0.098,  0.206
  0.171,  0.106,  0.202
  0.163,  0.104,  0.211
  0.166,  0.112,  0.207
  0.158,  0.109,  0.216
  0.161,  0.118,  0.212
  0.153,  0.114,  0.221
  0.156,  0.123,  0.218
  0.147,  0.118,  0.227
  0.150,  0.127,  0.224
  0.142,  0.122,  0.233
  0.144,  0.131,  0.230
  0.136,  0.125,  0.239
  0.138,  0.134,  0.237
  0.131,  0.127,  0.245
  0.132,  0.137,  0.243
  0.125,  0.129,  0.251
  0.126,  0.139,  0.250
  0.119,  0.130,  0.257
  0.119,  0.140,  0.256
  0.113,  0.130,  0.263
  0.113,  0.140,  0.263
  0.107,  0.130,  0.269
  0.107,  0.140,  0.270
  0.101,  0.129,  0.276
  0.100,  0.139,  0.277
  0.096,  0.127,  0.282
  0.094,  0.137,  0.283
  0.090,  0.125,  0.288
  0.088,  0.134,  0.290
  0.084,  0.122,  0.294
  0.082,  0.131,  0.296
  0.079,  0.118,  0.299
  0.076,  0.127,  0.302
  0.074,  0.114,  0.305
  0.071,  0.123,  0.308
  0.068,  0.109,  0.310
  0.065,  0.118,  0.314
  0.064,  0.104,  0.315
  0.060,  0.112,  0.319
  0.059,  0.098,  0.320
  0.055,  0.106,  0.325
  0.055,  0.092,  0.325
  0.050,  0.099,  0.330
  0.051,  0.085,  0.329
  0.046,  0.092,  0.334
  0.047,  0.078,  0.333
  0.042,  0.084,  0.338
  0.044,  0.070,  0.337
  0.038,  0.076,  0.342
  0.041,  0.062,  0.340
  0.035,  0.067,  0.346
  0.038,  0.054,  0.343
  0.032,  0.058,  0.349
  0.036,  0.045,  0.345
  0.030,  0.049,  0.351
  0.034,  0.037,  0.347
  0.028,  0.039,  0.353
  0.032,  0.028,  0.348
  0.026,  0.030,  0.355
  0.031,  0.019,  0.350
  0.025,  0.020,  0.356
  0.031,  0.009,  0.350
  0.024,  0.010,  0.357
  0.031,  0.000,  0.350
  0.024,  0.000,  0.357
  0.031, -0.009,  0.350
  0.024, -0.010,  0.357
  0.031, -0.019,  0.350
  0.025, -0.020,  0.356
  0.032, -0.028,  0.348
  0.026, -0.030,  0.355
  0.034, -0.037,  0.347
  0.028, -0.039,  0.353
  0.036, -0.045,  0.345
  0.030, -0.049,  0.351
  0.038, -0.054,  0.343
  0.032, -0.058,  0.349
  0.041, -0.062,  0.340
  0.035, -0.067,  0.346
  0.044, -0.070,  0.337
  0.038, -0.076,  0.342
  0.047, -0.078,  0.333
  0.042, -0.084,  0.338
  0.051, -0.085,  0.329
  0.046, -0.092,  0.334
  0.055, -0.092,  0.325
  0.050, -0.099,  0.330
  0.059, -0.098,  0.320
  0.055, -0.106,  0.325
  0.064, -0.104,  0.315
  0.060, -0.112,  0.319
  0.068, -0.109,  0.310
  0.065, -0.118,  0.314
  0.074, -0.114,  0.305
  0.071, -0.123,  0.308
  0.079, -0.118,  0.299
  0.076, -0.127,  0.302
  0.084, -0.122,  0.294
  0.082, -0.131,  0.296
  0.090, -0.125,  0.288
  0.088, -0.134,  0.290
  0.096, -0.127,  0.282
  0.094, -0.137,  0.283
  0.101, -0.129,  0.276
  0.100, -0.139,  0.277
  0.107, -0.130,  0.269
  0.107, -0.140,  0.270
  0.113, -0.130,  0.263
  0.113, -0.140,  0.263
  0.119, -0.130,  0.257
  0.119, -0.140,  0.256
  0.125, -0.129,  0.251
  0.126, -0.139,  0.250
  0.131, -0.127,  0.245
  0.132, -0.137,  0.243
  0.136, -0.125,  0.239
  0.138, -0.134,  0.237
  0.142, -0.122,  0.233
  0.144, -0.131,  0.230
  0.147, -0.118,  0.227
  0.150, -0.127,  0.224
  0.153, -0.114,  0.221
  0.156, -0.123,  0.218
  0.158, -0.109,  0.216
  0.161, -0.118,  0.212
  0.163, -0.104,  0.211
  0.166, -0.112,  0.207
  0.167, -0.098,  0.206
  0.171, -0.106,  0.202
  0.172, -0.092,  0.201
  0.176, -0.099,  0.197
  0.176, -0.085,  0.197
  0.180, -0.092,  0.192
  0.179, -0.078,  0.193
  0.184, -0.084,  0.188
  0.183, -0.070,  0.190
  0.188, -0.076,  0.184
  0.186, -0.062,  0.187
  0.191, -0.067,  0.181
  0.188, -0.054,  0.184
  0.194, -0.058,  0.178
  0.191, -0.045,  0.181
  0.196, -0.049,  0.175
  0.192, -0.037,  0.179
  0.198, -0.039,  0.173
  0.194, -0.028,  0.178
  0.200, -0.030,  0.171
  0.195, -0.019,  0.177
  0.201, -0.020,  0.170
  0.196, -0.009,  0.176
  0.202, -0.010,  0.169
  0.200,  0.000,  0.181
  0.207,  0.000,  0.174
  0.200,  0.009,  0.181
  0.206,  0.010,  0.174
  0.200,  0.019,  0.182
  0.206,  0.020,  0.175
  0.199,  0.028,  0.183
  0.205,  0.030,  0.176
  0.197,  0.037,  0.184
  0.203,  0.039,  0.178
  0.195,  0.045,  0.186
  0.201,  0.049,  0.180
  0.193,  0.054,  0.189
  0.199,  0.058,  0.182
  0.191,  0.062,  0.192
  0.196,  0.067,  0.186
  0.188,  0.070,  0.195
  0.193,  0.076,  0.189
  0.184,  0.078,  0.198
  0.189,  0.084,  0.193
  0.181,  0.085,  0.202
  0.186,  0.092,  0.197
  0.177,  0.092,  0.207
  0.181,  0.099,  0.202
  0.173,  0.098,  0.212
  0.177,  0.106,  0.207
  0.168,  0.104,  0.217
  0.172,  0.112,  0.212
  0.164,  0.109,  0.222
  0.167,  0.118,  0.218
  0.159,  0.114,  0.227
  0.162,  0.123,  0.224
  0.154,  0.118,  0.233
  0.156,  0.127,  0.230
  0.148,  0.122,  0.239
  0.150,  0.131,  0.236
  0.143,  0.125,  0.245
  0.145,  0.134,  0.243
  0.137,  0.127,  0.251
  0.139,  0.137,  0.250
  0.132,  0.129,  0.257
  0.133,  0.139,  0.256
  0.126,  0.130,  0.264
  0.126,  0.140,  0.263
  0.120,  0.130,  0.270
  0.120,  0.140,  0.270
  0.114,  0.130,  0.277
  0.114,  0.140,  0.277
  0.109,  0.129,  0.283
  0.108,  0.139,  0.284
  0.103,  0.127,  0.289
  0.102,  0.137,  0.291
  0.098,  0.125,  0.295
  0.096,  0.134,  0.297
  0.092,  0.122,  0.302
  0.090,  0.131,  0.304
  0.087,  0.118,  0.307
  0.084,  0.127,  0.310
  0.082,  0.114,  0.313
  0.079,  0.123,  0.316
  0.077,  0.109,  0.319
  0.073,  0.118,  0.322
  0.072,  0.104,  0.324
  0.068,  0.112,  0.328
  0.068,  0.098,  0.329
  0.064,  0.106,  0.333
  0.063,  0.092,  0.334
  0.059,  0.099,  0.338
  0.060,  0.085,  0.338
  0.055,  0.092,  0.343
  0.056,  0.078,  0.342
  0.051,  0.084,  0.347
  0.053,  0.070,  0.346
  0.048,  0.076,  0.351
  0.050,  0.062,  0.349
  0.044,  0.067,  0.355
  0.047,  0.054,  0.352
  0.042,  0.058,  0.358
  0.045,  0.045,  0.354
  0.039,  0.049,  0.361
  0.043,  0.037,  0.356
  0.037,  0.039,  0.363
  0.042,  0.028,  0.358
  0.036,  0.030,  0.365
  0.041,  0.019,  0.359
  0.035,  0.020,  0.366
  0.040,  0.009,  0.360
  0.034,  0.010,  0.366
  0.040,  0.000,  0.360
  0.034,  0.000,  0.367
  0.040, -0.009,  0.360
  0.034, -0.010,  0.366
  0.041, -0.019,  0.359
  0.035, -0.020,  0.366
  0.042, -0.028,  0.358
  0.036, -0.030,  0.365
  0.043, -0.037,  0.356
  0.037, -0.039,  0.363
  0.045, -0.045,  0.354
  0.039, -0.049,  0.361
  0.047, -0.054,  0.352
  0.042, -0.058,  0.358
  0.050, -0.062,  0.349
  0.044, -0.067,  0.355
  0.053, -0.070,  0.346
  0.048, -0.076,  0.351
  0.056, -0.078,  0.342
  0.051, -0.084,  0.347
  0.060, -0.085,  0.338
  0.055, -0.092,  0.343
  0.063, -0.092,  0.334
  0.059, -0.099,  0.338
  0.068, -0.098,  0.329
  0.064, -0.106,  0.333
  0.072, -0.104,  0.324
  0.068, -0.112,  0.328
  0.077, -0.109,  0.319
  0.073, -0.118,  0.322
  0.082, -0.114,  0.313
  0.079, -0.123,  0.316
  0.087, -0.118,  0.307
  0.084, -0.127,  0.310
  0.092, -0.122,  0.302
  0.090, -0.131,  0.304
  0.098, -0.125,  0.295
  0.096, -0.134,  0.297
  0.103, -0.127,  0.289
  0.102, -0.137,  0.291
  0.109, -0.129,  0.283
  0.108, -0.139,  0.284
  0.114, -0.130,  0.277
  0.114, -0.140,  0.277
  0.120, -0.130,  0.270
  0.120, -0.140,  0.270
  0.126, -0.130,  0.264
  0.126, -0.140,  0.263
  0.132, -0.129,  0.257
  0.133, -0.139,  0.256
  0.137, -0.127,  0.251
  0.139, -0.137,  0.250
  0.143, -0.125,  0.245
  0.145, -0.134,  0.243
  0.148, -0.122,  0.239
  0.150, -0.131,  0.236
  0.154, -0.118,  0.233
  0.156, -0.127,  0.230
  0.159, -0.114,  0.227
  0.162, -0.123,  0.224
  0.164, -0.109,  0.222
  0.167, -0.118,  0.218
  0.168, -0.104,  0.217
  0.172, -0.112,  0.212
  0.173, -0.098,  0.212
  0.177, -0.106,  0.207
  0.177, -0.092,  0.207
  0.181, -0.099,  0.202
  0.181, -0.085,  0.202
  0.186, -0.092,  0.197
  0.184, -0.078,  0.198
  0.189, -0.084,  0.193
  0.188, -0.070,  0.195
  0.193, -0.076,  0.189
  0.191, -0.062,  0.192
  0.196, -0.067,  0.186
  0.193, -0.054,  0.189
  0.199, -0.058,  0.182
  0.195, -0.045,  0.186
  0.201, -0.049,  0.180
  0.197, -0.037,  0.184
  0.203, -0.039,  0.178
  0.199, -0.028,  0.183
  0.205, -0.030,  0.176
  0.200, -0.019,  0.182
  0.206, -0.020,  0.175
  0.200, -0.009,  0.181
  0.206, -0.010,  0.174
  0.205,  0.000,  0.185
  0.211,  0.000,  0.178
  0.205,  0.009,  0.186
  0.211,  0.010,  0.178
  0.204,  0.019,  0.186
  0.210,  0.020,  0.179
  0.203,  0.028,  0.187
  0.209,  0.030,  0.181
  0.202,  0.037,  0.189
  0.208,  0.039,  0.182
  0.200,  0.045,  0.191
  0.206,  0.049,  0.184
  0.198,  0.054,  0.194
  0.204,  0.058,  0.187
  0.196,  0.062,  0.197
  0.201,  0.067,  0.190
  0.193,  0.070,  0.200
  0.198,  0.076,  0.194
  0.190,  0.078,  0.204
  0.194,  0.084,  0.198
  0.186,  0.085,  0.208
  0.191,  0.092,  0.202
  0.182,  0.092,  0.212
  0.187,  0.099,  0.207
  0.178,  0.098,  0.217
  0.182,  0.106,  0.212
  0.174,  0.104,  0.222
  0.178,  0.112,  0.218
  0.169,  0.109,  0.228
  0.173,  0.118,  0.224
  0.165,  0.114,  0.233
  0.167,  0.123,  0.230
  0.160,  0.118,  0.239
  0.162,  0.127,  0.236
  0.154,  0.122,  0.245
  0.157,  0.131,  0.243
  0.149,  0.125,  0.251
  0.151,  0.134,  0.249
  0.144,  0.127,  0.258
  0.145,  0.137,  0.256
  0.138,  0.129,  0.264
  0.139,  0.139,  0.263
  0.133,  0.130,  0.271
  0.133,  0.140,  0.270
  0.127,  0.130,  0.277
  0.127,  0.140,  0.277
  0.122,  0.130,  0.284
  0.121,  0.140,  0.284
  0.116,  0.129,  0.290
  0.115,  0.139,  0.291
  0.111,  0.127,  0.297
  0.109,  0.137,  0.298
  0.105,  0.125,  0.303
  0.104,  0.134,  0.305
  0.100,  0.122,  0.309
  0.098,  0.131,  0.312
  0.095,  0.118,  0.315
  0.092,  0.127,  0.318
  0.090,  0.114,  0.321
  0.087,  0.123,  0.325
  0.085,  0.109,  0.327
  0.082,  0.118,  0.331
  0.081,  0.104,  0.332
  0.077,  0.112,  0.337
  0.076,  0.098,  0.338
  0.072,  0.106,  0.342
  0.072,  0.092,  0.342
  0.068,  0.099,  0.347
  0.068,  0.085,  0.347
  0.064,  0.092,  0.352
  0.065,  0.078,  0.351
  0.060,  0.084,  0.357
  0.062,  0.070,  0.355
  0.057,  0.076,  0.361
  0.059,  0.062,  0.358
  0.054,  0.067,  0.364
  0.056,  0.054,  0.361
  0.051,  0.058,  0.367
  0.054,  0.045,  0.363
  0.049,  0.049,  0.370
  0.053,  0.037,  0.366
  0.047,  0.039,  0.372
  0.051,  0.028,  0.367
  0.045,  0.030,  0.374
  0.050,  0.019,  0.368
  0.044,  0.020,  0.375
  0.050,  0.009,  0.369
  0.044,  0.010,  0.376
  0.049,  0.000,  0.369
  0.043,  0.000,  0.376
  0.050, -0.009,  0.369
  0.044, -0.010,  0.376
  0.050, -0.019,  0.368
  0.044, -0.020,  0.375
  0.051, -0.028,  0.367
  0.045, -0.030,  0.374
  0.053, -0.037,  0.366
  0.047, -0.039,  0.372
  0.054, -0.045,  0.363
  0.049, -0.049,  0.370
  0.056, -0.054,  0.361
  0.051, -0.058,  0.367
  0.059, -0.062,  0.358
  0.054, -0.067,  0.364
  0.062, -0.070,  0.355
  0.057, -0.076,  0.361
  0.065, -0.078,  0.351
  0.060, -0.084,  0.357
  0.068, -0.085,  0.347
  0.064, -0.092,  0.352
  0.072, -0.092,  0.342
  0.068, -0.099,  0.347
  0.076, -0.098,  0.338
  0.072, -0.106,  0.342
  0.081, -0.104,  0.332
  0.077, -0.112,  0.337
  0.085, -0.109,  0.327
  0.082, -0.118,  0.331
  0.090, -0.114,  0.321
  0.087, -0.123,  0.325
  0.095, -0.118,  0.315
  0.092, -0.127,  0.318
  0.100, -0.122,  0.309
  0.098, -0.131,  0.312
  0.105, -0.125,  0.303
  0.104, -0.134,  0.305
  0.111, -0.127,  0.297
  0.109, -0.137,  0.298
  0.116, -0.129,  0.290
  0.115, -0.139,  0.291
  0.122, -0.130,  0.284
  0.121, -0.140,  0.284
  0.127, -0.130,  0.277
  0.127, -0.140,  0.277
  0.133, -0.130,  0.271
  0.133, -0.140,  0.270
  0.138, -0.129,  0.264
  0.139, -0.139,  0.263
  0.144, -0.127,  0.258
  0.145, -0.137,  0.256
  0.149, -0.125,  0.251
  0.151, -0.134,  0.249
  0.154, -0.122,  0.245
  0.157, -0.131,  0.243
  0.160, -0.118,  0.239
  0.162, -0.127,  0.236
  0.165, -0.114,  0.233
  0.167, -0.123,  0.230
  0.169, -0.109,  0.228
  0.173, -0.118,  0.224
  0.174, -0.104,  0.222
  0.178, -0.112,  0.218
  0.178, -0.098,  0.217
  0.182, -0.106,  0.212
  0.182, -0.092,  0.212
  0.187, -0.099,  0.207
  0.186, -0.085,  0.208
  0.191, -0.092,  0.202
  0.190, -0.078,  0.204
  0.194, -0.084,  0.198
  0.193, -0.070,  0.200
  0.198, -0.076,  0.194
  0.196, -0.062,  0.197
  0.201, -0.067,  0.190
  0.198, -0.054,  0.194
  0.204, -0.058,  0.187
  0.200, -0.045,  0.191
  0.206, -0.049,  0.184
  0.202, -0.037,  0.189
  0.208, -0.039,  0.182
  0.203, -0.028,  0.187
  0.209, -0.030,  0.181
  0.204, -0.019,  0.186
  0.210, -0.020,  0.179
  0.205, -0.009,  0.186
  0.211, -0.010,  0.178
  0.210,  0.000,  0.190
  0.216,  0.000,  0.183
  0.210,  0.009,  0.190
  0.216,  0.010,  0.183
  0.209,  0.019,  0.191
  0.215,  0.020,  0.184
  0.208,  0.028,  0.192
  0.214,  0.030,  0.185
  0.207,  0.037,  0.194
  0.212,  0.039,  0.187
  0.205,  0.045,  0.196
  0.211,  0.049,  0.189
  0.203,  0.054,  0.199
  0.208,  0.058,  0.192
  0.201,  0.062,  0.202
  0.206,  0.067,  0.195
  0.198,  0.070,  0.205
  0.203,  0.076,  0.199
  0.195,  0.078,  0.209
  0.199,  0.084,  0.203
  0.191,  0.085,  0.213
  0.196,  0.092,  0.208
  0.188,  0.092,  0.218
  0.192,  0.099,  0.213
  0.184,  0.098,  0.223
  0.188,  0.106,  0.218
  0.180,  0.104,  0.228
  0.183,  0.112,  0.223
  0.175,  0.109,  0.233
  0.178,  0.118,  0.229
  0.171,  0.114,  0.239
  0.173,  0.123,  0.236
  0.166,  0.118,  0.245
  0.168,  0.127,  0.242
  0.161,  0.122,  0.251
  0.163,  0.131,  0.249
  0.156,  0.125,  0.258
  0.157,  0.134,  0.256
  0.150,  0.127,  0.264
  0.152,  0.137,  0.263
  0.145,  0.129,  0.271
  0.146,  0.139,  0.270
  0.140,  0.130,  0.278
  0.140,  0.140,  0.277
  0.134,  0.130,  0.284
  0.134,  0.140,  0.284
  0.129,  0.130,  0.291
  0.129,  0.140,  0.292
  0.124,  0.129,  0.298
  0.123,  0.139,  0.299
  0.118,  0.127,  0.304
  0.117,  0.137,  0.306
  0.113,  0.125,  0.311
  0.111,  0.134,  0.313
  0.108,  0.122,  0.317
  0.106,  0.131,  0.320
  0.103,  0.118,  0.324
  0.101,  0.127,  0.327
  0.098,  0.114,  0.330
  0.095,  0.123,  0.333
  0.094,  0.109,  0.335
  0.090,  0.118,  0.339
  0.089,  0.104,  0.341
  0.086,  0.112,  0.345
  0.085,  0.098,  0.346
  0.081,  0.106,  0.351
  0.081,  0.092,  0.351
  0.077,  0.099,  0.356
  0.077,  0.085,  0.356
  0.073,  0.092,  0.361
  0.074,  0.078,  0.360
  0.069,  0.084,  0.366
  0.071,  0.070,  0.364
  0.066,  0.076,  0.370
  0.068,  0.062,  0.367
  0.063,  0.067,  0.373
  0.066,  0.054,  0.370
  0.060,  0.058,  0.377
  0.064,  0.045,  0.373
  0.058,  0.049,  0.380
  0.062,  0.037,  0.375
  0.056,  0.039,  0.382
  0.061,  0.028,  0.377
  0.055,  0.030,  0.384
  0.060,  0.019,  0.378
  0.054,  0.020,  0.385
  0.059,  0.009,  0.378
  0.053,  0.010,  0.386
  0.059,  0.000,  0.379
  0.053,  0.000,  0.386
  0.059, -0.009,  0.378
  0.053, -0.010,  0.386
  0.060, -0.019,  0.378
  0.054, -0.020,  0.385
  0.061, -0.028,  0.377
  0.055, -0.030,  0.384
  0.062, -0.037,  0.375
  0.056, -0.039,  0.382
  0.064, -0.045,  0.373
  0.058, -0.049,  0.380
  0.066, -0.054,  0.370
  0.060, -0.058,  0.377
  0.068, -0.062,  0.367
  0.063, -0.067,  0.373
  0.071, -0.070,  0.364
  0.066, -0.076,  0.370
  0.074, -0.078,  0.360
  0.069, -0.084,  0.366
  0.077, -0.085,  0.356
  0.073, -0.092,  0.361
  0.081, -0.092,  0.351
  0.077, -0.099,  0.356
  0.085, -0.098,  0.346
  0.081, -0.106,  0.351
  0.089, -0.104,  0.341
  0.086, -0.112,  0.345
  0.094, -0.109,  0.335
  0.090, -0.118,  0.339
  0.098, -0.114,  0.330
  0.095, -0.123,  0.333
  0.103, -0.118,  0.324
  0.101, -0.127,  0.327
  0.108, -0.122,  0.317
  0.106, -0.131,  0.320
  0.113, -0.125,  0.311
  0.111, -0.134,  0.313
  0.118, -0.127,  0.304
  0.117, -0.137,  0.306
  0.124, -0.129,  0.298
  0.123, -0.139,  0.299
  0.129, -0.130,  0.291
  0.129, -0.140,  0.292
  0.134, -0.130,  0.284
  0.134, -0.140,  0.284
  0.140, -0.130,  0.278
  0.140, -0.140,  0.277
  0.145, -0.129,  0.271
  0.146, -0.139,  0.270
  0.150, -0.127,  0.264
  0.152, -0.137,  0.263
  0.156, -0.125,  0.258
  0.157, -0.134,  0.256
  0.161, -0.122,  0.251
  0.163, -0.131,  0.249
  0.166, -0.118,  0.245
  0.168, -0.127,  0.242
  0.171, -0.114,  0.239
  0.173, -0.123,  0.236
  0.175, -0.109,  0.233
  0.178, -0.118,  0.229
  0.180, -0.104,  0.228
  0.183, -0.112,  0.223
  0.184, -0.098,  0.223
  0.188, -0.106,  0.218
  0.188, -0.092,  0.218
  0.192, -0.099,  0.213
  0.191, -0.085,  0.213
  0.196, -0.092,  0.208
  0.195, -0.078,  0.209
  0.199, -0.084,  0.203
  0.198, -0.070,  0.205
  0.203, -0.076,  0.199
  0.201, -0.062,  0.202
  0.206, -0.067,  0.195
  0.203, -0.054,  0.199
  0.208, -0.058,  0.192
  0.205, -0.045,  0.196
  0.211, -0.049,  0.189
  0.207, -0.037,  0.194
  0.212, -0.039,  0.187
  0.208, -0.028,  0.192
  0.214, -0.030,  0.185
  0.209, -0.019,  0.191
  0.215, -0.020,  0.184
  0.210, -0.009,  0.190
  0.216, -0.010,  0.183
  0.215,  0.000,  0.195
  0.220,  0.000,  0.187
  0.214,  0.009,  0.195
  0.220,  0.010,  0.188
  0.214,  0.019,  0.196
  0.219,  0.020,  0.188
  0.213,  0.028,  0.197
  0.218,  0.030,  0.190
  0.212,  0.037,  0.199
  0.217,  0.039,  0.192
  0.210,  0.045,  0.201
  0.215,  0.049,  0.194
  0.208,  0.054,  0.204
  0.213,  0.058,  0.197
  0.206,  0.062,  0.207
  0.211,  0.067,  0.200
  0.203,  0.070,  0.210
  0.208,  0.076,  0.204
  0.200,  0.078,  0.214
  0.205,  0.084,  0.208
  0.197,  0.085,  0.218
  0.201,  0.092,  0.213
  0.193,  0.092,  0.223
  0.197,  0.099,  0.218
  0.189,  0.098,  0.228
  0.193,  0.106,  0.223
  0.185,  0.104,  0.233
  0.189,  0.112,  0.229
  0.181,  0.109,  0.239
  0.184,  0.118,  0.235
  0.177,  0.114,  0.245
  0.179,  0.123,  0.242
  0.172,  0.118,  0.251
  0.174,  0.127,  0.248
  0.167,  0.122,  0.258
  0.169,  0.131,  0.255
  0.162,  0.125,  0.264
  0.164,  0.134,  0.262
  0.157,  0.127,  0.271
  0.158,  0.137,  0.269
  0.152,  0.129,  0.278
  0.153,  0.139,  0.277
  0.147,  0.130,  0.285
  0.147,  0.140,  0.284
  0.141,  0.130,  0.291
  0.141,  0.140,  0.291
  0.136,  0.130,  0.298
  0.136,  0.140,  0.299
  0.131,  0.129,  0.305
  0.130,  0.139,  0.306
  0.126,  0.127,  0.312
  0.125,  0.137,  0.314
  0.121,  0.125,  0.319
  0.119,  0.134,  0.321
  0.116,  0.122,  0.325
  0.114,  0.131,  0.328
  0.111,  0.118,  0.332
  0.109,  0.127,  0.335
  0.106,  0.114,  0.338
  0.104,  0.123,  0.341
  0.102,  0.109,  0.344
  0.099,  0.118,  0.348
  0.098,  0.104,  0.349
  0.094,  0.112,  0.354
  0.093,  0.098,  0.355
  0.090,  0.106,  0.360
  0.090,  0.092,  0.360
  0.086,  0.099,  0.365
  0.086,  0.085,  0.364
  0.082,  0.092,  0.370
  0.083,  0.078,  0.369
  0.078,  0.084,  0.375
  0.080,  0.070,  0.373
  0.075,  0.076,  0.379
  0.077,  0.062,  0.376
  0.072,  0.067,  0.383
  0.075,  0.054,  0.379
  0.070,  0.058,  0.386
  0.073,  0.045,  0.382
  0.068,  0.049,  0.389
  0.071,  0.037,  0.384
  0.066,  0.039,  0.391
  0.070,  0.028,  0.386
  0.064,  0.030,  0.393
  0.069,  0.019,  0.387
  0.063,  0.020,  0.394
  0.068,  0.009,  0.388
  0.063,  0.010,  0.395
  0.068,  0.000,  0.388
  0.063,  0.000,  0.396
  0.068, -0.009,  0.388
  0.063, -0.010,  0.395
  0.069, -0.019,  0.387
  0.063, -0.020,  0.394
  0.070, -0.028,  0.386
  0.064, -0.030,  0.393
  0.071, -0.037,  0.384
  0.066, -0.039,  0.391
  0.073, -0.045,  0.382
  0.068, -0.049,  0.389
  0.075, -0.054,  0.379
  0.070, -0.058,  0.386
  0.077, -0.062,  0.376
  0.072, -0.067,  0.383
  0.080, -0.070,  0.373
  0.075, -0.076,  0.379
  0.083, -0.078,  0.369
  0.078, -0.084,  0.375
  0.086, -0.085,  0.364
  0.082, -0.092,  0.370
  0.090, -0.092,  0.360
  0.086, -0.099,  0.365
  0.093, -0.098,  0.355
  0.090, -0.106,  0.360
  0.098, -0.104,  0.349
  0.094, -0.112,  0.354
  0.102, -0.109,  0.344
  0.099, -0.118,  0.348
  0.106, -0.114,  0.338
  0.104, -0.123,  0.341
  0.111, -0.118,  0.332
  0.109, -0.127,  0.335
  0.116, -0.122,  0.325
  0.114, -0.131,  0.328
  0.121, -0.125,  0.319
  0.119, -0.134,  0.321
  0.126, -0.127,  0.312
  0.125, -0.137,  0.314
  0.131, -0.129,  0.305
  0.130, -0.139,  0.306
  0.136, -0.130,  0.298
  0.136, -0.140,  0.299
  0.141, -0.130,  0.291
  0.141, -0.140,  0.291
  0.147, -0.130,  0.285
  0.147, -0.140,  0.284
  0.152, -0.129,  0.278
  0.153, -0.139,  0.277
  0.157, -0.127,  0.271
  0.158, -0.137,  0.269
  0.162, -0.125,  0.264
  0.164, -0.134,  0.262
  0.167, -0.122,  0.258
  0.169, -0.131,  0.255
  0.172, -0.118,  0.251
  0.174, -0.127,  0.248
  0.177, -0.114,  0.245
  0.179, -0.123,  0.242
  0.181, -0.109,  0.239
  0.184, -0.118,  0.235
  0.185, -0.104,  0.233
  0.189, -0.112,  0.229
  0.189, -0.098,  0.228
  0.193, -0.106,  0.223
  0.193, -0.092,  0.223
  0.197, -0.099,  0.218
  0.197, -0.085,  0.218
  0.201, -0.092,  0.213
  0.200, -0.078,  0.214
  0.205, -0.084,  0.208
  0.203, -0.070,  0.210
  0.208, -0.076,  0.204
  0.206, -0.062,  0.207
  0.211, -0.067,  0.200
  0.208, -0.054,  0.204
  0.213, -0.058,  0.197
  0.210, -0.045,  0.201
  0.215, -0.049,  0.194
  0.212, -0.037,  0.199
  0.217, -0.039,  0.192
  0.213, -0.028,  0.197
  0.218, -0.030,  0.190
  0.214, -0.019,  0.196
  0.219, -0.020,  0.188
  0.214, -0.009,  0.195
  0.220, -0.010,  0.188
  0.219,  0.000,  0.199
  0.225,  0.000,  0.192
  0.219,  0.009,  0.200
  0.225,  0.010,  0.192
  0.219,  0.019,  0.201
  0.224,  0.020,  0.193
  0.218,  0.028,  0.202
  0.223,  0.030,  0.194
  0.216,  0.037,  0.204
  0.222,  0.039,  0.196
  0.215,  0.045,  0.206
  0.220,  0.049,  0.199
  0.213,  0.054,  0.208
  0.218,  0.058,  0.202
  0.211,  0.062,  0.212
  0.215,  0.067,  0.205
  0.208,  0.070,  0.215
  0.213,  0.076,  0.209
  0.205,  0.078,  0.219
  0.210,  0.084,  0.213
  0.202,  0.085,  0.224
  0.206,  0.092,  0.218
  0.199,  0.092,  0.228
  0.202,  0.099,  0.223
  0.195,  0.098,  0.234
  0.198,  0.106,  0.229
  0.191,  0.104,  0.239
  0.194,  0.112,  0.235
  0.187,  0.109,  0.245
  0.190,  0.118,  0.241
  0.182,  0.114,  0.251
  0.185,  0.123,  0.247
  0.178,  0.118,  0.257
  0.180,  0.127,  0.254
  0.173,  0.122,  0.264
  0.175,  0.131,  0.261
  0.168,  0.125,  0.271
  0.170,  0.134,  0.268
  0.164,  0.127,  0.277
  0.165,  0.137,  0.276
  0.159,  0.129,  0.284
  0.159,  0.139,  0.283
  0.154,  0.130,  0.291
  0.154,  0.140,  0.291
  0.148,  0.130,  0.298
  0.148,  0.140,  0.298
  0.143,  0.130,  0.306
  0.143,  0.140,  0.306
  0.138,  0.129,  0.313
  0.138,  0.139,  0.314
  0.133,  0.127,  0.320
  0.132,  0.137,  0.321
  0.129,  0.125,  0.326
  0.127,  0.134,  0.329
  0.124,  0.122,  0.333
  0.122,  0.131,  0.336
  0.119,  0.118,  0.340
  0.117,  0.127,  0.343
  0.115,  0.114,  0.346
  0.112,  0.123,  0.350
  0.110,  0.109,  0.352
  0.107,  0.118,  0.356
  0.106,  0.104,  0.358
  0.103,  0.112,  0.362
  0.102,  0.098,  0.363
  0.099,  0.106,  0.368
  0.098,  0.092,  0.368
  0.095,  0.099,  0.374
  0.095,  0.085,  0.373
  0.091,  0.092,  0.379
  0.092,  0.078,  0.378
  0.087,  0.084,  0.384
  0.089,  0.070,  0.382
  0.084,  0.076,  0.388
  0.086,  0.062,  0.385
  0.082,  0.067,  0.392
  0.084,  0.054,  0.389
  0.079,  0.058,  0.395
  0.082,  0.045,  0.391
  0.077,  0.049,  0.398
  0.081,  0.037,  0.393
  0.075,  0.039,  0.401
  0.079,  0.028,  0.395
  0.074,  0.030,  0.403
  0.078,  0.019,  0.396
  0.073,  0.020,  0.404
  0.078,  0.009,  0.397
  0.072,  0.010,  0.405
  0.078,  0.000,  0.397
  0.072,  0.000,  0.405
  0.078, -0.009,  0.397
  0.072, -0.010,  0.405
  0.078, -0.019,  0.396
  0.073, -0.020,  0.404
  0.079, -0.028,  0.395
  0.074, -0.030,  0.403
  0.081, -0.037,  0.393
  0.075, -0.039,  0.401
  0.082, -0.045,  0.391
  0.077, -0.049,  0.398
  0.084, -0.054,  0.389
  0.079, -0.058,  0.395
  0.086, -0.062,  0.385
  0.082, -0.067,  0.392
  0.089, -0.070,  0.382
  0.084, -0.076,  0.388
  0.092, -0.078,  0.378
  0.087, -0.084,  0.384
  0.095, -0.085,  0.373
  0.091, -0.092,  0.379
  0.098, -0.092,  0.368
  0.095, -0.099,  0.374
  0.102, -0.098,  0.363
  0.099, -0.106,  0.368
  0.106, -0.104,  0.358
  0.103, -0.112,  0.362
  0.110, -0.109,  0.352
  0.107, -0.118,  0.356
  0.115, -0.114,  0.346
  0.112, -0.123,  0.350
  0.119, -0.118,  0.340
  0.117, -0.127,  0.343
  0.124, -0.122,  0.333
  0.122, -0.131,  0.336
  0.129, -0.125,  0.326
  0.127, -0.134,  0.329
  0.133, -0.127,  0.320
  0.132, -0.137,  0.321
  0.138, -0.129,  0.313
  0.138, -0.139,  0.314
  0.143, -0.130,  0.306
  0.143, -0.140,  0.306
  0.148, -0.130,  0.298
  0.148, -0.140,  0.298
  0.154, -0.130,  0.291
  0.154, -0.140,  0.291
  0.159, -0.129,  0.284
  0.159, -0.139,  0.283
  0.164, -0.127,  0.277
  0.165, -0.137,  0.276
  0.168, -0.125,  0.271
  0.170, -0.134,  0.268
  0.173, -0.122,  0.264
  0.175, -0.131,  0.261
  0.178, -0.118,  0.257
  0.180, -0.127,  0.254
  0.182, -0.114,  0.251
  0.185, -0.123,  0.247
  0.187, -0.109,  0.245
  0.190, -0.118,  0.241
  0.191, -0.104,  0.239
  0.194, -0.112,  0.235
  0.195, -0.098,  0.234
  0.198, -0.106,  0.229
  0.199, -0.092,  0.228
  0.202, -0.099,  0.223
  0.202, -0.085,  0.224
  0.206, -0.092,  0.218
  0.205, -0.078,  0.219
  0.210, -0.084,  0.213
  0.208, -0.070,  0.215
  0.213, -0.076,  0.209
  0.211, -0.062,  0.212
  0.215, -0.067,  0.205
  0.213, -0.054,  0.208
  0.218, -0.058,  0.202
  0.215, -0.045,  0.206
  0.220, -0.049,  0.199
  0.216, -0.037,  0.204
  0.222, -0.039,  0.196
  0.218, -0.028,  0.202
  0.223, -0.030,  0.194
  0.219, -0.019,  0.201
  0.224, -0.020,  0.193
  0.219, -0.009,  0.200
  0.225, -0.010,  0.192
  0.224,  0.000,  0.204
  0.229,  0.000,  0.196
  0.224,  0.009,  0.204
  0.229,  0.010,  0.197
  0.223,  0.019,  0.205
  0.229,  0.020,  0.198
  0.223,  0.028,  0.207
  0.228,  0.030,  0.199
  0.221,  0.037,  0.208
  0.226,  0.039,  0.201
  0.220,  0.045,  0.211
  0.225,  0.049,  0.203
  0.218,  0.054,  0.213
  0.223,  0.058,  0.206
  0.216,  0.062,  0.217
  0.220,  0.067,  0.210
  0.213,  0.070,  0.220
  0.218,  0.076,  0.214
  0.210,  0.078,  0.224
  0.215,  0.084,  0.218
  0.207,  0.085,  0.229
  0.211,  0.092,  0.223
  0.204,  0.092,  0.234
  0.208,  0.099,  0.228
  0.200,  0.098,  0.239
  0.204,  0.106,  0.234
  0.197,  0.104,  0.245
  0.200,  0.112,  0.240
  0.193,  0.109,  0.251
  0.195,  0.118,  0.247
  0.188,  0.114,  0.257
  0.191,  0.123,  0.253
  0.184,  0.118,  0.263
  0.186,  0.127,  0.260
  0.180,  0.122,  0.270
  0.181,  0.131,  0.267
  0.175,  0.125,  0.277
  0.176,  0.134,  0.275
  0.170,  0.127,  0.284
  0.171,  0.137,  0.282
  0.165,  0.129,  0.291
  0.166,  0.139,  0.290
  0.160,  0.130,  0.298
  0.161,  0.140,  0.298
  0.156,  0.130,  0.306
  0.156,  0.140,  0.306
  0.151,  0.130,  0.313
  0.150,  0.140,  0.313
  0.146,  0.129,  0.320
  0.145,  0.139,  0.321
  0.141,  0.127,  0.327
  0.140,  0.137,  0.329
  0.136,  0.125,  0.334
  0.135,  0.134,  0.336
  0.132,  0.122,  0.341
  0.130,  0.131,  0.344
  0.127,  0.118,  0.348
  0.125,  0.127,  0.351
  0.123,  0.114,  0.354
  0.120,  0.123,  0.358
  0.119,  0.109,  0.360
  0.116,  0.118,  0.365
  0.115,  0.104,  0.366
  0.111,  0.112,  0.371
  0.111,  0.098,  0.372
  0.107,  0.106,  0.377
  0.107,  0.092,  0.377
  0.103,  0.099,  0.383
  0.104,  0.085,  0.382
  0.100,  0.092,  0.388
  0.101,  0.078,  0.387
  0.096,  0.084,  0.393
  0.098,  0.070,  0.391
  0.093,  0.076,  0.397
  0.095,  0.062,  0.395
  0.091,  0.067,  0.401
  0.093,  0.054,  0.398
  0.088,  0.058,  0.405
  0.091,  0.045,  0.401
  0.086,  0.049,  0.408
  0.090,  0.037,  0.403
  0.085,  0.039,  0.410
  0.089,  0.028,  0.405
  0.083,  0.030,  0.412
  0.088,  0.019,  0.406
  0.083,  0.020,  0.414
  0.087,  0.009,  0.407
  0.082,  0.010,  0.414
  0.087,  0.000,  0.407
  0.082,  0.000,  0.415
  0.087, -0.009,  0.407
  0.082, -0.010,  0.414
  0.088, -0.019,  0.406
  0.083, -0.020,  0.414
  0.089, -0.028,  0.405
  0.083, -0.030,  0.412
  0.090, -0.037,  0.403
  0.085, -0.039,  0.410
  0.091, -0.045,  0.401
  0.086, -0.049,  0.408
  0.093, -0.054,  0.398
  0.088, -0.058,  0.405
  0.095, -0.062,  0.395
  0.091, -0.067,  0.401
  0.098, -0.070,  0.391
  0.093, -0.076,  0.397
  0.101, -0.078,  0.387
  0.096, -0.084,  0.393
  0.104, -0.085,  0.382
  0.100, -0.092,  0.388
  0.107, -0.092,  0.377
  0.103, -0.099,  0.383
  0.111, -0.098,  0.372
  0.107, -0.106,  0.377
  0.115, -0.104,  0.366
  0.111, -0.112,  0.371
  0.119, -0.109,  0.360
  0.116, -0.118,  0.365
  0.123, -0.114,  0.354
  0.120, -0.123,  0.358
  0.127, -0.118,  0.348
  0.125, -0.127,  0.351
  0.132, -0.122,  0.341
  0.130, -0.131,  0.344
  0.136, -0.125,  0.334
  0.135, -0.134,  0.336
  0.141, -0.127,  0.327
  0.140, -0.137,  0.329
  0.146, -0.129,  0.320
  0.145, -0.139,  0.321
  0.151, -0.130,  0.313
  0.150, -0.140,  0.313
  0.156, -0.130,  0.306
  0.156, -0.140,  0.306
  0.160, -0.130,  0.298
  0.161, -0.140,  0.298
  0.165, -0.129,  0.291
  0.166, -0.139,  0.290
  0.170, -0.127,  0.284
  0.171, -0.137,  0.282
  0.175, -0.125,  0.277
  0.176, -0.134,  0.275
  0.180, -0.122,  0.270
  0.181, -0.131,  0.267
  0.184, -0.118,  0.263
  0.186, -0.127,  0.260
  0.188, -0.114,  0.257
  0.191, -0.123,  0.253
  0.193, -0.109,  0.251
  0.195, -0.118,  0.247
  0.197, -0.104,  0.245
  0.200, -0.112,  0.240
  0.200, -0.098,  0.239
  0.204, -0.106,  0.234
  0.204, -0.092,  0.234
  0.208, -0.099,  0.228
  0.207, -0.085,  0.229
  0.211, -0.092,  0.223
  0.210, -0.078,  0.224
  0.215, -0.084,  0.218
  0.213, -0.070,  0.220
  0.218, -0.076,  0.214
  0.216, -0.062,  0.217
  0.220, -0.067,  0.210
  0.218, -0.054,  0.213
  0.223, -0.058,  0.206
  0.220, -0.045,  0.211
  0.225, -0.049,  0.203
  0.221, -0.037,  0.208
  0.226, -0.039,  0.201
  0.223, -0.028,  0.207
  0.228, -0.030,  0.199
  0.223, -0.019,  0.205
  0.229, -0.020,  0.198
  0.224, -0.009,  0.204
  0.229, -0.010,  0.197
  0.229,  0.000,  0.209
  0.234,  0.000,  0.201
  0.229,  0.009,  0.209
  0.234,  0.010,  0.201
  0.228,  0.019,  0.210
  0.233,  0.020,  0.202
  0.227,  0.028,  0.211
  0.232,  0.030,  0.204
  0.226,  0.037,  0.213
  0.231,  0.039,  0.205
  0.225,  0.045,  0.215
  0.229,  0.049,  0.208
  0.223,  0.054,  0.218
  0.227,  0.058,  0.211
  0.221,  0.062,  0.222
  0.225,  0.067,  0.215
  0.218,  0.070,  0.225
  0.223,  0.076,  0.219
  0.216,  0.078,  0.230
  0.220,  0.084,  0.223
  0.213,  0.085,  0.234
  0.216,  0.092,  0.228
  0.209,  0.092,  0.239
  0.213,  0.099,  0.234
  0.206,  0.098,  0.245
  0.209,  0.106,  0.240
  0.202,  0.104,  0.250
  0.205,  0.112,  0.246
  0.198,  0.109,  0.257
  0.201,  0.118,  0.252
  0.194,  0.114,  0.263
  0.197,  0.123,  0.259
  0.190,  0.118,  0.270
  0.192,  0.127,  0.266
  0.186,  0.122,  0.276
  0.188,  0.131,  0.274
  0.181,  0.125,  0.283
  0.183,  0.134,  0.281
  0.177,  0.127,  0.291
  0.178,  0.137,  0.289
  0.172,  0.129,  0.298
  0.173,  0.139,  0.297
  0.167,  0.130,  0.305
  0.168,  0.140,  0.305
  0.163,  0.130,  0.313
  0.163,  0.140,  0.313
  0.158,  0.130,  0.320
  0.158,  0.140,  0.321
  0.153,  0.129,  0.327
  0.152,  0.139,  0.329
  0.149,  0.127,  0.335
  0.147,  0.137,  0.336
  0.144,  0.125,  0.342
  0.143,  0.134,  0.344
  0.140,  0.122,  0.349
  0.138,  0.131,  0.352
  0.135,  0.118,  0.356
  0.133,  0.127,  0.359
  0.131,  0.114,  0.362
  0.128,  0.123,  0.366
  0.127,  0.109,  0.369
  0.124,  0.118,  0.373
  0.123,  0.104,  0.375
  0.120,  0.112,  0.380
  0.119,  0.098,  0.381
  0.116,  0.106,  0.386
  0.116,  0.092,  0.386
  0.112,  0.099,  0.392
  0.113,  0.085,  0.391
  0.109,  0.092,  0.397
  0.110,  0.078,  0.396
  0.106,  0.084,  0.402
  0.107,  0.070,  0.400
  0.103,  0.076,  0.407
  0.105,  0.062,  0.404
  0.100,  0.067,  0.411
  0.102,  0.054,  0.407
  0.098,  0.058,  0.414
  0.101,  0.045,  0.410
  0.096,  0.049,  0.417
  0.099,  0.037,  0.412
  0.094,  0.039,  0.420
  0.098,  0.028,  0.414
  0.093,  0.030,  0.422
  0.097,  0.019,  0.415
  0.092,  0.020,  0.423
  0.097,  0.009,  0.416
  0.092,  0.010,  0.424
  0.096,  0.000,  0.416
  0.091,  0.000,  0.424
  0.097, -0.009,  0.416
  0.092, -0.010,  0.424
  0.097, -0.019,  0.415
  0.092, -0.020,  0.423
  0.098, -0.028,  0.414
  0.093, -0.030,  0.422
  0.099, -0.037,  0.412
  0.094, -0.039,  0.420
  0.101, -0.045,  0.410
  0.096, -0.049,  0.417
  0.102, -0.054,  0.407
  0.098, -0.058,  0.414
  0.105, -0.062,  0.404
  0.100, -0.067,  0.411
  0.107, -0.070,  0.400
  0.103, -0.076,  0.407
  0.110, -0.078,  0.396
  0.106, -0.084,  0.402
  0.113, -0.085,  0.391
  0.109, -0.092,  0.397
  0.116, -0.092,  0.386
  0.112, -0.099,  0.392
  0.119, -0.098,  0.381
  0.116, -0.106,  0.386
  0.123, -0.104,  0.375
  0.120, -0.112,  0.380
  0.127, -0.109,  0.369
  0.124, -0.118,  0.373
  0.131, -0.114,  0.362
  0.128, -0.123,  0.366
  0.135, -0.118,  0.356
  0.133, -0.127,  0.359
  0.140, -0.122,  0.349
  0.138, -0.131,  0.352
  0.144, -0.125,  0.342
  0.143, -0.134,  0.344
  0.149, -0.127,  0.335
  0.147, -0.137,  0.336
  0.153, -0.129,  0.327
  0.152, -0.139,  0.329
  0.158, -0.130,  0.320
  0.158, -0.140,  0.321
  0.163, -0.130,  0.313
  0.163, -0.140,  0.313
  0.167, -0.130,  0.305
  0.168, -0.140,  0.305
  0.172, -0.129,  0.298
  0.173, -0.139,  0.297
  0.177, -0.127,  0.291
  0.178, -0.137,  0.289
  0.181, -0.125,  0.283
  0.183, -0.134,  0.281
  0.186, -0.122,  0.276
  0.188, -0.131,  0.274
  0.190, -0.118,  0.270
  0.192, -0.127,  0.266
  0.194, -0.114,  0.263
  0.197, -0.123,  0.259
  0.198, -0.109,  0.257
  0.201, -0.118,  0.252
  0.202, -0.104,  0.250
  0.205, -0.112,  0.246
  0.206, -0.098,  0.245
  0.209, -0.106,  0.240
  0.209, -0.092,  0.239
  0.213, -0.099,  0.234
  0.213, -0.085,  0.234
  0.216, -0.092,  0.228
  0.216, -0.078,  0.230
  0.220, -0.084,  0.223
  0.218, -0.070,  0.225
  0.223, -0.076,  0.219
  0.221, -0.062,  0.222
  0.225, -0.067,  0.215
  0.223, -0.054,  0.218
  0.227, -0.058,  0.211
  0.225, -0.045,  0.215
  0.229, -0.049,  0.208
  0.226, -0.037,  0.213
  0.231, -0.039,  0.205
  0.227, -0.028,  0.211
  0.232, -0.030,  0.204
  0.228, -0.019,  0.210
  0.233, -0.020,  0.202
  0.229, -0.009,  0.209
  0.234, -0.010,  0.201
  0.234,  0.000,  0.214
  0.238,  0.000,  0.206
  0.233,  0.009,  0.214
  0.238,  0.010,  0.206
  0.233,  0.019,  0.215
  0.238,  0.020,  0.207
  0.232,  0.028,  0.216
  0.237,  0.030,  0.208
  0.231,  0.037,  0.218
  0.236,  0.039,  0.210
  0.230,  0.045,  0.220
  0.234,  0.049,  0.213
  0.228,  0.054,  0.223
  0.232,  0.058,  0.216
  0.226,  0.062,  0.227
  0.230,  0.067,  0.219
  0.223,  0.070,  0.231
  0.228,  0.076,  0.224
  0.221,  0.078,  0.235
  0.225,  0.084,  0.228
  0.218,  0.085,  0.240
  0.222,  0.092,  0.233
  0.215,  0.092,  0.245
  0.218,  0.099,  0.239
  0.211,  0.098,  0.250
  0.215,  0.106,  0.245
  0.208,  0.104,  0.256
  0.211,  0.112,  0.251
  0.204,  0.109,  0.262
  0.207,  0.118,  0.258
  0.200,  0.114,  0.269
  0.203,  0.123,  0.265
  0.196,  0.118,  0.276
  0.198,  0.127,  0.272
  0.192,  0.122,  0.283
  0.194,  0.131,  0.280
  0.188,  0.125,  0.290
  0.189,  0.134,  0.288
  0.183,  0.127,  0.297
  0.184,  0.137,  0.295
  0.179,  0.129,  0.305
  0.179,  0.139,  0.303
  0.174,  0.130,  0.312
  0.175,  0.140,  0.312
  0.170,  0.130,  0.320
  0.170,  0.140,  0.320
  0.165,  0.130,  0.327
  0.165,  0.140,  0.328
  0.161,  0.129,  0.335
  0.160,  0.139,  0.336
  0.156,  0.127,  0.342
  0.155,  0.137,  0.344
  0.152,  0.125,  0.350
  0.150,  0.134,  0.352
  0.147,  0.122,  0.357
  0.146,  0.131,  0.360
  0.143,  0.118,  0.364
  0.141,  0.127,  0.367
  0.139,  0.114,  0.371
  0.137,  0.123,  0.374
  0.135,  0.109,  0.377
  0.133,  0.118,  0.381
  0.131,  0.104,  0.383
  0.129,  0.112,  0.388
  0.128,  0.098,  0.389
  0.125,  0.106,  0.394
  0.125,  0.092,  0.395
  0.121,  0.099,  0.400
  0.121,  0.085,  0.400
  0.118,  0.092,  0.406
  0.119,  0.078,  0.405
  0.115,  0.084,  0.411
  0.116,  0.070,  0.409
  0.112,  0.076,  0.416
  0.114,  0.062,  0.413
  0.109,  0.067,  0.420
  0.112,  0.054,  0.416
  0.107,  0.058,  0.424
  0.110,  0.045,  0.419
  0.105,  0.049,  0.427
  0.108,  0.037,  0.421
  0.104,  0.039,  0.429
  0.107,  0.028,  0.423
  0.103,  0.030,  0.431
  0.107,  0.019,  0.425
  0.102,  0.020,  0.433
  0.106,  0.009,  0.425
  0.101,  0.010,  0.434
  0.106,  0.000,  0.426
  0.101,  0.000,  0.434
  0.106, -0.009,  0.425
  0.101, -0.010,  0.434
  0.107, -0.019,  0.425
  0.102, -0.020,  0.433
  0.107, -0.028,  0.423
  0.103, -0.030,  0.431
  0.108, -0.037,  0.421
  0.104, -0.039,  0.429
  0.110, -0.045,  0.419
  0.105, -0.049,  0.427
  0.112, -0.054,  0.416
  0.107, -0.058,  0.424
  0.114, -0.062,  0.413
  0.109, -0.067,  0.420
  0.116, -0.070,  0.409
  0.112, -0.076,  0.416
  0.119, -0.078,  0.405
  0.115, -0.084,  0.411
  0.121, -0.085,  0.400
  0.118, -0.092,  0.406
  0.125, -0.092,  0.395
  0.121, -0.099,  0.400
  0.128, -0.098,  0.389
  0.125, -0.106,  0.394
  0.131, -0.104,  0.383
  0.129, -0.112,  0.388
  0.135, -0.109,  0.377
  0.133, -0.118,  0.381
  0.139, -0.114,  0.371
  0.137, -0.123,  0.374
  0.143, -0.118,  0.364
  0.141, -0.127,  0.367
  0.147, -0.122,  0.357
  0.146, -0.131,  0.360
  0.152, -0.125,  0.350
  0.150, -0.134,  0.352
  0.156, -0.127,  0.342
  0.155, -0.137,  0.344
  0.161, -0.129,  0.335
  0.160, -0.139,  0.336
  0.165, -0.130,  0.327
  0.165, -0.140,  0.328
  0.170, -0.130,  0.320
  0.170, -0.140,  0.320
  0.174, -0.130,  0.312
  0.175, -0.140,  0.312
  0.179, -0.129,  0.305
  0.179, -0.139,  0.303
  0.183, -0.127,  0.297
  0.184, -0.137,  0.295
  0.188, -0.125,  0.290
  0.189, -0.134,  0.288
  0.192, -0.122,  0.283
  0.194, -0.131,  0.280
  0.196, -0.118,  0.276
  0.198, -0.127,  0.272
  0.200, -0.114,  0.269
  0.203, -0.123,  0.265
  0.204, -0.109,  0.262
  0.207, -0.118,  0.258
  0.208, -0.104,  0.256
  0.211, -0.112,  0.251
  0.211, -0.098,  0.250
  0.215, -0.106,  0.245
  0.215, -0.092,  0.245
  0.218, -0.099,  0.239
  0.218, -0.085,  0.240
  0.222, -0.092,  0.233
  0.221, -0.078,  0.235
  0.225, -0.084,  0.228
  0.223, -0.070,  0.231
  0.228, -0.076,  0.224
  0.226, -0.062,  0.227
  0.230, -0.067,  0.219
  0.228, -0.054,  0.223
  0.232, -0.058,  0.216
  0.230, -0.045,  0.220
  0.234, -0.049,  0.213
  0.231, -0.037,  0.218
  0.236, -0.039,  0.210
  0.232, -0.028,  0.216
  0.237, -0.030,  0.208
  0.233, -0.019,  0.215
  0.238, -0.020,  0.207
  0.233, -0.009,  0.214
  0.238, -0.010,  0.206
  0.238,  0.000,  0.218
  0.243,  0.000,  0.210
  0.238,  0.009,  0.219
  0.243,  0.010,  0.210
  0.238,  0.019,  0.220
  0.242,  0.020,  0.211
  0.237,  0.028,  0.221
  0.241,  0.030,  0.213
  0.236,  0.037,  0.223
  0.240,  0.039,  0.215
  0.234,  0.045,  0.225
  0.239,  0.049,  0.217
  0.233,  0.054,  0.228
  0.237,  0.058,  0.221
  0.231,  0.062,  0.232
  0.235,  0.067,  0.224
  0.228,  0.070,  0.236
  0.232,  0.076,  0.229
  0.226,  0.078,  0.240
  0.230,  0.084,  0.233
  0.223,  0.085,  0.245
  0.227,  0.092,  0.239
  0.220,  0.092,  0.250
  0.224,  0.099,  0.244
  0.217,  0.098,  0.256
  0.220,  0.106,  0.250
  0.214,  0.104,  0.262
  0.216,  0.112,  0.257
  0.210,  0.109,  0.268
  0.213,  0.118,  0.264
  0.206,  0.114,  0.275
  0.209,  0.123,  0.271
  0.202,  0.118,  0.282
  0.204,  0.127,  0.278
  0.198,  0.122,  0.289
  0.200,  0.131,  0.286
  0.194,  0.125,  0.296
  0.195,  0.134,  0.294
  0.190,  0.127,  0.304
  0.191,  0.137,  0.302
  0.186,  0.129,  0.311
  0.186,  0.139,  0.310
  0.181,  0.130,  0.319
  0.181,  0.140,  0.318
  0.177,  0.130,  0.327
  0.177,  0.140,  0.327
  0.172,  0.130,  0.335
  0.172,  0.140,  0.335
  0.168,  0.129,  0.342
  0.167,  0.139,  0.343
  0.164,  0.127,  0.350
  0.163,  0.137,  0.352
  0.159,  0.125,  0.357
  0.158,  0.134,  0.360
  0.155,  0.122,  0.365
  0.154,  0.131,  0.368
  0.151,  0.118,  0.372
  0.149,  0.127,  0.375
  0.147,  0.114,  0.379
  0.145,  0.123,  0.383
  0.144,  0.109,  0.385
  0.141,  0.118,  0.390
  0.140,  0.104,  0.392
  0.137,  0.112,  0.397
  0.137,  0.098,  0.398
  0.133,  0.106,  0.403
  0.133,  0.092,  0.403
  0.130,  0.099,  0.409
  0.130,  0.085,  0.409
  0.127,  0.092,  0.415
  0.128,  0.078,  0.414
  0.124,  0.084,  0.420
  0.125,  0.070,  0.418
  0.121,  0.076,  0.425
  0.123,  0.062,  0.422
  0.119,  0.067,  0.429
  0.121,  0.054,  0.425
  0.117,  0.058,  0.433
  0.119,  0.045,  0.428
  0.115,  0.049,  0.436
  0.118,  0.037,  0.431
  0.113,  0.039,  0.439
  0.117,  0.028,  0.433
  0.112,  0.030,  0.441
  0.116,  0.019,  0.434
  0.111,  0.020,  0.442
  0.115,  0.009,  0.435
  0.111,  0.010,  0.443
  0.115,  0.000,  0.435
  0.111,  0.000,  0.443
  0.115, -0.009,  0.435
  0.111, -0.010,  0.443
  0.116, -0.019,  0.434
  0.111, -0.020,  0.442
  0.117, -0.028,  0.433
  0.112, -0.030,  0.441
  0.118, -0.037,  0.431
  0.113, -0.039,  0.439
  0.119, -0.045,  0.428
  0.115, -0.049,  0.436
  0.121, -0.054,  0.425
  0.117, -0.058,  0.433
  0.123, -0.062,  0.422
  0.119, -0.067,  0.429
  0.125, -0.070,  0.418
  0.121, -0.076,  0.425
  0.128, -0.078,  0.414
  0.124, -0.084,  0.420
  0.130, -0.085,  0.409
  0.127, -0.092,  0.415
  0.133, -0.092,  0.403
  0.130, -0.099,  0.409
  0.137, -0.098,  0.398
  0.133, -0.106,  0.403
  0.140, -0.104,  0.392
  0.137, -0.112,  0.397
  0.144, -0.109,  0.385
  0.141, -0.118,  0.390
  0.147, -0.114,  0.379
  0.145, -0.123,  0.383
  0.151, -0.118,  0.372
  0.149, -0.127,  0.375
  0.155, -0.122,  0.365
  0.154, -0.131,  0.368
  0.159, -0.125,  0.357
  0.158, -0.134,  0.360
  0.164, -0.127,  0.350
  0.163, -0.137,  0.352
  0.168, -0.129,  0.342
  0.167, -0.139,  0.343
  0.172, -0.130,  0.335
  0.172, -0.140,  0.335
  0.177, -0.130,  0.327
  0.177, -0.140,  0.327
  0.181, -0.130,  0.319
  0.181, -0.140,  0.318
  0.186, -0.129,  0.311
  0.186, -0.139,  0.310
  0.190, -0.127,  0.304
  0.191, -0.137,  0.302
  0.194, -0.125,  0.296
  0.195, -0.134,  0.294
  0.198, -0.122,  0.289
  0.200, -0.131,  0.286
  0.202, -0.118,  0.282
  0.204, -0.127,  0.278
  0.206, -0.114,  0.275
  0.209, -0.123,  0.271
  0.210, -0.109,  0.268
  0.213, -0.118,  0.264
  0.214, -0.104,  0.262
  0.216, -0.112,  0.257
  0.217, -0.098,  0.256
  0.220, -0.106,  0.250
  0.220, -0.092,  0.250
  0.224, -0.099,  0.244
  0.223, -0.085,  0.245
  0.227, -0.092,  0.239
  0.226, -0.078,  0.240
  0.230, -0.084,  0.233
  0.228, -0.070,  0.236
  0.232, -0.076,  0.229
  0.231, -0.062,  0.232
  0.235, -0.067,  0.224
  0.233, -0.054,  0.228
  0.237, -0.058,  0.221
  0.234, -0.045,  0.225
  0.239, -0.049,  0.217
  0.236, -0.037,  0.223
  0.240, -0.039,  0.215
  0.237, -0.028,  0.221
  0.241, -0.030,  0.213
  0.238, -0.019,  0.220
  0.242, -0.020,  0.211
  0.238, -0.009,  0.219
  0.243, -0.010,  0.210
  0.243,  0.000,  0.223
  0.248,  0.000,  0.215
  0.243,  0.009,  0.223
  0.247,  0.010,  0.215
  0.242,  0.019,  0.224
  0.247,  0.020,  0.216
  0.242,  0.028,  0.226
  0.246,  0.030,  0.217
  0.241,  0.037,  0.228
  0.245,  0.039,  0.219
  0.239,  0.045,  0.230
  0.244,  0.049,  0.222
  0.238,  0.054,  0.233
  0.242,  0.058,  0.225
  0.236,  0.062,  0.237
  0.240,  0.067,  0.229
  0.234,  0.070,  0.241
  0.237,  0.076,  0.234
  0.231,  0.078,  0.245
  0.235,  0.084,  0.238
  0.229,  0.085,  0.250
  0.232,  0.092,  0.244
  0.226,  0.092,  0.256
  0.229,  0.099,  0.250
  0.223,  0.098,  0.261
  0.226,  0.106,  0.256
  0.219,  0.104,  0.267
  0.222,  0.112,  0.262
  0.216,  0.109,  0.274
  0.218,  0.118,  0.269
  0.212,  0.114,  0.281
  0.214,  0.123,  0.277
  0.208,  0.118,  0.288
  0.210,  0.127,  0.284
  0.205,  0.122,  0.295
  0.206,  0.131,  0.292
  0.201,  0.125,  0.303
  0.202,  0.134,  0.300
  0.196,  0.127,  0.310
  0.197,  0.137,  0.309
  0.192,  0.129,  0.318
  0.193,  0.139,  0.317
  0.188,  0.130,  0.326
  0.188,  0.140,  0.325
  0.184,  0.130,  0.334
  0.184,  0.140,  0.334
  0.180,  0.130,  0.342
  0.179,  0.140,  0.342
  0.175,  0.129,  0.350
  0.175,  0.139,  0.351
  0.171,  0.127,  0.357
  0.170,  0.137,  0.359
  0.167,  0.125,  0.365
  0.166,  0.134,  0.367
  0.163,  0.122,  0.373
  0.162,  0.131,  0.376
  0.159,  0.118,  0.380
  0.157,  0.127,  0.383
  0.156,  0.114,  0.387
  0.153,  0.123,  0.391
  0.152,  0.109,  0.394
  0.149,  0.118,  0.398
  0.148,  0.104,  0.400
  0.146,  0.112,  0.405
  0.145,  0.098,  0.406
  0.142,  0.106,  0.412
  0.142,  0.092,  0.412
  0.139,  0.099,  0.418
  0.139,  0.085,  0.418
  0.136,  0.092,  0.424
  0.137,  0.078,  0.422
  0.133,  0.084,  0.429
  0.134,  0.070,  0.427
  0.130,  0.076,  0.434
  0.132,  0.062,  0.431
  0.128,  0.067,  0.439
  0.130,  0.054,  0.435
  0.126,  0.058,  0.442
  0.128,  0.045,  0.438
  0.124,  0.049,  0.446
  0.127,  0.037,  0.440
  0.123,  0.039,  0.448
  0.126,  0.028,  0.442
  0.122,  0.030,  0.450
  0.125,  0.019,  0.443
  0.121,  0.020,  0.452
  0.125,  0.009,  0.444
  0.120,  0.010,  0.453
  0.125,  0.000,  0.445
  0.120,  0.000,  0.453
  0.125, -0.009,  0.444
  0.120, -0.010,  0.453
  0.125, -0.019,  0.443
  0.121, -0.020,  0.452
  0.126, -0.028,  0.442
  0.122, -0.030,  0.450
  0.127, -0.037,  0.440
  0.123, -0.039,  0.448
  0.128, -0.045,  0.438
  0.124, -0.049,  0.446
  0.130, -0.054,  0.435
  0.126, -0.058,  0.442
  0.132, -0.062,  0.431
  0.128, -0.067,  0.439
  0.134, -0.070,  0.427
  0.130, -0.076,  0.434
  0.137, -0.078,  0.422
  0.133, -0.084,  0.429
  0.139, -0.085,  0.418
  0.136, -0.092,  0.424
  0.142, -0.092,  0.412
  0.139, -0.099,  0.418
  0.145, -0.098,  0.406
  0.142, -0.106,  0.412
  0.148, -0.104,  0.400
  0.146, -0.112,  0.405
  0.152, -0.109,  0.394
  0.149, -0.118,  0.398
  0.156, -0.114,  0.387
  0.153, -0.123,  0.391
  0.159, -0.118,  0.380
  0.157, -0.127,  0.383
  0.163, -0.122,  0.373
  0.162, -0.131,  0.376
  0.167, -0.125,  0.365
  0.166, -0.134,  0.367
  0.171, -0.127,  0.357
  0.170, -0.137,  0.359
  0.175, -0.129,  0.350
  0.175, -0.139,  0.351
  0.180, -0.130,  0.342
  0.179, -0.140,  0.342
  0.184, -0.130,  0.334
  0.184, -0.140,  0.334
  0.188, -0.130,  0.326
  0.188, -0.140,  0.325
  0.192, -0.129,  0.318
  0.193, -0.139,  0.317
  0.196, -0.127,  0.310
  0.197, -0.137,  0.309
  0.201, -0.125,  0.303
  0.202, -0.134,  0.300
  0.205, -0.122,  0.295
  0.206, -0.131,  0.292
  0.208, -0.118,  0.288
  0.210, -0.127,  0.284
  0.212, -0.114,  0.281
  0.214, -0.123,  0.277
  0.216, -0.109,  0.274
  0.218, -0.118,  0.269
  0.219, -0.104,  0.267
  0.222, -0.112,  0.262
  0.223, -0.098,  0.261
  0.226, -0.106,  0.256
  0.226, -0.092,  0.256
  0.229, -0.099,  0.250
  0.229, -0.085,  0.250
  0.232, -0.092,  0.244
  0.231, -0.078,  0.245
  0.235, -0.084,  0.238
  0.234, -0.070,  0.241
  0.237, -0.076,  0.234
  0.236, -0.062,  0.237
  0.240, -0.067,  0.229
  0.238, -0.054,  0.233
  0.242, -0.058,  0.225
  0.239, -0.045,  0.230
  0.244, -0.049,  0.222
  0.241, -0.037,  0.228
  0.245, -0.039,  0.219
  0.242, -0.028,  0.226
  0.246, -0.030,  0.217
  0.242, -0.019,  0.224
  0.247, -0.020,  0.216
  0.243, -0.009,  0.223
  0.247, -0.010,  0.215
  0.248,  0.000,  0.228
  0.252,  0.000,  0.219
  0.248,  0.009,  0.228
  0.252,  0.010,  0.219
  0.247,  0.019,  0.229
  0.251,  0.020,  0.220
  0.246,  0.028,  0.230
  0.251,  0.030,  0.222
  0.245,  0.037,  0.232
  0.250,  0.039,  0.224
  0.244,  0.045,  0.235
  0.248,  0.049,  0.227
  0.243,  0.054,  0.238
  0.247,  0.058,  0.230
  0.241,  0.062,  0.242
  0.245,  0.067,  0.234
  0.239,  0.070,  0.246
  0.242,  0.076,  0.238
  0.236,  0.078,  0.250
  0.240,  0.084,  0.243
  0.234,  0.085,  0.255
  0.237,  0.092,  0.249
  0.231,  0.092,  0.261
  0.234,  0.099,  0.255
  0.228,  0.098,  0.267
  0.231,  0.106,  0.261
  0.225,  0.104,  0.273
  0.228,  0.112,  0.268
  0.222,  0.109,  0.280
  0.224,  0.118,  0.275
  0.218,  0.114,  0.287
  0.220,  0.123,  0.283
  0.215,  0.118,  0.294
  0.216,  0.127,  0.290
  0.211,  0.122,  0.301
  0.212,  0.131,  0.298
  0.207,  0.125,  0.309
  0.208,  0.134,  0.307
  0.203,  0.127,  0.317
  0.204,  0.137,  0.315
  0.199,  0.129,  0.325
  0.200,  0.139,  0.324
  0.195,  0.130,  0.333
  0.195,  0.140,  0.332
  0.191,  0.130,  0.341
  0.191,  0.140,  0.341
  0.187,  0.130,  0.349
  0.187,  0.140,  0.350
  0.183,  0.129,  0.357
  0.182,  0.139,  0.358
  0.179,  0.127,  0.365
  0.178,  0.137,  0.367
  0.175,  0.125,  0.373
  0.174,  0.134,  0.375
  0.171,  0.122,  0.380
  0.170,  0.131,  0.383
  0.167,  0.118,  0.388
  0.166,  0.127,  0.392
  0.164,  0.114,  0.395
  0.162,  0.123,  0.399
  0.160,  0.109,  0.402
  0.158,  0.118,  0.407
  0.157,  0.104,  0.409
  0.154,  0.112,  0.414
  0.154,  0.098,  0.415
  0.151,  0.106,  0.421
  0.151,  0.092,  0.421
  0.148,  0.099,  0.427
  0.148,  0.085,  0.426
  0.145,  0.092,  0.433
  0.145,  0.078,  0.431
  0.142,  0.084,  0.438
  0.143,  0.070,  0.436
  0.139,  0.076,  0.443
  0.141,  0.062,  0.440
  0.137,  0.067,  0.448
  0.139,  0.054,  0.444
  0.135,  0.058,  0.452
  0.138,  0.045,  0.447
  0.134,  0.049,  0.455
  0.136,  0.037,  0.449
  0.132,  0.039,  0.458
  0.135,  0.028,  0.451
  0.131,  0.030,  0.460
  0.135,  0.019,  0.453
  0.130,  0.020,  0.461
  0.134,  0.009,  0.454
  0.130,  0.010,  0.462
  0.134,  0.000,  0.454
  0.130,  0.000,  0.463
  0.134, -0.009,  0.454
  0.130, -0.010,  0.462
  0.135, -0.019,  0.453
  0.130, -0.020,  0.461
  0.135, -0.028,  0.451
  0.131, -0.030,  0.460
  0.136, -0.037,  0.449
  0.132, -0.039,  0.458
  0.138, -0.045,  0.447
  0.134, -0.049,  0.455
  0.139, -0.054,  0.444
  0.135, -0.058,  0.452
  0.141, -0.062,  0.440
  0.137, -0.067,  0.448
  0.143, -0.070,  0.436
  0.139, -0.076,  0.443
  0.145, -0.078,  0.431
  0.142, -0.084,  0.438
  0.148, -0.085,  0.426
  0.145, -0.092,  0.433
  0.151, -0.092,  0.421
  0.148, -0.099,  0.427
  0.154, -0.098,  0.415
  0.151, -0.106,  0.421
  0.157, -0.104,  0.409
  0.154, -0.112,  0.414
  0.160, -0.109,  0.402
  0.158, -0.118,  0.407
  0.164, -0.114,  0.395
  0.162, -0.123,  0.399
  0.167, -0.118,  0.388
  0.166, -0.127,  0.392
  0.171, -0.122,  0.380
  0.170, -0.131,  0.383
  0.175, -0.125,  0.373
  0.174, -0.134,  0.375
  0.179, -0.127,  0.365
  0.178, -0.137,  0.367
  0.183, -0.129,  0.357
  0.182, -0.139,  0.358
  0.187, -0.130,  0.349
  0.187, -0.140,  0.350
  0.191, -0.130,  0.341
  0.191, -0.140,  0.341
  0.195, -0.130,  0.333
  0.195, -0.140,  0.332
  0.199, -0.129,  0.325
  0.200, -0.139,  0.324
  0.203, -0.127,  0.317
  0.204, -0.137,  0.315
  0.207, -0.125,  0.309
  0.208, -0.134,  0.307
  0.211, -0.122,  0.301
  0.212, -0.131,  0.298
  0.215, -0.118,  0.294
  0.216, -0.127,  0.290
  0.218, -0.114,  0.287
  0.220, -0.123,  0.283
  0.222, -0.109,  0.280
  0.224, -0.118,  0.275
  0.225, -0.104,  0.273
  0.228, -0.112,  0.268
  0.228, -0.098,  0.267
  0.231, -0.106,  0.261
  0.231, -0.092,  0.261
  0.234, -0.099,  0.255
  0.234, -0.085,  0.255
  0.237, -0.092,  0.249
  0.236, -0.078,  0.250
  0.240, -0.084,  0.243
  0.239, -0.070,  0.246
  0.242, -0.076,  0.238
  0.241, -0.062,  0.242
  0.245, -0.067,  0.234
  0.243, -0.054,  0.238
  0.247, -0.058,  0.230
  0.244, -0.045,  0.235
  0.248, -0.049,  0.227
  0.245, -0.037,  0.232
  0.250, -0.039,  0.224
  0.246, -0.028,  0.230
  0.251, -0.030,  0.222
  0.247, -0.019,  0.229
  0.251, -0.020,  0.220
  0.248, -0.009,  0.228
  0.252, -0.010,  0.219
  0.252,  0.000,  0.233
  0.257,  0.000,  0.224
  0.252,  0.009,  0.233
  0.256,  0.010,  0.224
  0.252,  0.019,  0.234
  0.256,  0.020,  0.225
  0.251,  0.028,  0.235
  0.255,  0.030,  0.227
  0.250,  0.037,  0.237
  0.254,  0.039,  0.229
  0.249,  0.045,  0.240
  0.253,  0.049,  0.232
  0.248,  0.054,  0.243
  0.251,  0.058,  0.235
  0.246,  0.062,  0.247
  0.249,  0.067,  0.239
  0.244,  0.070,  0.251
  0.247,  0.076,  0.243
  0.242,  0.078,  0.256
  0.245,  0.084,  0.248
  0.239,  0.085,  0.261
  0.242,  0.092,  0.254
  0.236,  0.092,  0.266
  0.239,  0.099,  0.260
  0.234,  0.098,  0.272
  0.236,  0.106,  0.267
  0.231,  0.104,  0.279
  0.233,  0.112,  0.274
  0.227,  0.109,  0.286
  0.230,  0.118,  0.281
  0.224,  0.114,  0.293
  0.226,  0.123,  0.288
  0.221,  0.118,  0.300
  0.222,  0.127,  0.296
  0.217,  0.122,  0.308
  0.218,  0.131,  0.305
  0.213,  0.125,  0.315
  0.215,  0.134,  0.313
  0.210,  0.127,  0.323
  0.210,  0.137,  0.322
  0.206,  0.129,  0.332
  0.206,  0.139,  0.330
  0.202,  0.130,  0.340
  0.202,  0.140,  0.339
  0.198,  0.130,  0.348
  0.198,  0.140,  0.348
  0.194,  0.130,  0.356
  0.194,  0.140,  0.357
  0.190,  0.129,  0.364
  0.190,  0.139,  0.366
  0.186,  0.127,  0.373
  0.186,  0.137,  0.374
  0.183,  0.125,  0.381
  0.181,  0.134,  0.383
  0.179,  0.122,  0.388
  0.178,  0.131,  0.391
  0.175,  0.118,  0.396
  0.174,  0.127,  0.400
  0.172,  0.114,  0.403
  0.170,  0.123,  0.408
  0.169,  0.109,  0.410
  0.166,  0.118,  0.415
  0.165,  0.104,  0.417
  0.163,  0.112,  0.422
  0.162,  0.098,  0.424
  0.160,  0.106,  0.429
  0.159,  0.092,  0.430
  0.157,  0.099,  0.436
  0.157,  0.085,  0.435
  0.154,  0.092,  0.442
  0.154,  0.078,  0.440
  0.151,  0.084,  0.447
  0.152,  0.070,  0.445
  0.149,  0.076,  0.453
  0.150,  0.062,  0.449
  0.147,  0.067,  0.457
  0.148,  0.054,  0.453
  0.145,  0.058,  0.461
  0.147,  0.045,  0.456
  0.143,  0.049,  0.464
  0.146,  0.037,  0.459
  0.142,  0.039,  0.467
  0.145,  0.028,  0.461
  0.141,  0.030,  0.469
  0.144,  0.019,  0.462
  0.140,  0.020,  0.471
  0.144,  0.009,  0.463
  0.140,  0.010,  0.472
  0.144,  0.000,  0.463
  0.139,  0.000,  0.472
  0.144, -0.009,  0.463
  0.140, -0.010,  0.472
  0.144, -0.019,  0.462
  0.140, -0.020,  0.471
  0.145, -0.028,  0.461
  0.141, -0.030,  0.469
  0.146, -0.037,  0.459
  0.142, -0.039,  0.467
  0.147, -0.045,  0.456
  0.143, -0.049,  0.464
  0.148, -0.054,  0.453
  0.145, -0.058,  0.461
  0.150, -0.062,  0.449
  0.147, -0.067,  0.457
  0.152, -0.070,  0.445
  0.149, -0.076,  0.453
  0.154, -0.078,  0.440
  0.151, -0.084,  0.447
  0.157, -0.085,  0.435
  0.154, -0.092,  0.442
  0.159, -0.092,  0.430
  0.157, -0.099,  0.436
  0.162, -0.098,  0.424
  0.160, -0.106,  0.429
  0.165, -0.104,  0.417
  0.163, -0.112,  0.422
  0.169, -0.109,  0.410
  0.166, -0.118,  0.415
  0.172, -0.114,  0.403
  0.170, -0.123,  0.408
  0.175, -0.118,  0.396
  0.174, -0.127,  0.400
  0.179, -0.122,  0.388
  0.178, -0.131,  0.391
  0.183, -0.125,  0.381
  0.181, -0.134,  0.383
  0.186, -0.127,  0.373
  0.186, -0.137,  0.374
  0.190, -0.129,  0.364
  0.190, -0.139,  0.366
  0.194, -0.130,  0.356
  0.194, -0.140,  0.357
  0.198, -0.130,  0.348
  0.198, -0.140,  0.348
  0.202, -0.130,  0.340
  0.202, -0.140,  0.339
  0.206, -0.129,  0.332
  0.206, -0.139,  0.330
  0.210, -0.127,  0.323
  0.210, -0.137,  0.322
  0.213, -0.125,  0.315
  0.215, -0.134,  0.313
  0.217, -0.122,  0.308
  0.218, -0.131,  0.305
  0.221, -0.118,  0.300
  0.222, -0.127,  0.296
  0.224, -0.114,  0.293
  0.226, -0.123,  0.288
  0.227, -0.109,  0.286
  0.230, -0.118,  0.281
  0.231, -0.104,  0.279
  0.233, -0.112,  0.274
  0.234, -0.098,  0.272
  0.236, -0.106,  0.267
  0.236, -0.092,  0.266
  0.239, -0.099,  0.260
  0.239, -0.085,  0.261
  0.242, -0.092,  0.254
  0.242, -0.078,  0.256
  0.245, -0.084,  0.248
  0.244, -0.070,  0.251
  0.247, -0.076,  0.243
  0.246, -0.062,  0.247
  0.249, -0.067,  0.239
  0.248, -0.054,  0.243
  0.251, -0.058,  0.235
  0.249, -0.045,  0.240
  0.253, -0.049,  0.232
  0.250, -0.037,  0.237
  0.254, -0.039,  0.229
  0.251, -0.028,  0.235
  0.255, -0.030,  0.227
  0.252, -0.019,  0.234
  0.256, -0.020,  0.225
  0.252, -0.009,  0.233
  0.256, -0.010,  0.224
  0.257,  0.000,  0.237
  0.261,  0.000,  0.228
  0.257,  0.009,  0.238
  0.261,  0.010,  0.229
  0.257,  0.019,  0.239
  0.261,  0.020,  0.230
  0.256,  0.028,  0.240
  0.260,  0.030,  0.231
  0.255,  0.037,  0.242
  0.259,  0.039,  0.233
  0.254,  0.045,  0.245
  0.258,  0.049,  0.236
  0.252,  0.054,  0.248
  0.256,  0.058,  0.240
  0.251,  0.062,  0.252
  0.254,  0.067,  0.244
  0.249,  0.070,  0.256
  0.252,  0.076,  0.248
  0.247,  0.078,  0.261
  0.250,  0.084,  0.254
  0.244,  0.085,  0.266
  0.247,  0.092,  0.259
  0.242,  0.092,  0.272
  0.245,  0.099,  0.265
  0.239,  0.098,  0.278
  0.242,  0.106,  0.272
  0.236,  0.104,  0.284
  0.239,  0.112,  0.279
  0.233,  0.109,  0.291
  0.235,  0.118,  0.286
  0.230,  0.114,  0.299
  0.232,  0.123,  0.294
  0.227,  0.118,  0.306
  0.228,  0.127,  0.302
  0.223,  0.122,  0.314
  0.225,  0.131,  0.311
  0.220,  0.125,  0.322
  0.221,  0.134,  0.319
  0.216,  0.127,  0.330
  0.217,  0.137,  0.328
  0.212,  0.129,  0.338
  0.213,  0.139,  0.337
  0.209,  0.130,  0.347
  0.209,  0.140,  0.346
  0.205,  0.130,  0.355
  0.205,  0.140,  0.355
  0.201,  0.130,  0.363
  0.201,  0.140,  0.364
  0.198,  0.129,  0.372
  0.197,  0.139,  0.373
  0.194,  0.127,  0.380
  0.193,  0.137,  0.382
  0.190,  0.125,  0.388
  0.189,  0.134,  0.391
  0.187,  0.122,  0.396
  0.185,  0.131,  0.399
  0.183,  0.118,  0.404
  0.182,  0.127,  0.408
  0.180,  0.114,  0.411
  0.178,  0.123,  0.416
  0.177,  0.109,  0.419
  0.175,  0.118,  0.424
  0.174,  0.104,  0.426
  0.171,  0.112,  0.431
  0.171,  0.098,  0.432
  0.168,  0.106,  0.438
  0.168,  0.092,  0.438
  0.165,  0.099,  0.445
  0.166,  0.085,  0.444
  0.163,  0.092,  0.451
  0.163,  0.078,  0.449
  0.160,  0.084,  0.457
  0.161,  0.070,  0.454
  0.158,  0.076,  0.462
  0.159,  0.062,  0.458
  0.156,  0.067,  0.466
  0.158,  0.054,  0.462
  0.154,  0.058,  0.470
  0.156,  0.045,  0.465
  0.152,  0.049,  0.474
  0.155,  0.037,  0.468
  0.151,  0.039,  0.477
  0.154,  0.028,  0.470
  0.150,  0.030,  0.479
  0.153,  0.019,  0.472
  0.150,  0.020,  0.481
  0.153,  0.009,  0.473
  0.149,  0.010,  0.482
  0.153,  0.000,  0.473
  0.149,  0.000,  0.482
  0.153, -0.009,  0.473
  0.149, -0.010,  0.482
  0.153, -0.019,  0.472
  0.150, -0.020,  0.481
  0.154, -0.028,  0.470
  0.150, -0.030,  0.479
  0.155, -0.037,  0.468
  0.151, -0.039,  0.477
  0.156, -0.045,  0.465
  0.152, -0.049,  0.474
  0.158, -0.054,  0.462
  0.154, -0.058,  0.470
  0.159, -0.062,  0.458
  0.156, -0.067,  0.466
  0.161, -0.070,  0.454
  0.158, -0.076,  0.462
  0.163, -0.078,  0.449
  0.160, -0.084,  0.457
  0.166, -0.085,  0.444
  0.163, -0.092,  0.451
  0.168, -0.092,  0.438
  0.165, -0.099,  0.445
  0.171, -0.098,  0.432
  0.168, -0.106,  0.438
  0.174, -0.104,  0.426
  0.171, -0.112,  0.431
  0.177, -0.109,  0.419
  0.175, -0.118,  0.424
  0.180, -0.114,  0.411
  0.178, -0.123,  0.416
  0.183, -0.118,  0.404
  0.182, -0.127,  0.408
  0.187, -0.122,  0.396
  0.185, -0.131,  0.399
  0.190, -0.125,  0.388
  0.189, -0.134,  0.391
  0.194, -0.127,  0.380
  0.193, -0.137,  0.382
  0.198, -0.129,  0.372
  0.197, -0.139,  0.373
  0.201, -0.130,  0.363
  0.201, -0.140,  0.364
  0.205, -0.130,  0.355
  0.205, -0.140,  0.355
  0.209, -0.130,  0.347
  0.209, -0.140,  0.346
  0.212, -0.129,  0.338
  0.213, -0.139,  0.337
  0.216, -0.127,  0.330
  0.217, -0.137,  0.328
  0.220, -0.125,  0.322
  0.221, -0.134,  0.319
  0.223, -0.122,  0.314
  0.225, -0.131,  0.311
  0.227, -0.118,  0.306
  0.228, -0.127,  0.302
  0.230, -0.114,  0.299
  0.232, -0.123,  0.294
  0.233, -0.109,  0.291
  0.235, -0.118,  0.286
  0.236, -0.104,  0.284
  0.239, -0.112,  0.279
  0.239, -0.098,  0.278
  0.242, -0.106,  0.272
  0.242, -0.092,  0.272
  0.245, -0.099,  0.265
  0.244, -0.085,  0.266
  0.247, -0.092,  0.259
  0.247, -0.078,  0.261
  0.250, -0.084,  0.254
  0.249, -0.070,  0.256
  0.252, -0.076,  0.248
  0.251, -0.062,  0.252
  0.254, -0.067,  0.244
  0.252, -0.054,  0.248
  0.256, -0.058,  0.240
  0.254, -0.045,  0.245
  0.258, -0.049,  0.236
  0.255, -0.037,  0.242
  0.259, -0.039,  0.233
  0.256, -0.028,  0.240
  0.260, -0.030,  0.231
  0.257, -0.019,  0.239
  0.261, -0.020,  0.230
  0.257, -0.009,  0.238
  0.261, -0.010,  0.229
  0.262,  0.000,  0.242
  0.266,  0.000,  0.233
  0.262,  0.009,  0.242
  0.266,  0.010,  0.233
  0.261,  0.019,  0.243
  0.265,  0.020,  0.234
  0.261,  0.028,  0.245
  0.264,  0.030,  0.236
  0.260,  0.037,  0.247
  0.264,  0.039,  0.238
  0.259,  0.045,  0.250
  0.262,  0.049,  0.241
  0.257,  0.054,  0.253
  0.261,  0.058,  0.244
  0.256,  0.062,  0.257
  0.259,  0.067,  0.249
  0.254,  0.070,  0.261
  0.257,  0.076,  0.253
  0.252,  0.078,  0.266
  0.255,  0.084,  0.259
  0.250,  0.085,  0.271
  0.253,  0.092,  0.264
  0.247,  0.092,  0.277
  0.250,  0.099,  0.271
  0.245,  0.098,  0.283
  0.247,  0.106,  0.277
  0.242,  0.104,  0.290
  0.244,  0.112,  0.285
  0.239,  0.109,  0.297
  0.241,  0.118,  0.292
  0.236,  0.114,  0.305
  0.238,  0.123,  0.300
  0.233,  0.118,  0.312
  0.234,  0.127,  0.308
  0.230,  0.122,  0.320
  0.231,  0.131,  0.317
  0.226,  0.125,  0.328
  0.227,  0.134,  0.326
  0.223,  0.127,  0.337
  0.224,  0.137,  0.335
  0.219,  0.129,  0.345
  0.220,  0.139,  0.344
  0.216,  0.130,  0.354
  0.216,  0.140,  0.353
  0.212,  0.130,  0.362
  0.212,  0.140,  0.362
  0.209,  0.130,  0.371
  0.208,  0.140,  0.371
  0.205,  0.129,  0.379
  0.205,  0.139,  0.381
  0.202,  0.127,  0.388
  0.201,  0.137,  0.390
  0.198,  0.125,  0.396
  0.197,  0.134,  0.399
  0.195,  0.122,  0.404
  0.193,  0.131,  0.407
  0.191,  0.118,  0.412
  0.190,  0.127,  0.416
  0.188,  0.114,  0.420
  0.186,  0.123,  0.424
  0.185,  0.109,  0.427
  0.183,  0.118,  0.432
  0.182,  0.104,  0.434
  0.180,  0.112,  0.440
  0.180,  0.098,  0.441
  0.177,  0.106,  0.447
  0.177,  0.092,  0.447
  0.174,  0.099,  0.454
  0.175,  0.085,  0.453
  0.172,  0.092,  0.460
  0.172,  0.078,  0.458
  0.169,  0.084,  0.466
  0.170,  0.070,  0.463
  0.167,  0.076,  0.471
  0.168,  0.062,  0.468
  0.165,  0.067,  0.476
  0.167,  0.054,  0.471
  0.163,  0.058,  0.480
  0.166,  0.045,  0.475
  0.162,  0.049,  0.483
  0.164,  0.037,  0.477
  0.161,  0.039,  0.486
  0.164,  0.028,  0.479
  0.160,  0.030,  0.489
  0.163,  0.019,  0.481
  0.159,  0.020,  0.490
  0.163,  0.009,  0.482
  0.159,  0.010,  0.491
  0.162,  0.000,  0.482
  0.159,  0.000,  0.491
  0.163, -0.009,  0.482
  0.159, -0.010,  0.491
  0.163, -0.019,  0.481
  0.159, -0.020,  0.490
  0.164, -0.028,  0.479
  0.160, -0.030,  0.489
  0.164, -0.037,  0.477
  0.161, -0.039,  0.486
  0.166, -0.045,  0.475
  0.162, -0.049,  0.483
  0.167, -0.054,  0.471
  0.163, -0.058,  0.480
  0.168, -0.062,  0.468
  0.165, -0.067,  0.476
  0.170, -0.070,  0.463
  0.167, -0.076,  0.471
  0.172, -0.078,  0.458
  0.169, -0.084,  0.466
  0.175, -0.085,  0.453
  0.172, -0.092,  0.460
  0.177, -0.092,  0.447
  0.174, -0.099,  0.454
  0.180, -0.098,  0.441
  0.177, -0.106,  0.447
  0.182, -0.104,  0.434
  0.180, -0.112,  0.440
  0.185, -0.109,  0.427
  0.183, -0.118,  0.432
  0.188, -0.114,  0.420
  0.186, -0.123,  0.424
  0.191, -0.118,  0.412
  0.190, -0.127,  0.416
  0.195, -0.122,  0.404
  0.193, -0.131,  0.407
  0.198, -0.125,  0.396
  0.197, -0.134,  0.399
  0.202, -0.127,  0.388
  0.201, -0.137,  0.390
  0.205, -0.129,  0.379
  0.205, -0.139,  0.381
  0.209, -0.130,  0.371
  0.208, -0.140,  0.371
  0.212, -0.130,  0.362
  0.212, -0.140,  0.362
  0.216, -0.130,  0.354
  0.216, -0.140,  0.353
  0.219, -0.129,  0.345
  0.220, -0.139,  0.344
  0.223, -0.127,  0.337
  0.224, -0.137,  0.335
  0.226, -0.125,  0.328
  0.227, -0.134,  0.326
  0.230, -0.122,  0.320
  0.231, -0.131,  0.317
  0.233, -0.118,  0.312
  0.234, -0.127,  0.308
  0.236, -0.114,  0.305
  0.238, -0.123,  0.300
  0.239, -0.109,  0.297
  0.241, -0.118,  0.292
  0.242, -0.104,  0.290
  0.244, -0.112,  0.285
  0.245, -0.098,  0.283
  0.247, -0.106,  0.277
  0.247, -0.092,  0.277
  0.250, -0.099,  0.271
  0.250, -0.085,  0.271
  0.253, -0.092,  0.264
  0.252, -0.078,  0.266
  0.255, -0.084,  0.259
  0.254, -0.070,  0.261
  0.257, -0.076,  0.253
  0.256, -0.062,  0.257
  0.259, -0.067,  0.249
  0.257, -0.054,  0.253
  0.261, -0.058,  0.244
  0.259, -0.045,  0.250
  0.262, -0.049,  0.241
  0.260, -0.037,  0.247
  0.264, -0.039,  0.238
  0.261, -0.028,  0.245
  0.264, -0.030,  0.236
  0.261, -0.019,  0.243
  0.265, -0.020,  0.234
  0.262, -0.009,  0.242
  0.266, -0.010,  0.233
  0.273,  0.002,  0.234
  0.269,  0.002,  0.243
  0.273, -0.008,  0.234
  0.269, -0.007,  0.243
  0.273, -0.018,  0.235
  0.269, -0.016,  0.244
  0.272, -0.028,  0.237
  0.269, -0.025,  0.246
  0.271, -0.037,  0.239
  0.268, -0.034,  0.248
  0.270, -0.047,  0.242
  0.267, -0.043,  0.250
  0.269, -0.056,  0.245
  0.266, -0.052,  0.254
  0.268, -0.065,  0.250
  0.264, -0.060,  0.258
  0.266, -0.073,  0.254
  0.263, -0.068,  0.262
  0.264, -0.081,  0.260
  0.261, -0.075,  0.267
  0.262, -0.089,  0.265
  0.259, -0.082,  0.272
  0.260, -0.096,  0.272
  0.257, -0.089,  0.278
  0.257, -0.103,  0.278
  0.255, -0.095,  0.285
  0.254, -0.109,  0.286
  0.252, -0.101,  0.291
  0.251, -0.115,  0.293
  0.249, -0.106,  0.298
  0.248, -0.120,  0.301
  0.246, -0.111,  0.306
  0.245, -0.124,  0.310
  0.243, -0.115,  0.313
  0.242, -0.128,  0.318
  0.240, -0.119,  0.321
  0.238, -0.131,  0.327
  0.237, -0.122,  0.329
  0.235, -0.134,  0.336
  0.234, -0.124,  0.338
  0.231, -0.135,  0.345
  0.231, -0.125,  0.346
  0.228, -0.136,  0.354
  0.227, -0.126,  0.355
  0.224, -0.137,  0.363
  0.224, -0.127,  0.363
  0.220, -0.136,  0.373
  0.221, -0.126,  0.372
  0.217, -0.135,  0.382
  0.217, -0.125,  0.381
  0.213, -0.133,  0.391
  0.214, -0.124,  0.389
  0.210, -0.131,  0.400
  0.210, -0.121,  0.397
  0.206, -0.128,  0.409
  0.207, -0.118,  0.405
  0.203, -0.124,  0.417
  0.204, -0.115,  0.413
  0.199, -0.119,  0.426
  0.201, -0.111,  0.421
  0.196, -0.114,  0.433
  0.198, -0.106,  0.428
  0.193, -0.108,  0.441
  0.195, -0.100,  0.435
  0.190, -0.102,  0.448
  0.192, -0.095,  0.442
  0.187, -0.095,  0.455
  0.190, -0.088,  0.448
  0.185, -0.088,  0.461
  0.187, -0.082,  0.454
  0.182, -0.080,  0.467
  0.185, -0.074,  0.460
  0.180, -0.072,  0.472
  0.183, -0.067,  0.465
  0.178, -0.063,  0.477
  0.181, -0.059,  0.469
  0.176, -0.055,  0.481
  0.179, -0.050,  0.473
  0.175, -0.045,  0.485
  0.178, -0.042,  0.476
  0.173, -0.036,  0.488
  0.177, -0.033,  0.479
  0.172, -0.026,  0.490
  0.176, -0.024,  0.481
  0.171, -0.016,  0.491
  0.175, -0.015,  0.482
  0.171, -0.007,  0.492
  0.174, -0.006,  0.483
  0.171,  0.003,  0.493
  0.174,  0.003,  0.484
  0.171,  0.013,  0.492
  0.174,  0.013,  0.483
  0.171,  0.023,  0.491
  0.174,  0.022,  0.482
  0.171,  0.033,  0.490
  0.175,  0.031,  0.481
  0.172,  0.043,  0.487
  0.175,  0.040,  0.479
  0.173,  0.052,  0.485
  0.176,  0.049,  0.476
  0.174,  0.061,  0.481
  0.178,  0.057,  0.473
  0.176,  0.070,  0.477
  0.179,  0.065,  0.469
  0.177,  0.079,  0.472
  0.181,  0.073,  0.464
  0.179,  0.087,  0.467
  0.182,  0.081,  0.459
  0.181,  0.094,  0.461
  0.184,  0.088,  0.454
  0.184,  0.102,  0.455
  0.187,  0.095,  0.448
  0.186,  0.108,  0.448
  0.189,  0.101,  0.442
  0.189,  0.115,  0.441
  0.191,  0.107,  0.435
  0.192,  0.120,  0.433
  0.194,  0.112,  0.428
  0.195,  0.125,  0.425
  0.197,  0.117,  0.421
  0.198,  0.130,  0.417
  0.200,  0.121,  0.413
  0.202,  0.133,  0.408
  0.203,  0.124,  0.405
  0.205,  0.137,  0.399
  0.206,  0.127,  0.397
  0.208,  0.139,  0.390
  0.209,  0.129,  0.389
  0.212,  0.141,  0.381
  0.213,  0.131,  0.380
  0.216,  0.142,  0.372
  0.216,  0.132,  0.372
  0.219,  0.142,  0.363
  0.219,  0.132,  0.363
  0.223,  0.142,  0.354
  0.223,  0.132,  0.354
  0.227,  0.141,  0.344
  0.226,  0.131,  0.346
  0.230,  0.139,  0.335
  0.230,  0.129,  0.337
  0.234,  0.136,  0.326
  0.233,  0.127,  0.329
  0.237,  0.133,  0.318
  0.236,  0.124,  0.321
  0.241,  0.129,  0.309
  0.239,  0.120,  0.313
  0.244,  0.125,  0.301
  0.242,  0.116,  0.305
  0.247,  0.120,  0.293
  0.245,  0.111,  0.298
  0.250,  0.114,  0.285
  0.248,  0.106,  0.291
  0.253,  0.108,  0.278
  0.251,  0.100,  0.284
  0.256,  0.101,  0.271
  0.254,  0.094,  0.278
  0.259,  0.093,  0.265
  0.256,  0.087,  0.272
  0.261,  0.086,  0.259
  0.258,  0.080,  0.267
  0.263,  0.077,  0.254
  0.260,  0.072,  0.262
  0.265,  0.069,  0.249
  0.262,  0.064,  0.257
  0.267,  0.060,  0.245
  0.264,  0.056,  0.254
  0.269,  0.051,  0.242
  0.265,  0.047,  0.250
  0.270,  0.041,  0.239
  0.267,  0.039,  0.248
  0.271,  0.032,  0.236
  0.268,  0.030,  0.246
  0.272,  0.022,  0.235
  0.268,  0.020,  0.244
  0.273,  0.012,  0.234
  0.269,  0.011,  0.243
  0.280,  0.004,  0.234
  0.277,  0.004,  0.244
  0.280, -0.006,  0.235
  0.277, -0.005,  0.244
  0.280, -0.016,  0.236
  0.277, -0.014,  0.245
  0.280, -0.025,  0.237
  0.276, -0.023,  0.246
  0.279, -0.035,  0.240
  0.276, -0.032,  0.249
  0.279, -0.044,  0.243
  0.275, -0.041,  0.251
  0.278, -0.053,  0.246
  0.274, -0.049,  0.255
  0.276, -0.062,  0.250
  0.273, -0.057,  0.259
  0.275, -0.071,  0.255
  0.272, -0.065,  0.263
  0.273, -0.079,  0.261
  0.270, -0.073,  0.268
  0.271, -0.086,  0.266
  0.268, -0.080,  0.273
  0.269, -0.094,  0.273
  0.266, -0.087,  0.279
  0.267, -0.100,  0.280
  0.264, -0.093,  0.286
  0.264, -0.106,  0.287
  0.262, -0.098,  0.292
  0.262, -0.112,  0.294
  0.260, -0.104,  0.299
  0.259, -0.117,  0.302
  0.257, -0.108,  0.307
  0.256, -0.121,  0.311
  0.254, -0.112,  0.315
  0.253, -0.125,  0.319
  0.251, -0.116,  0.323
  0.250, -0.128,  0.328
  0.248, -0.118,  0.331
  0.246, -0.130,  0.337
  0.245, -0.121,  0.339
  0.243, -0.132,  0.346
  0.242, -0.122,  0.348
  0.240, -0.133,  0.355
  0.239, -0.123,  0.356
  0.236, -0.133,  0.365
  0.236, -0.123,  0.365
  0.233, -0.133,  0.374
  0.233, -0.123,  0.373
  0.229, -0.132,  0.383
  0.229, -0.122,  0.382
  0.226, -0.130,  0.392
  0.226, -0.120,  0.390
  0.222, -0.127,  0.401
  0.223, -0.118,  0.399
  0.219, -0.124,  0.410
  0.220, -0.115,  0.407
  0.215, -0.120,  0.419
  0.217, -0.111,  0.415
  0.212, -0.116,  0.427
  0.214, -0.107,  0.422
  0.209, -0.110,  0.435
  0.211, -0.102,  0.430
  0.206, -0.105,  0.442
  0.208, -0.097,  0.437
  0.203, -0.098,  0.450
  0.205, -0.091,  0.444
  0.200, -0.092,  0.456
  0.202, -0.085,  0.450
  0.198, -0.084,  0.463
  0.200, -0.078,  0.456
  0.195, -0.077,  0.468
  0.198, -0.071,  0.461
  0.193, -0.068,  0.474
  0.196, -0.063,  0.466
  0.191, -0.060,  0.478
  0.194, -0.055,  0.470
  0.189, -0.051,  0.483
  0.192, -0.047,  0.474
  0.187, -0.042,  0.486
  0.190, -0.038,  0.477
  0.186, -0.032,  0.489
  0.189, -0.030,  0.480
  0.185, -0.023,  0.491
  0.188, -0.021,  0.482
  0.184, -0.013,  0.493
  0.187, -0.012,  0.484
  0.183, -0.003,  0.494
  0.186, -0.003,  0.485
  0.183,  0.007,  0.494
  0.186,  0.007,  0.485
  0.182,  0.017,  0.494
  0.186,  0.016,  0.484
  0.182,  0.026,  0.493
  0.186,  0.025,  0.483
  0.183,  0.036,  0.491
  0.186,  0.034,  0.482
  0.183,  0.046,  0.489
  0.187,  0.043,  0.480
  0.184,  0.055,  0.486
  0.187,  0.052,  0.477
  0.185,  0.064,  0.482
  0.188,  0.060,  0.474
  0.186,  0.073,  0.478
  0.189,  0.068,  0.470
  0.188,  0.082,  0.473
  0.191,  0.076,  0.465
  0.189,  0.090,  0.468
  0.192,  0.084,  0.460
  0.191,  0.097,  0.462
  0.194,  0.091,  0.455
  0.193,  0.104,  0.456
  0.196,  0.097,  0.449
  0.196,  0.111,  0.449
  0.198,  0.104,  0.443
  0.198,  0.117,  0.442
  0.201,  0.109,  0.436
  0.201,  0.123,  0.434
  0.203,  0.114,  0.429
  0.204,  0.128,  0.426
  0.206,  0.119,  0.422
  0.207,  0.132,  0.418
  0.208,  0.123,  0.414
  0.210,  0.136,  0.409
  0.211,  0.126,  0.406
  0.213,  0.139,  0.400
  0.214,  0.129,  0.398
  0.216,  0.141,  0.391
  0.217,  0.131,  0.389
  0.220,  0.143,  0.382
  0.220,  0.133,  0.381
  0.223,  0.144,  0.373
  0.224,  0.134,  0.372
  0.226,  0.144,  0.364
  0.227,  0.134,  0.364
  0.230,  0.144,  0.354
  0.230,  0.134,  0.355
  0.233,  0.142,  0.345
  0.233,  0.133,  0.347
  0.237,  0.141,  0.336
  0.237,  0.131,  0.338
  0.240,  0.138,  0.327
  0.240,  0.129,  0.330
  0.244,  0.135,  0.318
  0.243,  0.126,  0.322
  0.247,  0.131,  0.310
  0.246,  0.122,  0.314
  0.250,  0.126,  0.302
  0.249,  0.118,  0.306
  0.254,  0.121,  0.294
  0.252,  0.113,  0.299
  0.257,  0.116,  0.286
  0.255,  0.108,  0.292
  0.260,  0.109,  0.279
  0.258,  0.102,  0.285
  0.262,  0.102,  0.272
  0.260,  0.096,  0.279
  0.265,  0.095,  0.266
  0.263,  0.089,  0.273
  0.267,  0.087,  0.260
  0.265,  0.082,  0.267
  0.270,  0.079,  0.255
  0.267,  0.074,  0.262
  0.272,  0.071,  0.250
  0.269,  0.066,  0.258
  0.274,  0.062,  0.246
  0.271,  0.058,  0.254
  0.275,  0.053,  0.242
  0.272,  0.049,  0.251
  0.277,  0.043,  0.239
  0.273,  0.040,  0.248
  0.278,  0.034,  0.237
  0.275,  0.032,  0.246
  0.279,  0.024,  0.236
  0.275,  0.022,  0.245
  0.280,  0.014,  0.235
  0.276,  0.013,  0.244
  0.287,  0.006,  0.235
  0.284,  0.006,  0.244
  0.288, -0.004,  0.235
  0.284, -0.003,  0.245
  0.288, -0.014,  0.237
  0.284, -0.012,  0.246
  0.288, -0.023,  0.238
  0.284, -0.021,  0.247
  0.287, -0.033,  0.241
  0.284, -0.030,  0.250
  0.287, -0.042,  0.244
  0.284, -0.038,  0.252
  0.286, -0.051,  0.247
  0.283, -0.047,  0.256
  0.285, -0.060,  0.251
  0.282, -0.055,  0.260
  0.284, -0.068,  0.256
  0.281, -0.063,  0.264
  0.282, -0.076,  0.262
  0.279, -0.070,  0.269
  0.281, -0.084,  0.267
  0.278, -0.077,  0.274
  0.279, -0.091,  0.274
  0.276, -0.084,  0.280
  0.277, -0.097,  0.281
  0.274, -0.090,  0.287
  0.274, -0.104,  0.288
  0.272, -0.096,  0.293
  0.272, -0.109,  0.296
  0.270, -0.101,  0.301
  0.269, -0.114,  0.304
  0.267, -0.105,  0.308
  0.267, -0.118,  0.312
  0.265, -0.109,  0.316
  0.264, -0.122,  0.320
  0.262, -0.113,  0.324
  0.261, -0.125,  0.329
  0.259, -0.115,  0.332
  0.258, -0.127,  0.338
  0.257, -0.117,  0.340
  0.255, -0.129,  0.347
  0.254, -0.119,  0.349
  0.251, -0.130,  0.357
  0.251, -0.120,  0.357
  0.248, -0.130,  0.366
  0.248, -0.120,  0.366
  0.245, -0.129,  0.375
  0.244, -0.120,  0.375
  0.241, -0.128,  0.385
  0.241, -0.118,  0.383
  0.238, -0.126,  0.394
  0.238, -0.117,  0.392
  0.235, -0.124,  0.403
  0.235, -0.114,  0.400
  0.231, -0.120,  0.411
  0.232, -0.111,  0.408
  0.228, -0.117,  0.420
  0.229, -0.108,  0.416
  0.225, -0.112,  0.428
  0.226, -0.103,  0.424
  0.222, -0.107,  0.436
  0.223, -0.099,  0.431
  0.219, -0.101,  0.444
  0.220, -0.093,  0.438
  0.216, -0.095,  0.451
  0.218, -0.087,  0.445
  0.213, -0.088,  0.458
  0.215, -0.081,  0.451
  0.211, -0.081,  0.464
  0.213, -0.074,  0.457
  0.208, -0.073,  0.470
  0.210, -0.067,  0.462
  0.206, -0.065,  0.475
  0.208, -0.060,  0.467
  0.204, -0.056,  0.480
  0.206, -0.052,  0.472
  0.202, -0.047,  0.484
  0.205, -0.043,  0.475
  0.200, -0.038,  0.487
  0.203, -0.035,  0.479
  0.198, -0.029,  0.490
  0.201, -0.026,  0.481
  0.197, -0.019,  0.493
  0.200, -0.017,  0.483
  0.196, -0.009,  0.494
  0.199, -0.008,  0.485
  0.195,  0.000,  0.495
  0.198,  0.001,  0.486
  0.195,  0.010,  0.495
  0.198,  0.010,  0.486
  0.194,  0.020,  0.495
  0.197,  0.019,  0.486
  0.194,  0.030,  0.494
  0.197,  0.028,  0.485
  0.194,  0.039,  0.492
  0.197,  0.037,  0.483
  0.194,  0.049,  0.490
  0.198,  0.046,  0.481
  0.195,  0.058,  0.487
  0.198,  0.055,  0.478
  0.196,  0.067,  0.483
  0.199,  0.063,  0.475
  0.197,  0.076,  0.479
  0.200,  0.071,  0.471
  0.198,  0.084,  0.474
  0.201,  0.079,  0.466
  0.199,  0.092,  0.469
  0.202,  0.086,  0.462
  0.201,  0.100,  0.463
  0.204,  0.093,  0.456
  0.203,  0.107,  0.457
  0.206,  0.100,  0.450
  0.205,  0.114,  0.450
  0.208,  0.106,  0.444
  0.207,  0.120,  0.443
  0.210,  0.112,  0.437
  0.210,  0.125,  0.435
  0.212,  0.117,  0.430
  0.212,  0.130,  0.427
  0.214,  0.121,  0.423
  0.215,  0.134,  0.419
  0.217,  0.125,  0.415
  0.218,  0.138,  0.410
  0.220,  0.129,  0.407
  0.221,  0.141,  0.401
  0.222,  0.132,  0.399
  0.224,  0.143,  0.392
  0.225,  0.134,  0.390
  0.227,  0.145,  0.383
  0.228,  0.135,  0.382
  0.230,  0.146,  0.374
  0.231,  0.136,  0.373
  0.234,  0.146,  0.364
  0.234,  0.136,  0.365
  0.237,  0.146,  0.355
  0.237,  0.136,  0.356
  0.240,  0.144,  0.346
  0.240,  0.135,  0.347
  0.244,  0.142,  0.337
  0.243,  0.133,  0.339
  0.247,  0.140,  0.328
  0.247,  0.130,  0.330
  0.250,  0.137,  0.319
  0.250,  0.127,  0.322
  0.253,  0.133,  0.310
  0.253,  0.124,  0.314
  0.257,  0.128,  0.302
  0.256,  0.120,  0.307
  0.260,  0.123,  0.294
  0.258,  0.115,  0.299
  0.263,  0.117,  0.287
  0.261,  0.110,  0.292
  0.266,  0.111,  0.279
  0.264,  0.104,  0.286
  0.268,  0.104,  0.273
  0.266,  0.097,  0.279
  0.271,  0.097,  0.266
  0.269,  0.091,  0.273
  0.274,  0.089,  0.261
  0.271,  0.083,  0.268
  0.276,  0.081,  0.255
  0.273,  0.076,  0.263
  0.278,  0.072,  0.251
  0.275,  0.068,  0.259
  0.280,  0.064,  0.247
  0.277,  0.060,  0.255
  0.282,  0.054,  0.243
  0.279,  0.051,  0.252
  0.283,  0.045,  0.240
  0.280,  0.042,  0.249
  0.285,  0.035,  0.238
  0.281,  0.033,  0.247
  0.286,  0.026,  0.236
  0.282,  0.024,  0.246
  0.287,  0.016,  0.235
  0.283,  0.015,  0.245
  0.294,  0.008,  0.236
  0.291,  0.008,  0.245
  0.295, -0.002,  0.236
  0.292, -0.001,  0.246
  0.295, -0.011,  0.237
  0.292, -0.010,  0.247
  0.295, -0.021,  0.239
  0.292, -0.019,  0.248
  0.295, -0.030,  0.241
  0.292, -0.028,  0.250
  0.295, -0.040,  0.244
  0.292, -0.036,  0.253
  0.294, -0.049,  0.248
  0.291, -0.044,  0.257
  0.294, -0.057,  0.252
  0.291, -0.052,  0.260
  0.293, -0.066,  0.257
  0.290, -0.060,  0.265
  0.291, -0.074,  0.263
  0.288, -0.068,  0.270
  0.290, -0.081,  0.268
  0.287, -0.075,  0.275
  0.288, -0.088,  0.275
  0.286, -0.081,  0.281
  0.286, -0.095,  0.282
  0.284, -0.087,  0.288
  0.284, -0.101,  0.289
  0.282, -0.093,  0.294
  0.282, -0.106,  0.297
  0.280, -0.098,  0.302
  0.280, -0.111,  0.305
  0.278, -0.102,  0.309
  0.277, -0.115,  0.313
  0.276, -0.106,  0.317
  0.275, -0.119,  0.322
  0.273, -0.109,  0.325
  0.272, -0.122,  0.331
  0.271, -0.112,  0.333
  0.269, -0.124,  0.340
  0.268, -0.114,  0.341
  0.266, -0.125,  0.349
  0.265, -0.116,  0.350
  0.263, -0.126,  0.358
  0.262, -0.116,  0.359
  0.260, -0.126,  0.367
  0.259, -0.117,  0.367
  0.257, -0.126,  0.377
  0.256, -0.116,  0.376
  0.254, -0.125,  0.386
  0.254, -0.115,  0.384
  0.251, -0.123,  0.395
  0.251, -0.113,  0.393
  0.247, -0.120,  0.404
  0.248, -0.111,  0.401
  0.244, -0.117,  0.413
  0.245, -0.108,  0.409
  0.241, -0.113,  0.421
  0.242, -0.104,  0.417
  0.238, -0.108,  0.430
  0.239, -0.100,  0.425
  0.235, -0.103,  0.438
  0.236, -0.095,  0.433
  0.232, -0.097,  0.445
  0.233, -0.090,  0.440
  0.229, -0.091,  0.452
  0.231, -0.084,  0.446
  0.226, -0.084,  0.459
  0.228, -0.078,  0.453
  0.224, -0.077,  0.466
  0.225, -0.071,  0.458
  0.221, -0.069,  0.471
  0.223, -0.064,  0.464
  0.219, -0.061,  0.477
  0.221, -0.056,  0.469
  0.217, -0.053,  0.481
  0.219, -0.048,  0.473
  0.214, -0.044,  0.485
  0.217, -0.040,  0.477
  0.213, -0.035,  0.489
  0.215, -0.031,  0.480
  0.211, -0.025,  0.492
  0.214, -0.023,  0.483
  0.210, -0.016,  0.494
  0.212, -0.014,  0.485
  0.208, -0.006,  0.495
  0.211, -0.005,  0.486
  0.207,  0.004,  0.496
  0.210,  0.004,  0.487
  0.207,  0.014,  0.497
  0.210,  0.013,  0.487
  0.206,  0.023,  0.496
  0.209,  0.022,  0.487
  0.206,  0.033,  0.495
  0.209,  0.031,  0.486
  0.205,  0.043,  0.493
  0.209,  0.040,  0.484
  0.206,  0.052,  0.491
  0.209,  0.049,  0.482
  0.206,  0.061,  0.488
  0.209,  0.058,  0.479
  0.206,  0.070,  0.484
  0.210,  0.066,  0.476
  0.207,  0.079,  0.480
  0.210,  0.074,  0.472
  0.208,  0.087,  0.475
  0.211,  0.082,  0.468
  0.209,  0.095,  0.470
  0.212,  0.089,  0.463
  0.211,  0.103,  0.464
  0.214,  0.096,  0.457
  0.213,  0.110,  0.458
  0.215,  0.103,  0.451
  0.214,  0.116,  0.451
  0.217,  0.109,  0.445
  0.216,  0.122,  0.444
  0.219,  0.114,  0.438
  0.219,  0.128,  0.436
  0.221,  0.119,  0.431
  0.221,  0.133,  0.428
  0.223,  0.124,  0.423
  0.223,  0.137,  0.419
  0.225,  0.128,  0.416
  0.226,  0.140,  0.411
  0.228,  0.131,  0.408
  0.229,  0.143,  0.402
  0.230,  0.134,  0.399
  0.232,  0.146,  0.393
  0.233,  0.136,  0.391
  0.235,  0.147,  0.384
  0.236,  0.137,  0.383
  0.238,  0.148,  0.375
  0.239,  0.138,  0.374
  0.241,  0.148,  0.365
  0.241,  0.138,  0.365
  0.244,  0.148,  0.356
  0.244,  0.138,  0.357
  0.247,  0.146,  0.347
  0.247,  0.137,  0.348
  0.250,  0.144,  0.338
  0.250,  0.135,  0.340
  0.254,  0.142,  0.329
  0.253,  0.132,  0.331
  0.257,  0.138,  0.320
  0.256,  0.129,  0.323
  0.260,  0.135,  0.311
  0.259,  0.126,  0.315
  0.263,  0.130,  0.303
  0.262,  0.121,  0.307
  0.266,  0.125,  0.295
  0.265,  0.117,  0.300
  0.269,  0.119,  0.287
  0.268,  0.111,  0.293
  0.272,  0.113,  0.280
  0.270,  0.105,  0.286
  0.275,  0.106,  0.273
  0.273,  0.099,  0.280
  0.277,  0.099,  0.267
  0.275,  0.092,  0.274
  0.280,  0.091,  0.261
  0.278,  0.085,  0.269
  0.282,  0.083,  0.256
  0.280,  0.078,  0.264
  0.284,  0.074,  0.251
  0.282,  0.070,  0.260
  0.286,  0.065,  0.247
  0.284,  0.061,  0.256
  0.288,  0.056,  0.244
  0.285,  0.053,  0.252
  0.290,  0.047,  0.241
  0.287,  0.044,  0.250
  0.291,  0.037,  0.239
  0.288,  0.035,  0.248
  0.293,  0.028,  0.237
  0.289,  0.026,  0.246
  0.294,  0.018,  0.236
  0.290,  0.017,  0.245
  0.301,  0.010,  0.237
  0.299,  0.010,  0.246
  0.302,  0.000,  0.237
  0.299,  0.001,  0.246
  0.303, -0.009,  0.238
  0.300, -0.008,  0.247
  0.303, -0.019,  0.240
  0.300, -0.017,  0.249
  0.303, -0.028,  0.242
  0.300, -0.025,  0.251
  0.303, -0.037,  0.245
  0.300, -0.034,  0.254
  0.303, -0.046,  0.249
  0.300, -0.042,  0.257
  0.302, -0.055,  0.253
  0.299, -0.050,  0.261
  0.301, -0.063,  0.258
  0.298, -0.058,  0.266
  0.300, -0.071,  0.264
  0.298, -0.065,  0.271
  0.299, -0.078,  0.269
  0.296, -0.072,  0.276
  0.298, -0.085,  0.276
  0.295, -0.078,  0.282
  0.296, -0.092,  0.283
  0.294, -0.084,  0.289
  0.295, -0.098,  0.290
  0.292, -0.090,  0.296
  0.293, -0.103,  0.298
  0.290, -0.095,  0.303
  0.290, -0.108,  0.306
  0.288, -0.099,  0.310
  0.288, -0.112,  0.314
  0.286, -0.103,  0.318
  0.286, -0.116,  0.323
  0.284, -0.106,  0.326
  0.283, -0.118,  0.332
  0.282, -0.109,  0.334
  0.281, -0.121,  0.341
  0.279, -0.111,  0.343
  0.278, -0.122,  0.350
  0.277, -0.112,  0.351
  0.275, -0.123,  0.359
  0.274, -0.113,  0.360
  0.272, -0.123,  0.369
  0.271, -0.113,  0.369
  0.269, -0.122,  0.378
  0.268, -0.113,  0.377
  0.266, -0.121,  0.387
  0.266, -0.112,  0.386
  0.263, -0.119,  0.396
  0.263, -0.110,  0.394
  0.260, -0.117,  0.405
  0.260, -0.107,  0.403
  0.257, -0.113,  0.414
  0.257, -0.104,  0.411
  0.254, -0.109,  0.423
  0.254, -0.101,  0.419
  0.251, -0.105,  0.431
  0.251, -0.096,  0.427
  0.248, -0.100,  0.439
  0.249, -0.091,  0.434
  0.245, -0.094,  0.447
  0.246, -0.086,  0.441
  0.242, -0.087,  0.454
  0.243, -0.080,  0.448
  0.239, -0.081,  0.461
  0.241, -0.074,  0.454
  0.237, -0.073,  0.467
  0.238, -0.067,  0.460
  0.234, -0.066,  0.473
  0.236, -0.060,  0.465
  0.232, -0.057,  0.478
  0.234, -0.052,  0.470
  0.229, -0.049,  0.483
  0.232, -0.044,  0.474
  0.227, -0.040,  0.487
  0.230, -0.036,  0.478
  0.225, -0.031,  0.490
  0.228, -0.028,  0.481
  0.224, -0.022,  0.493
  0.226, -0.019,  0.484
  0.222, -0.012,  0.495
  0.225, -0.010,  0.486
  0.221, -0.003,  0.497
  0.223, -0.001,  0.488
  0.219,  0.007,  0.498
  0.222,  0.008,  0.488
  0.218,  0.017,  0.498
  0.221,  0.017,  0.489
  0.218,  0.027,  0.498
  0.221,  0.026,  0.488
  0.217,  0.036,  0.496
  0.220,  0.035,  0.487
  0.217,  0.046,  0.495
  0.220,  0.044,  0.486
  0.217,  0.055,  0.492
  0.220,  0.052,  0.483
  0.217,  0.064,  0.489
  0.220,  0.061,  0.481
  0.217,  0.073,  0.486
  0.220,  0.069,  0.477
  0.218,  0.082,  0.481
  0.221,  0.077,  0.473
  0.219,  0.090,  0.477
  0.222,  0.085,  0.469
  0.220,  0.098,  0.471
  0.222,  0.092,  0.464
  0.221,  0.106,  0.465
  0.224,  0.099,  0.458
  0.222,  0.113,  0.459
  0.225,  0.105,  0.452
  0.224,  0.119,  0.452
  0.226,  0.111,  0.446
  0.225,  0.125,  0.445
  0.228,  0.117,  0.439
  0.227,  0.130,  0.437
  0.230,  0.122,  0.432
  0.229,  0.135,  0.429
  0.232,  0.126,  0.424
  0.232,  0.139,  0.420
  0.234,  0.130,  0.417
  0.234,  0.143,  0.412
  0.236,  0.133,  0.409
  0.237,  0.146,  0.403
  0.238,  0.136,  0.400
  0.239,  0.148,  0.394
  0.241,  0.138,  0.392
  0.242,  0.149,  0.385
  0.243,  0.140,  0.383
  0.245,  0.150,  0.375
  0.246,  0.140,  0.375
  0.248,  0.150,  0.366
  0.249,  0.140,  0.366
  0.251,  0.150,  0.357
  0.252,  0.140,  0.357
  0.254,  0.148,  0.347
  0.254,  0.139,  0.349
  0.257,  0.146,  0.338
  0.257,  0.137,  0.340
  0.260,  0.144,  0.329
  0.260,  0.134,  0.332
  0.263,  0.140,  0.320
  0.263,  0.131,  0.324
  0.266,  0.136,  0.312
  0.266,  0.128,  0.316
  0.269,  0.132,  0.304
  0.269,  0.123,  0.308
  0.272,  0.127,  0.296
  0.271,  0.119,  0.301
  0.275,  0.121,  0.288
  0.274,  0.113,  0.294
  0.278,  0.115,  0.281
  0.277,  0.107,  0.287
  0.281,  0.108,  0.274
  0.279,  0.101,  0.281
  0.283,  0.100,  0.268
  0.282,  0.094,  0.275
  0.286,  0.093,  0.262
  0.284,  0.087,  0.269
  0.288,  0.084,  0.257
  0.286,  0.079,  0.265
  0.291,  0.076,  0.252
  0.288,  0.072,  0.260
  0.293,  0.067,  0.248
  0.290,  0.063,  0.256
  0.295,  0.058,  0.244
  0.292,  0.055,  0.253
  0.296,  0.049,  0.242
  0.294,  0.046,  0.251
  0.298,  0.039,  0.239
  0.295,  0.037,  0.249
  0.299,  0.030,  0.238
  0.297,  0.028,  0.247
  0.301,  0.020,  0.237
  0.298,  0.019,  0.246
  0.309,  0.012,  0.237
  0.306,  0.012,  0.247
  0.310,  0.002,  0.238
  0.307,  0.003,  0.247
  0.310, -0.007,  0.239
  0.307, -0.005,  0.248
  0.311, -0.017,  0.241
  0.308, -0.014,  0.250
  0.311, -0.026,  0.243
  0.308, -0.023,  0.252
  0.311, -0.035,  0.246
  0.308, -0.031,  0.255
  0.311, -0.044,  0.250
  0.308, -0.040,  0.258
  0.311, -0.052,  0.254
  0.308, -0.048,  0.262
  0.310, -0.061,  0.259
  0.307, -0.055,  0.267
  0.310, -0.068,  0.264
  0.307, -0.062,  0.272
  0.309, -0.076,  0.270
  0.306, -0.069,  0.277
  0.307, -0.083,  0.277
  0.305, -0.076,  0.283
  0.306, -0.089,  0.284
  0.303, -0.082,  0.290
  0.305, -0.095,  0.291
  0.302, -0.087,  0.297
  0.303, -0.100,  0.299
  0.301, -0.092,  0.304
  0.301, -0.105,  0.307
  0.299, -0.096,  0.311
  0.299, -0.109,  0.315
  0.297, -0.100,  0.319
  0.297, -0.113,  0.324
  0.295, -0.103,  0.327
  0.294, -0.115,  0.333
  0.293, -0.106,  0.335
  0.292, -0.117,  0.342
  0.290, -0.108,  0.344
  0.289, -0.119,  0.351
  0.288, -0.109,  0.352
  0.287, -0.120,  0.361
  0.286, -0.110,  0.361
  0.284, -0.120,  0.370
  0.283, -0.110,  0.370
  0.281, -0.119,  0.379
  0.280, -0.109,  0.378
  0.278, -0.118,  0.389
  0.278, -0.108,  0.387
  0.275, -0.116,  0.398
  0.275, -0.106,  0.396
  0.272, -0.113,  0.407
  0.272, -0.104,  0.404
  0.269, -0.110,  0.416
  0.269, -0.101,  0.412
  0.267, -0.106,  0.424
  0.267, -0.097,  0.420
  0.264, -0.101,  0.432
  0.264, -0.093,  0.428
  0.261, -0.096,  0.440
  0.261, -0.088,  0.435
  0.258, -0.090,  0.448
  0.259, -0.083,  0.442
  0.255, -0.084,  0.455
  0.256, -0.077,  0.449
  0.252, -0.077,  0.462
  0.253, -0.070,  0.455
  0.250, -0.070,  0.468
  0.251, -0.064,  0.461
  0.247, -0.062,  0.474
  0.249, -0.056,  0.467
  0.245, -0.054,  0.479
  0.246, -0.049,  0.471
  0.242, -0.045,  0.484
  0.244, -0.041,  0.476
  0.240, -0.036,  0.488
  0.242, -0.033,  0.480
  0.238, -0.027,  0.492
  0.240, -0.024,  0.483
  0.236, -0.018,  0.494
  0.239, -0.016,  0.485
  0.234, -0.009,  0.497
  0.237, -0.007,  0.487
  0.233,  0.001,  0.498
  0.236,  0.002,  0.489
  0.232,  0.011,  0.499
  0.234,  0.011,  0.490
  0.230,  0.020,  0.499
  0.233,  0.020,  0.490
  0.230,  0.030,  0.499
  0.232,  0.029,  0.489
  0.229,  0.040,  0.498
  0.232,  0.038,  0.488
  0.228,  0.049,  0.496
  0.231,  0.047,  0.487
  0.228,  0.058,  0.494
  0.231,  0.055,  0.485
  0.228,  0.068,  0.490
  0.231,  0.064,  0.482
  0.228,  0.076,  0.487
  0.231,  0.072,  0.478
  0.228,  0.085,  0.482
  0.231,  0.080,  0.474
  0.229,  0.093,  0.478
  0.232,  0.088,  0.470
  0.230,  0.101,  0.472
  0.232,  0.095,  0.465
  0.231,  0.108,  0.466
  0.233,  0.102,  0.459
  0.232,  0.115,  0.460
  0.234,  0.108,  0.453
  0.233,  0.122,  0.453
  0.236,  0.114,  0.447
  0.235,  0.127,  0.446
  0.237,  0.120,  0.440
  0.236,  0.133,  0.438
  0.239,  0.124,  0.433
  0.238,  0.137,  0.430
  0.240,  0.129,  0.425
  0.240,  0.142,  0.421
  0.242,  0.133,  0.418
  0.242,  0.145,  0.413
  0.244,  0.136,  0.409
  0.245,  0.148,  0.404
  0.246,  0.138,  0.401
  0.247,  0.150,  0.395
  0.249,  0.140,  0.393
  0.250,  0.151,  0.385
  0.251,  0.142,  0.384
  0.252,  0.152,  0.376
  0.254,  0.142,  0.376
  0.255,  0.152,  0.367
  0.256,  0.142,  0.367
  0.258,  0.151,  0.357
  0.259,  0.142,  0.358
  0.261,  0.150,  0.348
  0.261,  0.141,  0.350
  0.264,  0.148,  0.339
  0.264,  0.139,  0.341
  0.267,  0.145,  0.330
  0.267,  0.136,  0.333
  0.270,  0.142,  0.321
  0.270,  0.133,  0.324
  0.273,  0.138,  0.313
  0.272,  0.129,  0.317
  0.276,  0.134,  0.304
  0.275,  0.125,  0.309
  0.278,  0.128,  0.296
  0.278,  0.120,  0.301
  0.281,  0.123,  0.289
  0.281,  0.115,  0.294
  0.284,  0.116,  0.281
  0.283,  0.109,  0.288
  0.287,  0.109,  0.275
  0.286,  0.103,  0.281
  0.290,  0.102,  0.268
  0.288,  0.096,  0.276
  0.292,  0.094,  0.263
  0.291,  0.089,  0.270
  0.295,  0.086,  0.257
  0.293,  0.081,  0.265
  0.297,  0.078,  0.253
  0.295,  0.073,  0.261
  0.299,  0.069,  0.249
  0.297,  0.065,  0.257
  0.301,  0.060,  0.245
  0.299,  0.057,  0.254
  0.303,  0.051,  0.242
  0.301,  0.048,  0.251
  0.305,  0.041,  0.240
  0.302,  0.039,  0.249
  0.306,  0.032,  0.239
  0.304,  0.030,  0.248
  0.307,  0.022,  0.238
  0.305,  0.021,  0.247
  0.316,  0.014,  0.238
  0.313,  0.014,  0.248
  0.317,  0.005,  0.239
  0.314,  0.006,  0.248
  0.318, -0.005,  0.240
  0.315, -0.003,  0.249
  0.319, -0.014,  0.242
  0.316, -0.012,  0.251
  0.319, -0.024,  0.244
  0.316, -0.021,  0.253
  0.319, -0.033,  0.247
  0.317, -0.029,  0.256
  0.320, -0.042,  0.251
  0.317, -0.037,  0.259
  0.319, -0.050,  0.255
  0.317, -0.045,  0.263
  0.319, -0.058,  0.260
  0.316, -0.053,  0.268
  0.319, -0.066,  0.265
  0.316, -0.060,  0.273
  0.318, -0.073,  0.271
  0.315, -0.067,  0.278
  0.317, -0.080,  0.278
  0.314, -0.073,  0.284
  0.316, -0.086,  0.285
  0.313, -0.079,  0.291
  0.315, -0.092,  0.292
  0.312, -0.084,  0.298
  0.313, -0.097,  0.300
  0.311, -0.089,  0.305
  0.312, -0.102,  0.308
  0.309, -0.093,  0.312
  0.310, -0.106,  0.317
  0.308, -0.097,  0.320
  0.308, -0.109,  0.325
  0.306, -0.100,  0.328
  0.306, -0.112,  0.334
  0.304, -0.103,  0.337
  0.303, -0.114,  0.343
  0.302, -0.105,  0.345
  0.301, -0.116,  0.353
  0.300, -0.106,  0.354
  0.299, -0.116,  0.362
  0.297, -0.107,  0.362
  0.296, -0.116,  0.371
  0.295, -0.107,  0.371
  0.293, -0.116,  0.381
  0.292, -0.106,  0.380
  0.291, -0.114,  0.390
  0.290, -0.105,  0.388
  0.288, -0.112,  0.399
  0.287, -0.103,  0.397
  0.285, -0.109,  0.408
  0.285, -0.100,  0.405
  0.282, -0.106,  0.417
  0.282, -0.097,  0.414
  0.279, -0.102,  0.426
  0.279, -0.093,  0.422
  0.276, -0.097,  0.434
  0.277, -0.089,  0.429
  0.274, -0.092,  0.442
  0.274, -0.084,  0.437
  0.271, -0.086,  0.449
  0.271, -0.079,  0.444
  0.268, -0.080,  0.457
  0.269, -0.073,  0.450
  0.265, -0.073,  0.463
  0.266, -0.067,  0.457
  0.263, -0.066,  0.470
  0.264, -0.060,  0.463
  0.260, -0.058,  0.475
  0.261, -0.053,  0.468
  0.257, -0.050,  0.481
  0.259, -0.045,  0.473
  0.255, -0.042,  0.485
  0.257, -0.037,  0.477
  0.253, -0.033,  0.489
  0.255, -0.029,  0.481
  0.251, -0.024,  0.493
  0.253, -0.021,  0.484
  0.249, -0.015,  0.496
  0.251, -0.012,  0.487
  0.247, -0.005,  0.498
  0.249, -0.003,  0.489
  0.245,  0.004,  0.499
  0.248,  0.005,  0.490
  0.244,  0.014,  0.500
  0.246,  0.014,  0.491
  0.242,  0.024,  0.501
  0.245,  0.023,  0.491
  0.241,  0.033,  0.500
  0.244,  0.032,  0.491
  0.240,  0.043,  0.499
  0.243,  0.041,  0.490
  0.240,  0.052,  0.497
  0.243,  0.050,  0.488
  0.239,  0.062,  0.495
  0.242,  0.059,  0.486
  0.239,  0.071,  0.492
  0.242,  0.067,  0.483
  0.239,  0.079,  0.488
  0.242,  0.075,  0.479
  0.239,  0.088,  0.484
  0.242,  0.083,  0.475
  0.239,  0.096,  0.479
  0.242,  0.091,  0.471
  0.240,  0.104,  0.473
  0.242,  0.098,  0.466
  0.240,  0.111,  0.467
  0.243,  0.105,  0.460
  0.241,  0.118,  0.461
  0.244,  0.111,  0.454
  0.242,  0.124,  0.454
  0.245,  0.117,  0.448
  0.244,  0.130,  0.447
  0.246,  0.122,  0.441
  0.245,  0.135,  0.439
  0.248,  0.127,  0.434
  0.247,  0.140,  0.431
  0.249,  0.131,  0.426
  0.249,  0.144,  0.422
  0.251,  0.135,  0.418
  0.250,  0.147,  0.414
  0.253,  0.138,  0.410
  0.253,  0.150,  0.405
  0.254,  0.141,  0.402
  0.255,  0.152,  0.395
  0.257,  0.143,  0.394
  0.257,  0.153,  0.386
  0.259,  0.144,  0.385
  0.260,  0.154,  0.377
  0.261,  0.144,  0.376
  0.262,  0.154,  0.368
  0.263,  0.144,  0.368
  0.265,  0.153,  0.358
  0.266,  0.144,  0.359
  0.268,  0.152,  0.349
  0.268,  0.143,  0.350
  0.270,  0.150,  0.340
  0.271,  0.141,  0.342
  0.273,  0.147,  0.331
  0.274,  0.138,  0.333
  0.276,  0.144,  0.322
  0.276,  0.135,  0.325
  0.279,  0.140,  0.313
  0.279,  0.131,  0.317
  0.282,  0.135,  0.305
  0.282,  0.127,  0.310
  0.285,  0.130,  0.297
  0.284,  0.122,  0.302
  0.288,  0.124,  0.289
  0.287,  0.117,  0.295
  0.290,  0.118,  0.282
  0.290,  0.111,  0.288
  0.293,  0.111,  0.275
  0.292,  0.105,  0.282
  0.296,  0.104,  0.269
  0.295,  0.098,  0.276
  0.298,  0.096,  0.263
  0.297,  0.091,  0.271
  0.301,  0.088,  0.258
  0.299,  0.083,  0.266
  0.303,  0.080,  0.253
  0.301,  0.075,  0.262
  0.305,  0.071,  0.249
  0.304,  0.067,  0.258
  0.308,  0.062,  0.246
  0.306,  0.059,  0.255
  0.310,  0.052,  0.243
  0.307,  0.050,  0.252
  0.311,  0.043,  0.241
  0.309,  0.041,  0.250
  0.313,  0.033,  0.239
  0.311,  0.032,  0.249
  0.314,  0.024,  0.238
  0.312,  0.023,  0.248
  0.323,  0.016,  0.239
  0.320,  0.017,  0.248
  0.324,  0.007,  0.239
  0.322,  0.008,  0.249
  0.325, -0.003,  0.241
  0.323, -0.001,  0.250
  0.326, -0.012,  0.242
  0.324, -0.010,  0.252
  0.327, -0.022,  0.245
  0.324, -0.018,  0.254
  0.328, -0.030,  0.248
  0.325, -0.027,  0.257
  0.328, -0.039,  0.252
  0.325, -0.035,  0.260
  0.328, -0.048,  0.256
  0.325, -0.043,  0.264
  0.328, -0.056,  0.261
  0.325, -0.050,  0.269
  0.328, -0.063,  0.266
  0.325, -0.057,  0.274
  0.327, -0.071,  0.272
  0.324, -0.064,  0.279
  0.327, -0.077,  0.279
  0.324, -0.070,  0.285
  0.326, -0.084,  0.286
  0.323, -0.076,  0.292
  0.325, -0.089,  0.293
  0.322, -0.081,  0.299
  0.323, -0.094,  0.301
  0.321, -0.086,  0.306
  0.322, -0.099,  0.309
  0.320, -0.090,  0.314
  0.321, -0.103,  0.318
  0.318, -0.094,  0.321
  0.319, -0.106,  0.326
  0.317, -0.097,  0.330
  0.317, -0.109,  0.335
  0.315, -0.100,  0.338
  0.315, -0.111,  0.345
  0.313, -0.101,  0.346
  0.313, -0.112,  0.354
  0.311, -0.103,  0.355
  0.310, -0.113,  0.363
  0.309, -0.103,  0.364
  0.308, -0.113,  0.373
  0.307, -0.103,  0.372
  0.306, -0.112,  0.382
  0.304, -0.103,  0.381
  0.303, -0.111,  0.391
  0.302, -0.101,  0.390
  0.300, -0.109,  0.400
  0.299, -0.099,  0.398
  0.298, -0.106,  0.409
  0.297, -0.097,  0.407
  0.295, -0.102,  0.418
  0.294, -0.094,  0.415
  0.292, -0.098,  0.427
  0.292, -0.090,  0.423
  0.289, -0.094,  0.435
  0.289, -0.086,  0.431
  0.286, -0.089,  0.443
  0.287, -0.081,  0.438
  0.284, -0.083,  0.451
  0.284, -0.075,  0.445
  0.281, -0.076,  0.458
  0.281, -0.069,  0.452
  0.278, -0.070,  0.465
  0.279, -0.063,  0.458
  0.275, -0.062,  0.471
  0.276, -0.056,  0.464
  0.273, -0.055,  0.477
  0.274, -0.049,  0.469
  0.270, -0.046,  0.482
  0.272, -0.042,  0.474
  0.268, -0.038,  0.487
  0.269, -0.034,  0.478
  0.266, -0.029,  0.491
  0.267, -0.026,  0.482
  0.263, -0.020,  0.494
  0.265, -0.017,  0.485
  0.261, -0.011,  0.497
  0.263, -0.009,  0.488
  0.259, -0.002,  0.499
  0.261,  0.000,  0.490
  0.258,  0.008,  0.501
  0.260,  0.009,  0.491
  0.256,  0.018,  0.502
  0.258,  0.018,  0.492
  0.254,  0.027,  0.502
  0.257,  0.027,  0.492
  0.253,  0.037,  0.501
  0.256,  0.036,  0.492
  0.252,  0.046,  0.500
  0.255,  0.044,  0.491
  0.251,  0.056,  0.498
  0.254,  0.053,  0.489
  0.250,  0.065,  0.496
  0.253,  0.062,  0.487
  0.250,  0.074,  0.493
  0.253,  0.070,  0.484
  0.250,  0.083,  0.489
  0.252,  0.078,  0.481
  0.249,  0.091,  0.485
  0.252,  0.086,  0.477
  0.249,  0.099,  0.480
  0.252,  0.093,  0.472
  0.250,  0.107,  0.474
  0.252,  0.101,  0.467
  0.250,  0.114,  0.468
  0.253,  0.107,  0.461
  0.251,  0.121,  0.462
  0.254,  0.114,  0.455
  0.252,  0.127,  0.455
  0.254,  0.119,  0.449
  0.253,  0.133,  0.448
  0.255,  0.125,  0.442
  0.254,  0.138,  0.440
  0.256,  0.129,  0.435
  0.255,  0.142,  0.432
  0.258,  0.134,  0.427
  0.257,  0.146,  0.423
  0.259,  0.137,  0.419
  0.259,  0.150,  0.414
  0.261,  0.140,  0.411
  0.261,  0.152,  0.405
  0.263,  0.143,  0.403
  0.263,  0.154,  0.396
  0.264,  0.145,  0.394
  0.265,  0.156,  0.387
  0.266,  0.146,  0.386
  0.267,  0.156,  0.378
  0.269,  0.147,  0.377
  0.269,  0.156,  0.368
  0.271,  0.147,  0.368
  0.272,  0.155,  0.359
  0.273,  0.146,  0.360
  0.274,  0.154,  0.350
  0.275,  0.145,  0.351
  0.277,  0.152,  0.340
  0.278,  0.143,  0.343
  0.280,  0.149,  0.331
  0.280,  0.140,  0.334
  0.283,  0.146,  0.323
  0.283,  0.137,  0.326
  0.285,  0.142,  0.314
  0.286,  0.133,  0.318
  0.288,  0.137,  0.306
  0.288,  0.129,  0.310
  0.291,  0.132,  0.298
  0.291,  0.124,  0.303
  0.294,  0.126,  0.290
  0.293,  0.119,  0.296
  0.297,  0.120,  0.283
  0.296,  0.113,  0.289
  0.299,  0.113,  0.276
  0.298,  0.106,  0.283
  0.302,  0.106,  0.270
  0.301,  0.100,  0.277
  0.305,  0.098,  0.264
  0.303,  0.092,  0.272
  0.307,  0.090,  0.259
  0.306,  0.085,  0.267
  0.309,  0.081,  0.254
  0.308,  0.077,  0.262
  0.312,  0.073,  0.250
  0.310,  0.069,  0.259
  0.314,  0.064,  0.247
  0.312,  0.061,  0.255
  0.316,  0.054,  0.244
  0.314,  0.052,  0.253
  0.318,  0.045,  0.242
  0.316,  0.043,  0.251
  0.320,  0.035,  0.240
  0.318,  0.034,  0.249
  0.321,  0.026,  0.239
  0.319,  0.025,  0.249
  0.330,  0.018,  0.240
  0.328,  0.019,  0.249
  0.332,  0.009,  0.240
  0.329,  0.010,  0.250
  0.333, -0.001,  0.241
  0.330,  0.001,  0.251
  0.334, -0.010,  0.243
  0.331, -0.008,  0.252
  0.335, -0.019,  0.246
  0.332, -0.016,  0.255
  0.336, -0.028,  0.249
  0.333, -0.024,  0.258
  0.336, -0.037,  0.253
  0.334, -0.032,  0.261
  0.337, -0.045,  0.257
  0.334, -0.040,  0.265
  0.337, -0.053,  0.262
  0.334, -0.048,  0.270
  0.337, -0.061,  0.267
  0.334, -0.055,  0.275
  0.337, -0.068,  0.273
  0.334, -0.061,  0.280
  0.336, -0.075,  0.280
  0.333, -0.068,  0.287
  0.336, -0.081,  0.287
  0.333, -0.073,  0.293
  0.335, -0.086,  0.294
  0.332, -0.079,  0.300
  0.334, -0.092,  0.302
  0.331, -0.083,  0.307
  0.333, -0.096,  0.310
  0.330, -0.087,  0.315
  0.331, -0.100,  0.319
  0.329, -0.091,  0.323
  0.330, -0.103,  0.328
  0.328, -0.094,  0.331
  0.328, -0.106,  0.337
  0.326, -0.097,  0.339
  0.326, -0.108,  0.346
  0.324, -0.098,  0.348
  0.324, -0.109,  0.355
  0.322, -0.099,  0.356
  0.322, -0.110,  0.364
  0.321, -0.100,  0.365
  0.320, -0.109,  0.374
  0.318, -0.100,  0.374
  0.318, -0.109,  0.383
  0.316, -0.099,  0.382
  0.315, -0.107,  0.393
  0.314, -0.098,  0.391
  0.313, -0.105,  0.402
  0.312, -0.096,  0.400
  0.310, -0.102,  0.411
  0.309, -0.093,  0.408
  0.308, -0.099,  0.420
  0.307, -0.090,  0.416
  0.305, -0.095,  0.428
  0.304, -0.086,  0.424
  0.302, -0.090,  0.437
  0.302, -0.082,  0.432
  0.299, -0.085,  0.445
  0.299, -0.077,  0.439
  0.297, -0.079,  0.452
  0.297, -0.072,  0.446
  0.294, -0.073,  0.459
  0.294, -0.066,  0.453
  0.291, -0.066,  0.466
  0.292, -0.059,  0.459
  0.288, -0.059,  0.473
  0.289, -0.053,  0.465
  0.286, -0.051,  0.478
  0.287, -0.046,  0.471
  0.283, -0.043,  0.484
  0.284, -0.038,  0.476
  0.281, -0.034,  0.488
  0.282, -0.030,  0.480
  0.278, -0.026,  0.492
  0.280, -0.022,  0.484
  0.276, -0.017,  0.496
  0.278, -0.014,  0.487
  0.274, -0.007,  0.498
  0.276, -0.005,  0.489
  0.272,  0.002,  0.501
  0.274,  0.004,  0.491
  0.270,  0.011,  0.502
  0.272,  0.012,  0.493
  0.268,  0.021,  0.503
  0.270,  0.021,  0.494
  0.266,  0.031,  0.503
  0.269,  0.030,  0.494
  0.265,  0.040,  0.503
  0.267,  0.039,  0.493
  0.264,  0.049,  0.501
  0.266,  0.048,  0.492
  0.263,  0.059,  0.500
  0.265,  0.056,  0.490
  0.262,  0.068,  0.497
  0.264,  0.065,  0.488
  0.261,  0.077,  0.494
  0.264,  0.073,  0.485
  0.260,  0.086,  0.490
  0.263,  0.081,  0.482
  0.260,  0.094,  0.486
  0.263,  0.089,  0.478
  0.260,  0.102,  0.481
  0.262,  0.096,  0.473
  0.260,  0.109,  0.475
  0.263,  0.103,  0.468
  0.260,  0.117,  0.469
  0.263,  0.110,  0.462
  0.260,  0.123,  0.463
  0.263,  0.116,  0.456
  0.261,  0.130,  0.456
  0.264,  0.122,  0.450
  0.262,  0.135,  0.448
  0.264,  0.127,  0.443
  0.263,  0.140,  0.441
  0.265,  0.132,  0.436
  0.264,  0.145,  0.433
  0.266,  0.136,  0.428
  0.265,  0.149,  0.424
  0.268,  0.140,  0.420
  0.267,  0.152,  0.415
  0.269,  0.143,  0.412
  0.268,  0.155,  0.406
  0.271,  0.145,  0.404
  0.270,  0.156,  0.397
  0.272,  0.147,  0.395
  0.272,  0.158,  0.388
  0.274,  0.148,  0.387
  0.274,  0.158,  0.378
  0.276,  0.149,  0.378
  0.277,  0.158,  0.369
  0.278,  0.149,  0.369
  0.279,  0.157,  0.360
  0.280,  0.148,  0.361
  0.281,  0.156,  0.350
  0.282,  0.147,  0.352
  0.284,  0.154,  0.341
  0.285,  0.145,  0.343
  0.286,  0.151,  0.332
  0.287,  0.142,  0.335
  0.289,  0.148,  0.323
  0.290,  0.139,  0.327
  0.292,  0.144,  0.315
  0.292,  0.135,  0.319
  0.294,  0.139,  0.306
  0.295,  0.131,  0.311
  0.297,  0.134,  0.298
  0.297,  0.126,  0.303
  0.300,  0.128,  0.291
  0.300,  0.120,  0.296
  0.303,  0.121,  0.283
  0.302,  0.115,  0.290
  0.305,  0.115,  0.277
  0.305,  0.108,  0.283
  0.308,  0.107,  0.270
  0.307,  0.101,  0.278
  0.311,  0.100,  0.265
  0.310,  0.094,  0.272
  0.313,  0.092,  0.259
  0.312,  0.087,  0.267
  0.316,  0.083,  0.255
  0.315,  0.079,  0.263
  0.318,  0.074,  0.251
  0.317,  0.071,  0.259
  0.320,  0.065,  0.247
  0.319,  0.062,  0.256
  0.323,  0.056,  0.244
  0.321,  0.054,  0.253
  0.325,  0.047,  0.242
  0.323,  0.045,  0.251
  0.327,  0.037,  0.241
  0.325,  0.036,  0.250
  0.328,  0.028,  0.240
  0.326,  0.028,  0.249
  0.337,  0.020,  0.241
  0.335,  0.021,  0.250
  0.339,  0.011,  0.241
  0.337,  0.012,  0.250
  0.340,  0.001,  0.242
  0.338,  0.003,  0.252
  0.342, -0.008,  0.244
  0.339, -0.005,  0.253
  0.343, -0.017,  0.247
  0.340, -0.014,  0.256
  0.344, -0.026,  0.250
  0.341, -0.022,  0.259
  0.345, -0.034,  0.254
  0.342, -0.030,  0.262
  0.345, -0.043,  0.258
  0.343, -0.038,  0.266
  0.346, -0.051,  0.263
  0.343, -0.045,  0.271
  0.346, -0.058,  0.268
  0.343, -0.052,  0.276
  0.346, -0.065,  0.274
  0.343, -0.059,  0.281
  0.346, -0.072,  0.281
  0.343, -0.065,  0.288
  0.345, -0.078,  0.288
  0.343, -0.071,  0.294
  0.345, -0.084,  0.296
  0.342, -0.076,  0.301
  0.344, -0.089,  0.303
  0.341, -0.080,  0.308
  0.343, -0.093,  0.312
  0.341, -0.085,  0.316
  0.342, -0.097,  0.320
  0.340, -0.088,  0.324
  0.341, -0.100,  0.329
  0.338, -0.091,  0.332
  0.339, -0.103,  0.338
  0.337, -0.093,  0.340
  0.338, -0.105,  0.347
  0.336, -0.095,  0.349
  0.336, -0.106,  0.356
  0.334, -0.096,  0.357
  0.334, -0.106,  0.366
  0.332, -0.097,  0.366
  0.332, -0.106,  0.375
  0.330, -0.097,  0.375
  0.330, -0.105,  0.385
  0.328, -0.096,  0.384
  0.328, -0.104,  0.394
  0.326, -0.094,  0.392
  0.325, -0.102,  0.403
  0.324, -0.092,  0.401
  0.323, -0.099,  0.412
  0.322, -0.090,  0.409
  0.320, -0.095,  0.421
  0.319, -0.087,  0.418
  0.318, -0.091,  0.430
  0.317, -0.083,  0.426
  0.315, -0.087,  0.438
  0.314, -0.078,  0.433
  0.312, -0.081,  0.446
  0.312, -0.074,  0.441
  0.310, -0.075,  0.454
  0.309, -0.068,  0.448
  0.307, -0.069,  0.461
  0.307, -0.062,  0.455
  0.304, -0.062,  0.468
  0.304, -0.056,  0.461
  0.301, -0.055,  0.474
  0.302, -0.049,  0.467
  0.299, -0.047,  0.480
  0.299, -0.042,  0.472
  0.296, -0.039,  0.485
  0.297, -0.034,  0.477
  0.294, -0.031,  0.490
  0.295, -0.027,  0.481
  0.291, -0.022,  0.494
  0.292, -0.019,  0.485
  0.289, -0.013,  0.497
  0.290, -0.010,  0.488
  0.286, -0.004,  0.500
  0.288, -0.002,  0.491
  0.284,  0.005,  0.502
  0.286,  0.007,  0.493
  0.282,  0.015,  0.503
  0.284,  0.016,  0.494
  0.280,  0.024,  0.504
  0.282,  0.025,  0.495
  0.278,  0.034,  0.504
  0.281,  0.033,  0.495
  0.277,  0.043,  0.504
  0.279,  0.042,  0.495
  0.275,  0.053,  0.503
  0.278,  0.051,  0.493
  0.274,  0.062,  0.501
  0.276,  0.060,  0.492
  0.273,  0.071,  0.498
  0.275,  0.068,  0.489
  0.272,  0.080,  0.495
  0.274,  0.076,  0.486
  0.271,  0.089,  0.491
  0.274,  0.084,  0.483
  0.270,  0.097,  0.487
  0.273,  0.092,  0.479
  0.270,  0.105,  0.482
  0.273,  0.099,  0.474
  0.270,  0.112,  0.477
  0.273,  0.106,  0.469
  0.270,  0.119,  0.471
  0.273,  0.113,  0.464
  0.270,  0.126,  0.464
  0.273,  0.119,  0.457
  0.270,  0.132,  0.457
  0.273,  0.125,  0.451
  0.271,  0.138,  0.449
  0.274,  0.130,  0.444
  0.272,  0.143,  0.442
  0.274,  0.135,  0.437
  0.273,  0.147,  0.433
  0.275,  0.139,  0.429
  0.274,  0.151,  0.425
  0.276,  0.142,  0.421
  0.275,  0.154,  0.416
  0.277,  0.145,  0.413
  0.276,  0.157,  0.407
  0.279,  0.147,  0.405
  0.278,  0.159,  0.398
  0.280,  0.149,  0.396
  0.280,  0.160,  0.389
  0.282,  0.150,  0.388
  0.282,  0.160,  0.379
  0.284,  0.151,  0.379
  0.284,  0.160,  0.370
  0.285,  0.151,  0.370
  0.286,  0.159,  0.360
  0.287,  0.150,  0.361
  0.288,  0.158,  0.351
  0.290,  0.149,  0.353
  0.290,  0.156,  0.342
  0.292,  0.147,  0.344
  0.293,  0.153,  0.333
  0.294,  0.144,  0.336
  0.295,  0.149,  0.324
  0.296,  0.141,  0.327
  0.298,  0.145,  0.315
  0.299,  0.137,  0.319
  0.301,  0.141,  0.307
  0.301,  0.133,  0.312
  0.303,  0.135,  0.299
  0.304,  0.128,  0.304
  0.306,  0.130,  0.291
  0.306,  0.122,  0.297
  0.309,  0.123,  0.284
  0.309,  0.116,  0.290
  0.312,  0.116,  0.277
  0.311,  0.110,  0.284
  0.314,  0.109,  0.271
  0.314,  0.103,  0.278
  0.317,  0.101,  0.265
  0.316,  0.096,  0.273
  0.320,  0.093,  0.260
  0.319,  0.089,  0.268
  0.322,  0.085,  0.255
  0.321,  0.081,  0.264
  0.325,  0.076,  0.251
  0.323,  0.073,  0.260
  0.327,  0.067,  0.248
  0.326,  0.064,  0.257
  0.329,  0.058,  0.245
  0.328,  0.056,  0.254
  0.331,  0.049,  0.243
  0.330,  0.047,  0.252
  0.334,  0.039,  0.241
  0.332,  0.038,  0.251
  0.335,  0.030,  0.241
  0.333,  0.030,  0.250
  0.344,  0.022,  0.241
  0.342,  0.023,  0.251
  0.346,  0.013,  0.242
  0.344,  0.014,  0.251
  0.348,  0.003,  0.243
  0.346,  0.005,  0.252
  0.349, -0.006,  0.245
  0.347, -0.003,  0.254
  0.351, -0.015,  0.247
  0.348, -0.012,  0.256
  0.352, -0.024,  0.251
  0.350, -0.020,  0.259
  0.353, -0.032,  0.254
  0.350, -0.028,  0.263
  0.354, -0.040,  0.259
  0.351, -0.035,  0.267
  0.354, -0.048,  0.264
  0.352, -0.043,  0.272
  0.355, -0.056,  0.269
  0.352, -0.050,  0.277
  0.355, -0.063,  0.275
  0.353, -0.056,  0.282
  0.355, -0.069,  0.282
  0.353, -0.062,  0.289
  0.355, -0.075,  0.289
  0.352, -0.068,  0.295
  0.355, -0.081,  0.297
  0.352, -0.073,  0.302
  0.354, -0.086,  0.304
  0.352, -0.077,  0.309
  0.354, -0.090,  0.313
  0.351, -0.082,  0.317
  0.353, -0.094,  0.321
  0.350, -0.085,  0.325
  0.352, -0.097,  0.330
  0.349, -0.088,  0.333
  0.351, -0.099,  0.339
  0.348, -0.090,  0.341
  0.349, -0.101,  0.348
  0.347, -0.092,  0.350
  0.348, -0.102,  0.358
  0.345, -0.093,  0.359
  0.346, -0.103,  0.367
  0.344, -0.093,  0.367
  0.344, -0.103,  0.376
  0.342, -0.093,  0.376
  0.342, -0.102,  0.386
  0.340, -0.092,  0.385
  0.340, -0.100,  0.395
  0.338, -0.091,  0.394
  0.338, -0.098,  0.404
  0.336, -0.089,  0.402
  0.335, -0.095,  0.414
  0.334, -0.086,  0.411
  0.333, -0.092,  0.422
  0.332, -0.083,  0.419
  0.330, -0.088,  0.431
  0.329, -0.079,  0.427
  0.328, -0.083,  0.439
  0.327, -0.075,  0.435
  0.325, -0.078,  0.447
  0.325, -0.070,  0.442
  0.323, -0.072,  0.455
  0.322, -0.065,  0.449
  0.320, -0.065,  0.462
  0.320, -0.059,  0.456
  0.317, -0.059,  0.469
  0.317, -0.052,  0.462
  0.314, -0.051,  0.475
  0.315, -0.046,  0.468
  0.312, -0.044,  0.481
  0.312, -0.038,  0.473
  0.309, -0.036,  0.486
  0.310, -0.031,  0.478
  0.306, -0.027,  0.491
  0.307, -0.023,  0.483
  0.304, -0.018,  0.495
  0.305, -0.015,  0.486
  0.301, -0.009,  0.498
  0.303, -0.007,  0.489
  0.299, -0.000,  0.501
  0.300,  0.002,  0.492
  0.297,  0.009,  0.503
  0.298,  0.010,  0.494
  0.294,  0.018,  0.505
  0.296,  0.019,  0.495
  0.292,  0.028,  0.506
  0.294,  0.028,  0.496
  0.290,  0.037,  0.506
  0.292,  0.037,  0.496
  0.289,  0.047,  0.505
  0.291,  0.046,  0.496
  0.287,  0.056,  0.504
  0.289,  0.054,  0.495
  0.285,  0.065,  0.502
  0.288,  0.063,  0.493
  0.284,  0.074,  0.500
  0.286,  0.071,  0.491
  0.283,  0.083,  0.496
  0.285,  0.079,  0.488
  0.282,  0.092,  0.493
  0.284,  0.087,  0.484
  0.281,  0.100,  0.488
  0.284,  0.095,  0.480
  0.280,  0.108,  0.483
  0.283,  0.102,  0.475
  0.280,  0.115,  0.478
  0.283,  0.109,  0.470
  0.280,  0.122,  0.472
  0.282,  0.116,  0.465
  0.280,  0.129,  0.465
  0.282,  0.122,  0.458
  0.280,  0.135,  0.458
  0.282,  0.127,  0.452
  0.280,  0.140,  0.450
  0.283,  0.132,  0.445
  0.280,  0.145,  0.443
  0.283,  0.137,  0.438
  0.281,  0.150,  0.434
  0.284,  0.141,  0.430
  0.282,  0.153,  0.426
  0.285,  0.145,  0.422
  0.283,  0.157,  0.417
  0.286,  0.147,  0.414
  0.284,  0.159,  0.408
  0.287,  0.150,  0.406
  0.286,  0.161,  0.399
  0.288,  0.151,  0.397
  0.287,  0.162,  0.389
  0.289,  0.153,  0.388
  0.289,  0.162,  0.380
  0.291,  0.153,  0.380
  0.291,  0.162,  0.371
  0.293,  0.153,  0.371
  0.293,  0.161,  0.361
  0.295,  0.152,  0.362
  0.295,  0.160,  0.352
  0.297,  0.151,  0.353
  0.297,  0.158,  0.343
  0.299,  0.148,  0.345
  0.300,  0.155,  0.334
  0.301,  0.146,  0.336
  0.302,  0.151,  0.325
  0.303,  0.143,  0.328
  0.304,  0.147,  0.316
  0.305,  0.139,  0.320
  0.307,  0.142,  0.308
  0.308,  0.134,  0.312
  0.310,  0.137,  0.300
  0.310,  0.129,  0.305
  0.312,  0.131,  0.292
  0.313,  0.124,  0.298
  0.315,  0.125,  0.285
  0.315,  0.118,  0.291
  0.318,  0.118,  0.278
  0.318,  0.112,  0.285
  0.320,  0.111,  0.272
  0.320,  0.105,  0.279
  0.323,  0.103,  0.266
  0.323,  0.098,  0.274
  0.326,  0.095,  0.261
  0.325,  0.090,  0.269
  0.328,  0.087,  0.256
  0.328,  0.083,  0.264
  0.331,  0.078,  0.252
  0.330,  0.075,  0.261
  0.333,  0.069,  0.249
  0.332,  0.066,  0.258
  0.336,  0.060,  0.246
  0.335,  0.058,  0.255
  0.338,  0.051,  0.244
  0.337,  0.049,  0.253
  0.340,  0.041,  0.242
  0.339,  0.040,  0.252
  0.342,  0.032,  0.241
  0.341,  0.032,  0.251
  0.352,  0.024,  0.242
  0.350,  0.025,  0.252
  0.354,  0.015,  0.243
  0.352,  0.016,  0.252
  0.355,  0.006,  0.244
  0.353,  0.008,  0.253
  0.357, -0.004,  0.246
  0.355, -0.001,  0.255
  0.359, -0.013,  0.248
  0.356, -0.009,  0.257
  0.360, -0.021,  0.252
  0.358, -0.017,  0.260
  0.361, -0.030,  0.255
  0.359, -0.025,  0.264
  0.362, -0.038,  0.260
  0.360, -0.033,  0.268
  0.363, -0.046,  0.265
  0.361, -0.040,  0.273
  0.364, -0.053,  0.270
  0.361, -0.047,  0.278
  0.365, -0.060,  0.276
  0.362, -0.053,  0.283
  0.365, -0.067,  0.283
  0.362, -0.059,  0.290
  0.365, -0.073,  0.290
  0.362, -0.065,  0.296
  0.365, -0.078,  0.298
  0.362, -0.070,  0.303
  0.365, -0.083,  0.306
  0.362, -0.075,  0.311
  0.364, -0.087,  0.314
  0.362, -0.079,  0.318
  0.364, -0.091,  0.322
  0.361, -0.082,  0.326
  0.363, -0.094,  0.331
  0.360, -0.085,  0.334
  0.362, -0.096,  0.340
  0.359, -0.087,  0.343
  0.361, -0.098,  0.349
  0.358, -0.089,  0.351
  0.359, -0.099,  0.359
  0.357, -0.090,  0.360
  0.358, -0.100,  0.368
  0.355, -0.090,  0.369
  0.356, -0.099,  0.378
  0.354, -0.090,  0.377
  0.354, -0.098,  0.387
  0.352, -0.089,  0.386
  0.352, -0.097,  0.397
  0.350, -0.088,  0.395
  0.350, -0.095,  0.406
  0.348, -0.085,  0.404
  0.348, -0.092,  0.415
  0.346, -0.083,  0.412
  0.346, -0.088,  0.424
  0.344, -0.080,  0.420
  0.343, -0.084,  0.432
  0.342, -0.076,  0.428
  0.341, -0.079,  0.441
  0.340, -0.071,  0.436
  0.338, -0.074,  0.449
  0.337, -0.066,  0.444
  0.335, -0.068,  0.456
  0.335, -0.061,  0.451
  0.333, -0.062,  0.464
  0.332, -0.055,  0.457
  0.330, -0.055,  0.470
  0.330, -0.049,  0.464
  0.327, -0.048,  0.477
  0.327, -0.042,  0.469
  0.325, -0.040,  0.482
  0.325, -0.035,  0.475
  0.322, -0.032,  0.488
  0.322, -0.027,  0.480
  0.319, -0.023,  0.492
  0.320, -0.019,  0.484
  0.317, -0.015,  0.496
  0.317, -0.011,  0.488
  0.314, -0.006,  0.500
  0.315, -0.003,  0.491
  0.312,  0.003,  0.503
  0.313,  0.005,  0.493
  0.309,  0.012,  0.505
  0.310,  0.014,  0.495
  0.307,  0.022,  0.506
  0.308,  0.023,  0.497
  0.305,  0.031,  0.507
  0.306,  0.031,  0.497
  0.302,  0.041,  0.507
  0.304,  0.040,  0.498
  0.300,  0.050,  0.506
  0.302,  0.049,  0.497
  0.299,  0.059,  0.505
  0.301,  0.057,  0.496
  0.297,  0.069,  0.503
  0.299,  0.066,  0.494
  0.295,  0.077,  0.501
  0.298,  0.074,  0.492
  0.294,  0.086,  0.498
  0.296,  0.082,  0.489
  0.293,  0.095,  0.494
  0.295,  0.090,  0.485
  0.292,  0.103,  0.489
  0.294,  0.098,  0.481
  0.291,  0.111,  0.484
  0.293,  0.105,  0.476
  0.290,  0.118,  0.479
  0.293,  0.112,  0.471
  0.289,  0.125,  0.473
  0.292,  0.118,  0.466
  0.289,  0.131,  0.466
  0.292,  0.124,  0.459
  0.289,  0.137,  0.459
  0.292,  0.130,  0.453
  0.289,  0.143,  0.451
  0.292,  0.135,  0.446
  0.289,  0.148,  0.444
  0.292,  0.140,  0.439
  0.290,  0.152,  0.435
  0.292,  0.144,  0.431
  0.290,  0.156,  0.427
  0.293,  0.147,  0.423
  0.291,  0.159,  0.418
  0.294,  0.150,  0.415
  0.292,  0.161,  0.409
  0.295,  0.152,  0.406
  0.293,  0.163,  0.400
  0.296,  0.154,  0.398
  0.295,  0.164,  0.390
  0.297,  0.155,  0.389
  0.296,  0.165,  0.381
  0.298,  0.155,  0.380
  0.298,  0.164,  0.371
  0.300,  0.155,  0.372
  0.300,  0.163,  0.362
  0.302,  0.154,  0.363
  0.302,  0.162,  0.353
  0.304,  0.153,  0.354
  0.304,  0.160,  0.343
  0.306,  0.150,  0.346
  0.306,  0.157,  0.334
  0.308,  0.148,  0.337
  0.308,  0.153,  0.325
  0.310,  0.144,  0.329
  0.311,  0.149,  0.317
  0.312,  0.141,  0.321
  0.313,  0.144,  0.308
  0.314,  0.136,  0.313
  0.316,  0.139,  0.300
  0.317,  0.131,  0.306
  0.318,  0.133,  0.293
  0.319,  0.126,  0.299
  0.321,  0.127,  0.285
  0.322,  0.120,  0.292
  0.324,  0.120,  0.279
  0.324,  0.114,  0.286
  0.327,  0.113,  0.272
  0.327,  0.107,  0.280
  0.329,  0.105,  0.267
  0.329,  0.100,  0.274
  0.332,  0.097,  0.261
  0.332,  0.092,  0.269
  0.335,  0.088,  0.257
  0.334,  0.084,  0.265
  0.337,  0.080,  0.253
  0.337,  0.076,  0.261
  0.340,  0.071,  0.249
  0.339,  0.068,  0.258
  0.342,  0.062,  0.247
  0.341,  0.060,  0.256
  0.345,  0.052,  0.244
  0.344,  0.051,  0.254
  0.347,  0.043,  0.243
  0.346,  0.042,  0.252
  0.349,  0.034,  0.242
  0.348,  0.034,  0.252
  0.359,  0.026,  0.243
  0.357,  0.027,  0.252
  0.361,  0.017,  0.243
  0.359,  0.018,  0.253
  0.363,  0.008,  0.245
  0.361,  0.010,  0.254
  0.365, -0.001,  0.247
  0.363,  0.001,  0.256
  0.367, -0.010,  0.249
  0.365, -0.007,  0.258
  0.368, -0.019,  0.252
  0.366, -0.015,  0.261
  0.370, -0.027,  0.256
  0.367, -0.023,  0.265
  0.371, -0.035,  0.261
  0.369, -0.030,  0.269
  0.372, -0.043,  0.266
  0.370, -0.038,  0.274
  0.373, -0.051,  0.271
  0.371, -0.044,  0.279
  0.374, -0.057,  0.277
  0.371, -0.051,  0.285
  0.374, -0.064,  0.284
  0.372, -0.057,  0.291
  0.375, -0.070,  0.291
  0.372, -0.062,  0.297
  0.375, -0.075,  0.299
  0.372, -0.067,  0.304
  0.375, -0.080,  0.307
  0.372, -0.072,  0.312
  0.375, -0.084,  0.315
  0.372, -0.076,  0.319
  0.374, -0.088,  0.324
  0.372, -0.079,  0.327
  0.374, -0.091,  0.332
  0.371, -0.082,  0.335
  0.373, -0.093,  0.341
  0.370, -0.084,  0.344
  0.372, -0.095,  0.351
  0.369, -0.086,  0.352
  0.371, -0.096,  0.360
  0.368, -0.087,  0.361
  0.369, -0.096,  0.370
  0.367, -0.087,  0.370
  0.368, -0.096,  0.379
  0.366, -0.087,  0.379
  0.366, -0.095,  0.388
  0.364, -0.086,  0.388
  0.365, -0.093,  0.398
  0.363, -0.084,  0.396
  0.363, -0.091,  0.407
  0.361, -0.082,  0.405
  0.360, -0.088,  0.416
  0.359, -0.079,  0.413
  0.358, -0.085,  0.425
  0.357, -0.076,  0.422
  0.356, -0.080,  0.434
  0.355, -0.072,  0.430
  0.354, -0.076,  0.442
  0.352, -0.068,  0.437
  0.351, -0.070,  0.450
  0.350, -0.063,  0.445
  0.348, -0.064,  0.458
  0.348, -0.057,  0.452
  0.346, -0.058,  0.465
  0.345, -0.051,  0.459
  0.343, -0.051,  0.472
  0.343, -0.045,  0.465
  0.340, -0.044,  0.478
  0.340, -0.038,  0.471
  0.338, -0.036,  0.484
  0.338, -0.031,  0.476
  0.335, -0.028,  0.489
  0.335, -0.024,  0.481
  0.332, -0.020,  0.494
  0.332, -0.016,  0.485
  0.329, -0.011,  0.498
  0.330, -0.008,  0.489
  0.327, -0.002,  0.501
  0.327,  0.000,  0.492
  0.324,  0.007,  0.504
  0.325,  0.009,  0.495
  0.322,  0.016,  0.506
  0.323,  0.017,  0.497
  0.319,  0.025,  0.507
  0.320,  0.026,  0.498
  0.317,  0.035,  0.508
  0.318,  0.035,  0.499
  0.314,  0.044,  0.508
  0.316,  0.043,  0.499
  0.312,  0.053,  0.508
  0.314,  0.052,  0.498
  0.310,  0.063,  0.507
  0.312,  0.061,  0.497
  0.308,  0.072,  0.505
  0.310,  0.069,  0.495
  0.306,  0.081,  0.502
  0.309,  0.077,  0.493
  0.305,  0.089,  0.499
  0.307,  0.085,  0.490
  0.303,  0.098,  0.495
  0.306,  0.093,  0.486
  0.302,  0.106,  0.490
  0.305,  0.101,  0.482
  0.301,  0.114,  0.485
  0.303,  0.108,  0.478
  0.300,  0.121,  0.480
  0.303,  0.115,  0.472
  0.299,  0.128,  0.474
  0.302,  0.121,  0.467
  0.299,  0.134,  0.467
  0.301,  0.127,  0.461
  0.298,  0.140,  0.460
  0.301,  0.133,  0.454
  0.298,  0.145,  0.452
  0.301,  0.138,  0.447
  0.298,  0.150,  0.445
  0.301,  0.142,  0.440
  0.298,  0.155,  0.436
  0.301,  0.146,  0.432
  0.299,  0.158,  0.428
  0.301,  0.149,  0.424
  0.299,  0.161,  0.419
  0.302,  0.152,  0.416
  0.300,  0.163,  0.410
  0.303,  0.154,  0.407
  0.301,  0.165,  0.400
  0.304,  0.156,  0.399
  0.302,  0.166,  0.391
  0.305,  0.157,  0.390
  0.304,  0.167,  0.382
  0.306,  0.157,  0.381
  0.305,  0.166,  0.372
  0.307,  0.157,  0.372
  0.307,  0.165,  0.363
  0.309,  0.156,  0.364
  0.309,  0.164,  0.353
  0.311,  0.155,  0.355
  0.311,  0.161,  0.344
  0.312,  0.152,  0.346
  0.313,  0.158,  0.335
  0.314,  0.150,  0.338
  0.315,  0.155,  0.326
  0.316,  0.146,  0.330
  0.317,  0.151,  0.317
  0.319,  0.142,  0.322
  0.320,  0.146,  0.309
  0.321,  0.138,  0.314
  0.322,  0.141,  0.301
  0.323,  0.133,  0.306
  0.325,  0.135,  0.293
  0.326,  0.128,  0.299
  0.327,  0.128,  0.286
  0.328,  0.122,  0.292
  0.330,  0.122,  0.279
  0.330,  0.115,  0.286
  0.333,  0.114,  0.273
  0.333,  0.109,  0.280
  0.335,  0.107,  0.267
  0.336,  0.102,  0.275
  0.338,  0.099,  0.262
  0.338,  0.094,  0.270
  0.341,  0.090,  0.257
  0.341,  0.086,  0.266
  0.344,  0.082,  0.253
  0.343,  0.078,  0.262
  0.346,  0.073,  0.250
  0.346,  0.070,  0.259
  0.349,  0.064,  0.247
  0.348,  0.062,  0.256
  0.352,  0.054,  0.245
  0.350,  0.053,  0.254
  0.354,  0.045,  0.244
  0.353,  0.044,  0.253
  0.356,  0.036,  0.243
  0.355,  0.036,  0.252
  0.366,  0.028,  0.244
  0.364,  0.029,  0.253
  0.368,  0.019,  0.244
  0.367,  0.020,  0.254
  0.370,  0.010,  0.245
  0.369,  0.012,  0.255
  0.373,  0.001,  0.247
  0.371,  0.003,  0.257
  0.375, -0.008,  0.250
  0.373, -0.005,  0.259
  0.376, -0.017,  0.253
  0.374, -0.013,  0.262
  0.378, -0.025,  0.257
  0.376, -0.021,  0.266
  0.380, -0.033,  0.262
  0.377, -0.028,  0.270
  0.381, -0.041,  0.267
  0.379, -0.035,  0.275
  0.382, -0.048,  0.272
  0.380, -0.042,  0.280
  0.383, -0.055,  0.279
  0.381, -0.048,  0.286
  0.384, -0.061,  0.285
  0.381, -0.054,  0.292
  0.385, -0.067,  0.292
  0.382, -0.059,  0.298
  0.385, -0.072,  0.300
  0.382, -0.064,  0.305
  0.385, -0.077,  0.308
  0.382, -0.069,  0.313
  0.385, -0.081,  0.316
  0.382, -0.073,  0.320
  0.385, -0.085,  0.325
  0.382, -0.076,  0.328
  0.385, -0.088,  0.334
  0.382, -0.079,  0.337
  0.384, -0.090,  0.343
  0.381, -0.081,  0.345
  0.383, -0.092,  0.352
  0.381, -0.082,  0.354
  0.382, -0.093,  0.361
  0.380, -0.083,  0.362
  0.381, -0.093,  0.371
  0.379, -0.084,  0.371
  0.380, -0.093,  0.380
  0.378, -0.083,  0.380
  0.378, -0.092,  0.390
  0.376, -0.082,  0.389
  0.377, -0.090,  0.399
  0.375, -0.081,  0.398
  0.375, -0.088,  0.408
  0.373, -0.079,  0.406
  0.373, -0.085,  0.418
  0.371, -0.076,  0.415
  0.371, -0.081,  0.427
  0.369, -0.072,  0.423
  0.369, -0.077,  0.435
  0.367, -0.069,  0.431
  0.366, -0.072,  0.444
  0.365, -0.064,  0.439
  0.364, -0.067,  0.452
  0.363, -0.059,  0.446
  0.361, -0.061,  0.459
  0.360, -0.054,  0.453
  0.359, -0.054,  0.466
  0.358, -0.048,  0.460
  0.356, -0.048,  0.473
  0.355, -0.041,  0.466
  0.353, -0.040,  0.480
  0.353, -0.035,  0.472
  0.351, -0.033,  0.485
  0.350, -0.028,  0.478
  0.348, -0.025,  0.490
  0.348, -0.020,  0.482
  0.345, -0.016,  0.495
  0.345, -0.012,  0.487
  0.342, -0.008,  0.499
  0.343, -0.004,  0.490
  0.339,  0.001,  0.503
  0.340,  0.004,  0.494
  0.337,  0.010,  0.505
  0.337,  0.012,  0.496
  0.334,  0.020,  0.507
  0.335,  0.021,  0.498
  0.331,  0.029,  0.509
  0.332,  0.029,  0.499
  0.329,  0.038,  0.510
  0.330,  0.038,  0.500
  0.326,  0.047,  0.510
  0.328,  0.047,  0.500
  0.324,  0.057,  0.509
  0.326,  0.055,  0.500
  0.322,  0.066,  0.508
  0.324,  0.064,  0.498
  0.320,  0.075,  0.506
  0.322,  0.072,  0.497
  0.318,  0.084,  0.503
  0.320,  0.081,  0.494
  0.316,  0.092,  0.500
  0.318,  0.089,  0.491
  0.314,  0.101,  0.496
  0.316,  0.096,  0.488
  0.313,  0.109,  0.492
  0.315,  0.104,  0.483
  0.311,  0.116,  0.487
  0.314,  0.111,  0.479
  0.310,  0.124,  0.481
  0.313,  0.118,  0.473
  0.309,  0.131,  0.475
  0.312,  0.124,  0.468
  0.308,  0.137,  0.468
  0.311,  0.130,  0.462
  0.308,  0.143,  0.461
  0.310,  0.135,  0.455
  0.307,  0.148,  0.453
  0.310,  0.140,  0.448
  0.307,  0.153,  0.445
  0.310,  0.145,  0.441
  0.307,  0.157,  0.437
  0.310,  0.148,  0.433
  0.307,  0.161,  0.429
  0.310,  0.152,  0.425
  0.308,  0.163,  0.420
  0.310,  0.154,  0.417
  0.308,  0.166,  0.411
  0.311,  0.157,  0.408
  0.309,  0.167,  0.401
  0.312,  0.158,  0.400
  0.310,  0.168,  0.392
  0.312,  0.159,  0.391
  0.311,  0.169,  0.382
  0.313,  0.159,  0.382
  0.312,  0.168,  0.373
  0.315,  0.159,  0.373
  0.314,  0.167,  0.363
  0.316,  0.158,  0.364
  0.315,  0.166,  0.354
  0.318,  0.157,  0.356
  0.317,  0.163,  0.345
  0.319,  0.154,  0.347
  0.319,  0.160,  0.336
  0.321,  0.152,  0.339
  0.321,  0.157,  0.327
  0.323,  0.148,  0.330
  0.324,  0.153,  0.318
  0.325,  0.144,  0.322
  0.326,  0.148,  0.310
  0.327,  0.140,  0.314
  0.328,  0.142,  0.302
  0.330,  0.135,  0.307
  0.331,  0.137,  0.294
  0.332,  0.130,  0.300
  0.333,  0.130,  0.287
  0.334,  0.124,  0.293
  0.336,  0.123,  0.280
  0.337,  0.117,  0.287
  0.339,  0.116,  0.274
  0.339,  0.110,  0.281
  0.342,  0.108,  0.268
  0.342,  0.103,  0.276
  0.344,  0.100,  0.263
  0.345,  0.096,  0.271
  0.347,  0.092,  0.258
  0.347,  0.088,  0.267
  0.350,  0.083,  0.254
  0.350,  0.080,  0.263
  0.353,  0.075,  0.251
  0.352,  0.072,  0.260
  0.356,  0.065,  0.248
  0.355,  0.063,  0.257
  0.358,  0.056,  0.246
  0.357,  0.055,  0.255
  0.361,  0.047,  0.244
  0.360,  0.046,  0.254
  0.363,  0.038,  0.244
  0.362,  0.038,  0.253
  0.373,  0.030,  0.244
  0.372,  0.031,  0.254
  0.376,  0.021,  0.245
  0.374,  0.022,  0.254
  0.378,  0.012,  0.246
  0.376,  0.014,  0.256
  0.380,  0.003,  0.248
  0.379,  0.006,  0.258
  0.383, -0.006,  0.251
  0.381, -0.002,  0.260
  0.385, -0.014,  0.254
  0.383, -0.010,  0.263
  0.387, -0.023,  0.258
  0.384, -0.018,  0.267
  0.388, -0.031,  0.263
  0.386, -0.026,  0.271
  0.390, -0.038,  0.268
  0.387, -0.033,  0.276
  0.391, -0.045,  0.273
  0.389, -0.039,  0.281
  0.393, -0.052,  0.280
  0.390, -0.046,  0.287
  0.394, -0.058,  0.286
  0.391, -0.051,  0.293
  0.394, -0.064,  0.293
  0.392, -0.057,  0.299
  0.395, -0.069,  0.301
  0.392, -0.062,  0.306
  0.396, -0.074,  0.309
  0.393, -0.066,  0.314
  0.396, -0.078,  0.317
  0.393, -0.070,  0.322
  0.396, -0.082,  0.326
  0.393, -0.073,  0.330
  0.396, -0.085,  0.335
  0.393, -0.076,  0.338
  0.395, -0.087,  0.344
  0.393, -0.078,  0.346
  0.395, -0.088,  0.353
  0.392, -0.079,  0.355
  0.394, -0.089,  0.363
  0.391, -0.080,  0.364
  0.393, -0.090,  0.372
  0.390, -0.080,  0.372
  0.392, -0.089,  0.382
  0.389, -0.080,  0.381
  0.391, -0.088,  0.391
  0.388, -0.079,  0.390
  0.389, -0.086,  0.401
  0.387, -0.077,  0.399
  0.387, -0.084,  0.410
  0.385, -0.075,  0.408
  0.386, -0.081,  0.419
  0.383, -0.072,  0.416
  0.384, -0.077,  0.428
  0.382, -0.069,  0.424
  0.381, -0.073,  0.437
  0.380, -0.065,  0.432
  0.379, -0.068,  0.445
  0.378, -0.061,  0.440
  0.377, -0.063,  0.453
  0.375, -0.056,  0.448
  0.374, -0.057,  0.461
  0.373, -0.050,  0.455
  0.372, -0.051,  0.468
  0.371, -0.044,  0.461
  0.369, -0.044,  0.475
  0.368, -0.038,  0.468
  0.366, -0.037,  0.481
  0.366, -0.031,  0.474
  0.364, -0.029,  0.487
  0.363, -0.024,  0.479
  0.361, -0.021,  0.492
  0.360, -0.017,  0.484
  0.358, -0.013,  0.497
  0.358, -0.009,  0.488
  0.355, -0.004,  0.501
  0.355, -0.001,  0.492
  0.352,  0.005,  0.504
  0.352,  0.007,  0.495
  0.349,  0.014,  0.507
  0.350,  0.016,  0.497
  0.346,  0.023,  0.509
  0.347,  0.024,  0.499
  0.344,  0.032,  0.510
  0.345,  0.033,  0.501
  0.341,  0.042,  0.511
  0.342,  0.041,  0.501
  0.338,  0.051,  0.511
  0.340,  0.050,  0.501
  0.336,  0.060,  0.510
  0.337,  0.059,  0.501
  0.333,  0.069,  0.509
  0.335,  0.067,  0.500
  0.331,  0.078,  0.507
  0.333,  0.076,  0.498
  0.329,  0.087,  0.504
  0.331,  0.084,  0.495
  0.327,  0.096,  0.501
  0.329,  0.092,  0.492
  0.325,  0.104,  0.497
  0.327,  0.099,  0.489
  0.323,  0.112,  0.493
  0.325,  0.107,  0.485
  0.322,  0.119,  0.488
  0.324,  0.114,  0.480
  0.320,  0.127,  0.482
  0.323,  0.120,  0.475
  0.319,  0.133,  0.476
  0.321,  0.127,  0.469
  0.318,  0.140,  0.469
  0.321,  0.133,  0.463
  0.317,  0.145,  0.462
  0.320,  0.138,  0.456
  0.316,  0.151,  0.454
  0.319,  0.143,  0.449
  0.316,  0.155,  0.446
  0.319,  0.147,  0.442
  0.316,  0.159,  0.438
  0.318,  0.151,  0.434
  0.316,  0.163,  0.429
  0.318,  0.154,  0.426
  0.316,  0.166,  0.421
  0.319,  0.157,  0.417
  0.316,  0.168,  0.411
  0.319,  0.159,  0.409
  0.317,  0.170,  0.402
  0.319,  0.160,  0.400
  0.317,  0.170,  0.393
  0.320,  0.161,  0.392
  0.318,  0.171,  0.383
  0.321,  0.161,  0.383
  0.319,  0.170,  0.374
  0.322,  0.161,  0.374
  0.321,  0.169,  0.364
  0.323,  0.160,  0.365
  0.322,  0.168,  0.355
  0.325,  0.158,  0.356
  0.324,  0.165,  0.346
  0.326,  0.156,  0.348
  0.326,  0.162,  0.336
  0.328,  0.154,  0.339
  0.328,  0.159,  0.327
  0.330,  0.150,  0.331
  0.330,  0.154,  0.319
  0.332,  0.146,  0.323
  0.332,  0.150,  0.310
  0.334,  0.142,  0.315
  0.335,  0.144,  0.302
  0.336,  0.137,  0.308
  0.337,  0.138,  0.295
  0.338,  0.131,  0.301
  0.340,  0.132,  0.287
  0.341,  0.125,  0.294
  0.342,  0.125,  0.281
  0.343,  0.119,  0.288
  0.345,  0.118,  0.274
  0.346,  0.112,  0.282
  0.348,  0.110,  0.269
  0.348,  0.105,  0.276
  0.351,  0.102,  0.263
  0.351,  0.098,  0.272
  0.354,  0.094,  0.259
  0.354,  0.090,  0.267
  0.356,  0.085,  0.255
  0.356,  0.082,  0.264
  0.359,  0.076,  0.251
  0.359,  0.074,  0.260
  0.362,  0.067,  0.249
  0.362,  0.065,  0.258
  0.365,  0.058,  0.247
  0.364,  0.057,  0.256
  0.368,  0.049,  0.245
  0.367,  0.048,  0.255
  0.370,  0.040,  0.244
  0.369,  0.040,  0.254
  0.379,  0.033,  0.255
  0.380,  0.032,  0.245
  0.377,  0.042,  0.255
  0.377,  0.042,  0.245
  0.374,  0.050,  0.255
  0.375,  0.051,  0.246
  0.371,  0.059,  0.257
  0.372,  0.060,  0.247
  0.368,  0.067,  0.259
  0.369,  0.069,  0.249
  0.366,  0.076,  0.261
  0.366,  0.078,  0.252
  0.363,  0.084,  0.264
  0.363,  0.087,  0.256
  0.360,  0.092,  0.268
  0.360,  0.096,  0.260
  0.357,  0.100,  0.272
  0.357,  0.104,  0.264
  0.355,  0.107,  0.277
  0.354,  0.112,  0.269
  0.352,  0.114,  0.282
  0.351,  0.120,  0.275
  0.350,  0.121,  0.288
  0.348,  0.127,  0.281
  0.347,  0.127,  0.295
  0.346,  0.134,  0.288
  0.345,  0.133,  0.301
  0.343,  0.140,  0.295
  0.343,  0.139,  0.308
  0.341,  0.146,  0.303
  0.340,  0.144,  0.316
  0.338,  0.151,  0.311
  0.338,  0.148,  0.324
  0.336,  0.156,  0.319
  0.336,  0.152,  0.332
  0.334,  0.160,  0.328
  0.335,  0.155,  0.340
  0.332,  0.164,  0.337
  0.333,  0.158,  0.349
  0.331,  0.167,  0.346
  0.332,  0.160,  0.357
  0.329,  0.169,  0.356
  0.330,  0.162,  0.366
  0.328,  0.171,  0.365
  0.329,  0.163,  0.375
  0.327,  0.172,  0.375
  0.328,  0.164,  0.384
  0.326,  0.173,  0.384
  0.328,  0.163,  0.393
  0.325,  0.173,  0.394
  0.327,  0.163,  0.401
  0.324,  0.172,  0.403
  0.327,  0.161,  0.410
  0.324,  0.170,  0.412
  0.327,  0.159,  0.418
  0.324,  0.168,  0.421
  0.327,  0.157,  0.427
  0.324,  0.165,  0.430
  0.327,  0.153,  0.435
  0.324,  0.162,  0.439
  0.328,  0.150,  0.442
  0.325,  0.158,  0.447
  0.328,  0.145,  0.450
  0.325,  0.153,  0.455
  0.329,  0.141,  0.457
  0.326,  0.148,  0.463
  0.330,  0.135,  0.464
  0.327,  0.142,  0.470
  0.331,  0.129,  0.470
  0.329,  0.136,  0.477
  0.333,  0.123,  0.476
  0.330,  0.129,  0.483
  0.334,  0.117,  0.481
  0.332,  0.122,  0.489
  0.336,  0.110,  0.486
  0.334,  0.115,  0.494
  0.338,  0.102,  0.490
  0.336,  0.107,  0.498
  0.340,  0.095,  0.494
  0.338,  0.099,  0.502
  0.342,  0.087,  0.497
  0.340,  0.090,  0.506
  0.344,  0.079,  0.499
  0.342,  0.081,  0.508
  0.346,  0.070,  0.501
  0.345,  0.072,  0.510
  0.349,  0.062,  0.502
  0.348,  0.063,  0.512
  0.351,  0.053,  0.503
  0.350,  0.054,  0.512
  0.354,  0.045,  0.503
  0.353,  0.045,  0.512
  0.357,  0.036,  0.502
  0.356,  0.036,  0.511
  0.359,  0.028,  0.501
  0.359,  0.027,  0.510
  0.362,  0.019,  0.499
  0.362,  0.017,  0.508
  0.365,  0.011,  0.496
  0.365,  0.008,  0.505
  0.368,  0.003,  0.493
  0.368, -0.000,  0.502
  0.370, -0.005,  0.489
  0.371, -0.009,  0.498
  0.373, -0.013,  0.485
  0.374, -0.017,  0.493
  0.376, -0.020,  0.480
  0.377, -0.025,  0.488
  0.378, -0.028,  0.475
  0.379, -0.033,  0.482
  0.381, -0.034,  0.469
  0.382, -0.040,  0.476
  0.383, -0.041,  0.463
  0.385, -0.047,  0.469
  0.386, -0.047,  0.456
  0.387, -0.053,  0.462
  0.388, -0.052,  0.449
  0.390, -0.059,  0.454
  0.390, -0.057,  0.442
  0.392, -0.065,  0.446
  0.392, -0.062,  0.434
  0.394, -0.070,  0.438
  0.394, -0.065,  0.426
  0.396, -0.074,  0.429
  0.396, -0.069,  0.417
  0.398, -0.077,  0.420
  0.397, -0.072,  0.409
  0.400, -0.080,  0.411
  0.399, -0.074,  0.400
  0.401, -0.083,  0.402
  0.400, -0.076,  0.391
  0.403, -0.085,  0.392
  0.401, -0.077,  0.383
  0.404, -0.086,  0.383
  0.402, -0.077,  0.374
  0.405, -0.086,  0.373
  0.403, -0.077,  0.365
  0.406, -0.086,  0.364
  0.403, -0.076,  0.356
  0.406, -0.085,  0.354
  0.404, -0.075,  0.347
  0.407, -0.084,  0.345
  0.404, -0.073,  0.339
  0.407, -0.081,  0.336
  0.404, -0.070,  0.331
  0.407, -0.079,  0.327
  0.403, -0.067,  0.323
  0.406, -0.075,  0.318
  0.403, -0.063,  0.315
  0.406, -0.071,  0.310
  0.402, -0.059,  0.308
  0.405, -0.067,  0.302
  0.401, -0.054,  0.300
  0.404, -0.061,  0.294
  0.400, -0.049,  0.294
  0.403, -0.056,  0.287
  0.399, -0.043,  0.288
  0.402, -0.049,  0.281
  0.398, -0.037,  0.282
  0.400, -0.043,  0.274
  0.396, -0.030,  0.276
  0.399, -0.036,  0.269
  0.395, -0.023,  0.272
  0.397, -0.028,  0.264
  0.393, -0.016,  0.268
  0.395, -0.020,  0.259
  0.391, -0.008,  0.264
  0.393, -0.012,  0.255
  0.389, -0.000,  0.261
  0.390, -0.004,  0.252
  0.386,  0.008,  0.258
  0.388,  0.005,  0.249
  0.384,  0.016,  0.257
  0.386,  0.014,  0.247
  0.382,  0.025,  0.255
  0.383,  0.023,  0.246
  0.386,  0.035,  0.256
  0.387,  0.034,  0.246
  0.384,  0.044,  0.256
  0.384,  0.044,  0.246
  0.381,  0.052,  0.256
  0.381,  0.053,  0.247
  0.378,  0.061,  0.257
  0.378,  0.062,  0.248
  0.375,  0.069,  0.259
  0.375,  0.071,  0.250
  0.372,  0.078,  0.262
  0.372,  0.080,  0.253
  0.370,  0.086,  0.265
  0.369,  0.089,  0.256
  0.367,  0.094,  0.269
  0.366,  0.097,  0.260
  0.364,  0.101,  0.273
  0.363,  0.106,  0.265
  0.361,  0.109,  0.278
  0.360,  0.114,  0.270
  0.359,  0.116,  0.283
  0.357,  0.121,  0.276
  0.356,  0.123,  0.289
  0.355,  0.129,  0.282
  0.354,  0.129,  0.295
  0.352,  0.135,  0.289
  0.351,  0.135,  0.302
  0.349,  0.142,  0.296
  0.349,  0.140,  0.309
  0.347,  0.148,  0.304
  0.347,  0.145,  0.317
  0.345,  0.153,  0.312
  0.345,  0.150,  0.324
  0.343,  0.158,  0.320
  0.343,  0.154,  0.332
  0.341,  0.162,  0.329
  0.341,  0.157,  0.341
  0.339,  0.166,  0.338
  0.340,  0.160,  0.349
  0.337,  0.169,  0.347
  0.339,  0.162,  0.358
  0.336,  0.171,  0.356
  0.338,  0.164,  0.367
  0.335,  0.173,  0.366
  0.337,  0.165,  0.376
  0.334,  0.174,  0.375
  0.336,  0.166,  0.384
  0.333,  0.175,  0.385
  0.335,  0.166,  0.393
  0.332,  0.175,  0.394
  0.335,  0.165,  0.402
  0.332,  0.174,  0.404
  0.335,  0.163,  0.411
  0.332,  0.172,  0.413
  0.335,  0.161,  0.419
  0.332,  0.170,  0.422
  0.335,  0.159,  0.428
  0.332,  0.168,  0.431
  0.336,  0.156,  0.436
  0.333,  0.164,  0.440
  0.336,  0.152,  0.443
  0.334,  0.160,  0.448
  0.337,  0.148,  0.451
  0.334,  0.156,  0.456
  0.338,  0.143,  0.458
  0.336,  0.151,  0.464
  0.340,  0.138,  0.465
  0.337,  0.145,  0.471
  0.341,  0.132,  0.471
  0.338,  0.139,  0.478
  0.343,  0.126,  0.477
  0.340,  0.132,  0.484
  0.344,  0.120,  0.482
  0.342,  0.125,  0.490
  0.346,  0.113,  0.487
  0.344,  0.118,  0.495
  0.348,  0.105,  0.491
  0.346,  0.110,  0.500
  0.351,  0.098,  0.495
  0.349,  0.102,  0.504
  0.353,  0.090,  0.498
  0.351,  0.093,  0.507
  0.355,  0.082,  0.500
  0.354,  0.085,  0.510
  0.358,  0.074,  0.502
  0.357,  0.076,  0.512
  0.361,  0.065,  0.503
  0.359,  0.067,  0.513
  0.363,  0.057,  0.504
  0.362,  0.058,  0.514
  0.366,  0.048,  0.504
  0.365,  0.048,  0.514
  0.369,  0.040,  0.503
  0.368,  0.039,  0.513
  0.372,  0.031,  0.502
  0.371,  0.030,  0.511
  0.374,  0.023,  0.500
  0.374,  0.021,  0.509
  0.377,  0.014,  0.498
  0.378,  0.012,  0.507
  0.380,  0.006,  0.494
  0.381,  0.003,  0.503
  0.383, -0.002,  0.491
  0.384, -0.005,  0.499
  0.386, -0.009,  0.486
  0.387, -0.014,  0.495
  0.388, -0.017,  0.482
  0.389, -0.022,  0.490
  0.391, -0.024,  0.476
  0.392, -0.029,  0.484
  0.394, -0.031,  0.471
  0.395, -0.037,  0.477
  0.396, -0.037,  0.464
  0.398, -0.043,  0.471
  0.398, -0.043,  0.457
  0.400, -0.050,  0.463
  0.401, -0.048,  0.450
  0.403, -0.056,  0.456
  0.403, -0.053,  0.443
  0.405, -0.061,  0.448
  0.405, -0.058,  0.435
  0.407, -0.066,  0.439
  0.407, -0.062,  0.427
  0.409, -0.070,  0.431
  0.408, -0.065,  0.419
  0.411, -0.074,  0.422
  0.410, -0.068,  0.410
  0.412, -0.077,  0.413
  0.411, -0.070,  0.402
  0.414, -0.079,  0.403
  0.412, -0.072,  0.393
  0.415, -0.081,  0.394
  0.413, -0.073,  0.384
  0.416, -0.082,  0.384
  0.414, -0.074,  0.375
  0.417, -0.083,  0.375
  0.414, -0.074,  0.366
  0.417, -0.083,  0.365
  0.415, -0.073,  0.357
  0.418, -0.082,  0.356
  0.415, -0.071,  0.349
  0.418, -0.080,  0.346
  0.415, -0.069,  0.340
  0.418, -0.078,  0.337
  0.414, -0.067,  0.332
  0.417, -0.076,  0.328
  0.414, -0.064,  0.324
  0.417, -0.072,  0.320
  0.413, -0.060,  0.316
  0.416, -0.068,  0.311
  0.412, -0.056,  0.309
  0.415, -0.064,  0.303
  0.411, -0.051,  0.302
  0.414, -0.059,  0.295
  0.410, -0.046,  0.295
  0.413, -0.053,  0.288
  0.409, -0.040,  0.289
  0.411, -0.047,  0.282
  0.407, -0.034,  0.283
  0.409, -0.040,  0.275
  0.405, -0.028,  0.277
  0.408, -0.033,  0.270
  0.403, -0.021,  0.273
  0.405, -0.026,  0.264
  0.401, -0.013,  0.268
  0.403, -0.018,  0.260
  0.399, -0.006,  0.265
  0.401, -0.010,  0.256
  0.397,  0.002,  0.262
  0.398, -0.001,  0.253
  0.394,  0.010,  0.259
  0.396,  0.007,  0.250
  0.392,  0.018,  0.257
  0.393,  0.016,  0.248
  0.389,  0.027,  0.256
  0.390,  0.025,  0.247
  0.394,  0.037,  0.256
  0.394,  0.036,  0.247
  0.391,  0.046,  0.256
  0.391,  0.046,  0.247
  0.388,  0.054,  0.257
  0.388,  0.055,  0.247
  0.385,  0.063,  0.258
  0.385,  0.064,  0.249
  0.382,  0.071,  0.260
  0.382,  0.073,  0.251
  0.379,  0.079,  0.263
  0.379,  0.082,  0.254
  0.376,  0.088,  0.266
  0.375,  0.091,  0.257
  0.373,  0.096,  0.269
  0.372,  0.099,  0.261
  0.370,  0.103,  0.274
  0.369,  0.107,  0.265
  0.368,  0.111,  0.279
  0.366,  0.115,  0.271
  0.365,  0.118,  0.284
  0.364,  0.123,  0.276
  0.362,  0.124,  0.290
  0.361,  0.130,  0.283
  0.360,  0.131,  0.296
  0.358,  0.137,  0.289
  0.358,  0.137,  0.303
  0.356,  0.144,  0.297
  0.355,  0.142,  0.310
  0.353,  0.149,  0.304
  0.353,  0.147,  0.317
  0.351,  0.155,  0.312
  0.352,  0.152,  0.325
  0.349,  0.160,  0.321
  0.350,  0.156,  0.333
  0.347,  0.164,  0.330
  0.348,  0.159,  0.342
  0.345,  0.168,  0.338
  0.347,  0.162,  0.350
  0.344,  0.171,  0.348
  0.346,  0.164,  0.359
  0.343,  0.173,  0.357
  0.345,  0.166,  0.368
  0.342,  0.175,  0.367
  0.344,  0.167,  0.376
  0.341,  0.176,  0.376
  0.343,  0.168,  0.385
  0.340,  0.177,  0.386
  0.343,  0.168,  0.394
  0.340,  0.177,  0.395
  0.343,  0.167,  0.403
  0.340,  0.176,  0.405
  0.343,  0.166,  0.412
  0.340,  0.175,  0.414
  0.343,  0.164,  0.420
  0.340,  0.173,  0.423
  0.344,  0.161,  0.429
  0.341,  0.170,  0.432
  0.344,  0.158,  0.437
  0.341,  0.167,  0.441
  0.345,  0.155,  0.444
  0.342,  0.163,  0.449
  0.346,  0.150,  0.452
  0.344,  0.158,  0.457
  0.348,  0.146,  0.459
  0.345,  0.153,  0.465
  0.349,  0.141,  0.466
  0.347,  0.148,  0.472
  0.351,  0.135,  0.472
  0.348,  0.142,  0.479
  0.353,  0.129,  0.478
  0.350,  0.135,  0.485
  0.355,  0.122,  0.483
  0.352,  0.128,  0.491
  0.357,  0.116,  0.488
  0.355,  0.121,  0.496
  0.359,  0.108,  0.492
  0.357,  0.113,  0.501
  0.362,  0.101,  0.496
  0.360,  0.105,  0.505
  0.364,  0.093,  0.499
  0.362,  0.096,  0.508
  0.367,  0.085,  0.501
  0.365,  0.088,  0.511
  0.369,  0.077,  0.503
  0.368,  0.079,  0.513
  0.372,  0.069,  0.505
  0.371,  0.070,  0.514
  0.375,  0.060,  0.505
  0.374,  0.061,  0.515
  0.378,  0.052,  0.505
  0.377,  0.052,  0.515
  0.381,  0.043,  0.505
  0.381,  0.043,  0.514
  0.384,  0.035,  0.503
  0.384,  0.034,  0.513
  0.387,  0.026,  0.501
  0.387,  0.025,  0.511
  0.390,  0.018,  0.499
  0.390,  0.016,  0.508
  0.393,  0.010,  0.496
  0.393,  0.007,  0.505
  0.396,  0.002,  0.492
  0.396, -0.002,  0.501
  0.398, -0.006,  0.488
  0.399, -0.010,  0.496
  0.401, -0.013,  0.483
  0.402, -0.018,  0.491
  0.404, -0.020,  0.478
  0.405, -0.026,  0.485
  0.406, -0.027,  0.472
  0.408, -0.033,  0.479
  0.409, -0.033,  0.466
  0.411, -0.040,  0.472
  0.411, -0.039,  0.459
  0.413, -0.046,  0.465
  0.413, -0.045,  0.452
  0.416, -0.052,  0.457
  0.415, -0.050,  0.444
  0.418, -0.057,  0.449
  0.417, -0.054,  0.436
  0.420, -0.062,  0.441
  0.419, -0.058,  0.428
  0.422, -0.067,  0.432
  0.421, -0.062,  0.420
  0.423, -0.070,  0.423
  0.422, -0.065,  0.412
  0.425, -0.073,  0.414
  0.423, -0.067,  0.403
  0.426, -0.076,  0.405
  0.424, -0.069,  0.394
  0.427, -0.078,  0.395
  0.425, -0.070,  0.385
  0.428, -0.079,  0.385
  0.425, -0.070,  0.376
  0.429, -0.080,  0.376
  0.426, -0.070,  0.367
  0.429, -0.079,  0.366
  0.426, -0.070,  0.359
  0.429, -0.079,  0.357
  0.426, -0.068,  0.350
  0.429, -0.077,  0.348
  0.426, -0.066,  0.341
  0.429, -0.075,  0.338
  0.425, -0.064,  0.333
  0.428, -0.073,  0.329
  0.424, -0.061,  0.325
  0.427, -0.069,  0.321
  0.423, -0.057,  0.317
  0.426, -0.065,  0.312
  0.422, -0.053,  0.310
  0.425, -0.061,  0.304
  0.421, -0.048,  0.303
  0.424, -0.056,  0.297
  0.420, -0.043,  0.296
  0.422, -0.050,  0.289
  0.418, -0.038,  0.290
  0.421, -0.044,  0.283
  0.416, -0.031,  0.284
  0.419, -0.038,  0.276
  0.414, -0.025,  0.278
  0.416, -0.031,  0.271
  0.412, -0.018,  0.274
  0.414, -0.023,  0.265
  0.410, -0.011,  0.269
  0.412, -0.016,  0.261
  0.407, -0.003,  0.266
  0.409, -0.007,  0.257
  0.405,  0.004,  0.263
  0.406,  0.001,  0.253
  0.402,  0.012,  0.260
  0.403,  0.010,  0.251
  0.399,  0.021,  0.258
  0.401,  0.018,  0.249
  0.397,  0.029,  0.257
  0.398,  0.027,  0.247
  0.401,  0.039,  0.257
  0.402,  0.038,  0.247
  0.398,  0.048,  0.257
  0.398,  0.048,  0.247
  0.395,  0.056,  0.258
  0.395,  0.057,  0.248
  0.392,  0.065,  0.259
  0.392,  0.066,  0.250
  0.389,  0.073,  0.261
  0.388,  0.075,  0.252
  0.386,  0.081,  0.263
  0.385,  0.084,  0.254
  0.383,  0.089,  0.266
  0.382,  0.092,  0.258
  0.380,  0.097,  0.270
  0.379,  0.101,  0.262
  0.377,  0.105,  0.274
  0.376,  0.109,  0.266
  0.374,  0.112,  0.279
  0.373,  0.117,  0.271
  0.371,  0.120,  0.285
  0.370,  0.125,  0.277
  0.369,  0.126,  0.290
  0.367,  0.132,  0.283
  0.366,  0.133,  0.297
  0.364,  0.139,  0.290
  0.364,  0.139,  0.303
  0.362,  0.145,  0.297
  0.362,  0.144,  0.310
  0.359,  0.151,  0.305
  0.360,  0.149,  0.318
  0.357,  0.157,  0.313
  0.358,  0.154,  0.326
  0.355,  0.162,  0.321
  0.357,  0.158,  0.334
  0.354,  0.166,  0.330
  0.355,  0.161,  0.342
  0.352,  0.170,  0.339
  0.354,  0.164,  0.351
  0.351,  0.173,  0.348
  0.353,  0.166,  0.359
  0.350,  0.175,  0.358
  0.352,  0.168,  0.368
  0.349,  0.177,  0.367
  0.351,  0.169,  0.377
  0.348,  0.178,  0.377
  0.351,  0.170,  0.386
  0.348,  0.179,  0.386
  0.351,  0.170,  0.395
  0.347,  0.179,  0.396
  0.351,  0.169,  0.404
  0.347,  0.178,  0.406
  0.351,  0.168,  0.413
  0.348,  0.177,  0.415
  0.352,  0.166,  0.421
  0.348,  0.175,  0.424
  0.352,  0.164,  0.429
  0.349,  0.172,  0.433
  0.353,  0.161,  0.438
  0.350,  0.169,  0.442
  0.354,  0.157,  0.445
  0.351,  0.165,  0.450
  0.356,  0.153,  0.453
  0.353,  0.161,  0.458
  0.357,  0.148,  0.460
  0.354,  0.156,  0.466
  0.359,  0.143,  0.467
  0.356,  0.150,  0.473
  0.361,  0.138,  0.473
  0.358,  0.144,  0.480
  0.363,  0.132,  0.479
  0.360,  0.138,  0.486
  0.365,  0.125,  0.484
  0.363,  0.131,  0.492
  0.367,  0.119,  0.489
  0.365,  0.124,  0.497
  0.370,  0.111,  0.493
  0.368,  0.116,  0.502
  0.372,  0.104,  0.497
  0.371,  0.108,  0.506
  0.375,  0.096,  0.500
  0.374,  0.100,  0.509
  0.378,  0.088,  0.503
  0.377,  0.091,  0.512
  0.381,  0.080,  0.505
  0.380,  0.082,  0.514
  0.384,  0.072,  0.506
  0.383,  0.073,  0.515
  0.387,  0.063,  0.507
  0.386,  0.064,  0.516
  0.390,  0.055,  0.507
  0.390,  0.055,  0.516
  0.393,  0.047,  0.506
  0.393,  0.046,  0.515
  0.396,  0.038,  0.505
  0.396,  0.037,  0.514
  0.399,  0.030,  0.503
  0.400,  0.028,  0.512
  0.402,  0.021,  0.500
  0.403,  0.019,  0.509
  0.405,  0.013,  0.497
  0.406,  0.010,  0.506
  0.408,  0.005,  0.493
  0.409,  0.002,  0.502
  0.411, -0.002,  0.489
  0.412, -0.006,  0.497
  0.414, -0.010,  0.484
  0.415, -0.014,  0.492
  0.417, -0.017,  0.479
  0.418, -0.022,  0.487
  0.419, -0.023,  0.473
  0.421, -0.029,  0.480
  0.422, -0.030,  0.467
  0.424, -0.036,  0.474
  0.424, -0.036,  0.460
  0.426, -0.042,  0.466
  0.426, -0.041,  0.453
  0.428, -0.048,  0.459
  0.428, -0.046,  0.446
  0.431, -0.054,  0.451
  0.430, -0.051,  0.438
  0.433, -0.059,  0.442
  0.431, -0.055,  0.430
  0.434, -0.063,  0.433
  0.433, -0.058,  0.421
  0.436, -0.067,  0.424
  0.434, -0.061,  0.413
  0.437, -0.070,  0.415
  0.435, -0.064,  0.404
  0.438, -0.072,  0.406
  0.436, -0.065,  0.395
  0.439, -0.074,  0.396
  0.437, -0.067,  0.386
  0.440, -0.076,  0.387
  0.437, -0.067,  0.378
  0.440, -0.076,  0.377
  0.437, -0.067,  0.369
  0.441, -0.076,  0.368
  0.437, -0.066,  0.360
  0.440, -0.075,  0.358
  0.437, -0.065,  0.351
  0.440, -0.074,  0.349
  0.436, -0.063,  0.343
  0.440, -0.072,  0.340
  0.436, -0.061,  0.334
  0.439, -0.070,  0.331
  0.435, -0.058,  0.326
  0.438, -0.066,  0.322
  0.434, -0.054,  0.318
  0.437, -0.062,  0.313
  0.432, -0.050,  0.311
  0.435, -0.058,  0.305
  0.431, -0.046,  0.304
  0.434, -0.053,  0.298
  0.429, -0.041,  0.297
  0.432, -0.048,  0.290
  0.427, -0.035,  0.291
  0.430, -0.042,  0.284
  0.425, -0.029,  0.285
  0.428, -0.035,  0.277
  0.423, -0.022,  0.279
  0.425, -0.028,  0.272
  0.421, -0.016,  0.275
  0.423, -0.021,  0.266
  0.418, -0.009,  0.270
  0.420, -0.013,  0.262
  0.416, -0.001,  0.267
  0.417, -0.005,  0.258
  0.413,  0.007,  0.263
  0.414,  0.003,  0.254
  0.410,  0.015,  0.261
  0.411,  0.012,  0.252
  0.407,  0.023,  0.259
  0.408,  0.020,  0.250
  0.404,  0.031,  0.258
  0.405,  0.029,  0.248
  0.408,  0.041,  0.258
  0.409,  0.040,  0.248
  0.405,  0.050,  0.258
  0.405,  0.049,  0.248
  0.402,  0.058,  0.258
  0.402,  0.059,  0.249
  0.399,  0.067,  0.260
  0.398,  0.068,  0.250
  0.396,  0.075,  0.262
  0.395,  0.077,  0.252
  0.392,  0.083,  0.264
  0.392,  0.085,  0.255
  0.389,  0.091,  0.267
  0.388,  0.094,  0.258
  0.386,  0.099,  0.271
  0.385,  0.103,  0.262
  0.383,  0.107,  0.275
  0.382,  0.111,  0.267
  0.381,  0.114,  0.280
  0.379,  0.119,  0.272
  0.378,  0.121,  0.285
  0.376,  0.127,  0.278
  0.375,  0.128,  0.291
  0.373,  0.134,  0.284
  0.373,  0.134,  0.297
  0.370,  0.141,  0.291
  0.371,  0.140,  0.304
  0.368,  0.147,  0.298
  0.368,  0.146,  0.311
  0.366,  0.153,  0.306
  0.366,  0.151,  0.319
  0.364,  0.158,  0.314
  0.365,  0.156,  0.327
  0.362,  0.163,  0.322
  0.363,  0.160,  0.335
  0.360,  0.168,  0.331
  0.362,  0.163,  0.343
  0.359,  0.171,  0.340
  0.361,  0.166,  0.352
  0.357,  0.175,  0.349
  0.360,  0.168,  0.360
  0.356,  0.177,  0.359
  0.359,  0.170,  0.369
  0.356,  0.179,  0.368
  0.359,  0.171,  0.378
  0.355,  0.180,  0.378
  0.358,  0.172,  0.387
  0.355,  0.181,  0.387
  0.358,  0.172,  0.396
  0.355,  0.181,  0.397
  0.359,  0.171,  0.405
  0.355,  0.180,  0.406
  0.359,  0.170,  0.413
  0.356,  0.179,  0.416
  0.360,  0.168,  0.422
  0.356,  0.177,  0.425
  0.361,  0.166,  0.430
  0.357,  0.175,  0.434
  0.362,  0.163,  0.438
  0.359,  0.172,  0.443
  0.363,  0.160,  0.446
  0.360,  0.168,  0.451
  0.365,  0.156,  0.454
  0.362,  0.163,  0.459
  0.366,  0.151,  0.461
  0.364,  0.159,  0.467
  0.368,  0.146,  0.468
  0.366,  0.153,  0.474
  0.370,  0.141,  0.474
  0.368,  0.147,  0.481
  0.373,  0.135,  0.480
  0.370,  0.141,  0.487
  0.375,  0.128,  0.485
  0.373,  0.134,  0.493
  0.378,  0.121,  0.490
  0.376,  0.127,  0.498
  0.380,  0.114,  0.494
  0.379,  0.119,  0.503
  0.383,  0.107,  0.498
  0.382,  0.111,  0.507
  0.386,  0.099,  0.501
  0.385,  0.103,  0.510
  0.389,  0.091,  0.504
  0.388,  0.094,  0.513
  0.392,  0.083,  0.506
  0.391,  0.086,  0.515
  0.396,  0.075,  0.507
  0.395,  0.077,  0.517
  0.399,  0.067,  0.508
  0.398,  0.068,  0.517
  0.402,  0.058,  0.508
  0.402,  0.059,  0.517
  0.405,  0.050,  0.507
  0.405,  0.050,  0.517
  0.408,  0.042,  0.506
  0.409,  0.041,  0.515
  0.412,  0.033,  0.504
  0.412,  0.032,  0.513
  0.415,  0.025,  0.502
  0.416,  0.023,  0.511
  0.418,  0.017,  0.499
  0.419,  0.014,  0.507
  0.421,  0.009,  0.495
  0.422,  0.006,  0.503
  0.424,  0.001,  0.491
  0.425, -0.003,  0.499
  0.427, -0.006,  0.486
  0.428, -0.011,  0.494
  0.429, -0.013,  0.480
  0.431, -0.018,  0.488
  0.432, -0.020,  0.475
  0.434, -0.026,  0.482
  0.434, -0.026,  0.468
  0.437, -0.032,  0.475
  0.437, -0.032,  0.462
  0.439, -0.039,  0.468
  0.439, -0.038,  0.454
  0.441, -0.045,  0.460
  0.441, -0.043,  0.447
  0.443, -0.050,  0.452
  0.442, -0.047,  0.439
  0.445, -0.055,  0.444
  0.444, -0.051,  0.431
  0.447, -0.059,  0.435
  0.445, -0.055,  0.423
  0.448, -0.063,  0.426
  0.446, -0.058,  0.414
  0.450, -0.066,  0.417
  0.447, -0.060,  0.405
  0.451, -0.069,  0.407
  0.448, -0.062,  0.397
  0.451, -0.071,  0.398
  0.448, -0.063,  0.388
  0.452, -0.072,  0.388
  0.449, -0.064,  0.379
  0.452, -0.073,  0.378
  0.449, -0.064,  0.370
  0.452, -0.073,  0.369
  0.448, -0.063,  0.361
  0.452, -0.072,  0.359
  0.448, -0.062,  0.352
  0.451, -0.071,  0.350
  0.447, -0.060,  0.344
  0.451, -0.069,  0.341
  0.446, -0.058,  0.335
  0.450, -0.066,  0.332
  0.445, -0.055,  0.327
  0.448, -0.063,  0.323
  0.444, -0.051,  0.319
  0.447, -0.060,  0.314
  0.442, -0.047,  0.312
  0.445, -0.055,  0.306
  0.441, -0.043,  0.305
  0.444, -0.050,  0.299
  0.439, -0.038,  0.298
  0.441, -0.045,  0.291
  0.437, -0.032,  0.292
  0.439, -0.039,  0.285
  0.434, -0.026,  0.286
  0.437, -0.033,  0.278
  0.432, -0.020,  0.280
  0.434, -0.026,  0.272
  0.429, -0.013,  0.275
  0.431, -0.018,  0.267
  0.427, -0.006,  0.271
  0.428, -0.011,  0.263
  0.424,  0.001,  0.267
  0.425, -0.003,  0.259
  0.421,  0.009,  0.264
  0.422,  0.005,  0.255
  0.418,  0.017,  0.262
  0.419,  0.014,  0.252
  0.415,  0.025,  0.260
  0.416,  0.023,  0.250
  0.412,  0.033,  0.259
  0.412,  0.031,  0.249
  0.416,  0.043,  0.259
  0.416,  0.042,  0.249
  0.412,  0.052,  0.259
  0.412,  0.051,  0.249
  0.409,  0.060,  0.259
  0.409,  0.061,  0.250
  0.406,  0.069,  0.260
  0.405,  0.070,  0.251
  0.402,  0.077,  0.262
  0.402,  0.078,  0.253
  0.399,  0.085,  0.265
  0.398,  0.087,  0.256
  0.396,  0.093,  0.268
  0.395,  0.096,  0.259
  0.393,  0.101,  0.272
  0.391,  0.104,  0.263
  0.390,  0.109,  0.276
  0.388,  0.113,  0.267
  0.387,  0.116,  0.281
  0.385,  0.121,  0.273
  0.384,  0.123,  0.286
  0.382,  0.128,  0.278
  0.382,  0.130,  0.292
  0.379,  0.136,  0.285
  0.379,  0.136,  0.298
  0.377,  0.142,  0.291
  0.377,  0.142,  0.305
  0.374,  0.149,  0.299
  0.375,  0.148,  0.312
  0.372,  0.155,  0.306
  0.373,  0.153,  0.319
  0.370,  0.160,  0.314
  0.371,  0.157,  0.327
  0.368,  0.165,  0.323
  0.370,  0.161,  0.335
  0.367,  0.170,  0.332
  0.369,  0.165,  0.344
  0.365,  0.173,  0.341
  0.368,  0.168,  0.352
  0.364,  0.177,  0.350
  0.367,  0.170,  0.361
  0.363,  0.179,  0.359
  0.366,  0.172,  0.370
  0.363,  0.181,  0.369
  0.366,  0.173,  0.379
  0.362,  0.182,  0.378
  0.366,  0.174,  0.388
  0.362,  0.183,  0.388
  0.366,  0.174,  0.397
  0.362,  0.183,  0.398
  0.367,  0.174,  0.406
  0.363,  0.183,  0.407
  0.367,  0.173,  0.414
  0.364,  0.181,  0.417
  0.368,  0.171,  0.423
  0.365,  0.180,  0.426
  0.369,  0.168,  0.431
  0.366,  0.177,  0.435
  0.371,  0.166,  0.439
  0.367,  0.174,  0.444
  0.372,  0.162,  0.447
  0.369,  0.170,  0.452
  0.374,  0.158,  0.455
  0.371,  0.166,  0.460
  0.376,  0.154,  0.462
  0.373,  0.161,  0.468
  0.378,  0.149,  0.469
  0.375,  0.156,  0.475
  0.380,  0.143,  0.475
  0.378,  0.150,  0.482
  0.383,  0.137,  0.481
  0.380,  0.144,  0.489
  0.385,  0.131,  0.486
  0.383,  0.137,  0.494
  0.388,  0.124,  0.491
  0.386,  0.130,  0.500
  0.391,  0.117,  0.496
  0.389,  0.122,  0.504
  0.394,  0.110,  0.499
  0.393,  0.114,  0.508
  0.397,  0.102,  0.503
  0.396,  0.106,  0.512
  0.401,  0.095,  0.505
  0.400,  0.098,  0.514
  0.404,  0.087,  0.507
  0.403,  0.089,  0.517
  0.407,  0.078,  0.508
  0.407,  0.080,  0.518
  0.411,  0.070,  0.509
  0.410,  0.071,  0.519
  0.414,  0.062,  0.509
  0.414,  0.062,  0.519
  0.417,  0.053,  0.509
  0.418,  0.053,  0.518
  0.421,  0.045,  0.507
  0.421,  0.044,  0.517
  0.424,  0.037,  0.505
  0.425,  0.035,  0.515
  0.427,  0.029,  0.503
  0.428,  0.026,  0.512
  0.430,  0.020,  0.500
  0.432,  0.018,  0.509
  0.433,  0.013,  0.496
  0.435,  0.009,  0.505
  0.436,  0.005,  0.492
  0.438,  0.001,  0.500
  0.439, -0.002,  0.487
  0.441, -0.007,  0.495
  0.442, -0.010,  0.482
  0.444, -0.015,  0.489
  0.445, -0.016,  0.476
  0.447, -0.022,  0.483
  0.447, -0.023,  0.470
  0.450, -0.029,  0.476
  0.449, -0.029,  0.463
  0.452, -0.035,  0.469
  0.451, -0.034,  0.456
  0.454, -0.041,  0.461
  0.453, -0.039,  0.448
  0.456, -0.047,  0.453
  0.455, -0.044,  0.441
  0.458, -0.052,  0.445
  0.456, -0.048,  0.432
  0.460, -0.056,  0.436
  0.458, -0.051,  0.424
  0.461, -0.060,  0.427
  0.459, -0.054,  0.415
  0.462, -0.063,  0.418
  0.459, -0.057,  0.407
  0.463, -0.066,  0.409
  0.460, -0.059,  0.398
  0.464, -0.067,  0.399
  0.460, -0.060,  0.389
  0.464, -0.069,  0.389
  0.460, -0.061,  0.380
  0.464, -0.070,  0.380
  0.460, -0.061,  0.371
  0.464, -0.070,  0.370
  0.460, -0.060,  0.362
  0.463, -0.069,  0.361
  0.459, -0.059,  0.353
  0.463, -0.068,  0.351
  0.458, -0.057,  0.345
  0.462, -0.066,  0.342
  0.457, -0.055,  0.337
  0.460, -0.063,  0.333
  0.456, -0.052,  0.328
  0.459, -0.060,  0.324
  0.454, -0.049,  0.320
  0.457, -0.057,  0.316
  0.452, -0.045,  0.313
  0.455, -0.052,  0.307
  0.450, -0.040,  0.306
  0.453, -0.048,  0.300
  0.448, -0.035,  0.299
  0.451, -0.042,  0.292
  0.446, -0.030,  0.293
  0.448, -0.036,  0.286
  0.443, -0.024,  0.287
  0.446, -0.030,  0.279
  0.441, -0.017,  0.281
  0.443, -0.023,  0.273
  0.438, -0.011,  0.276
  0.440, -0.016,  0.268
  0.435, -0.004,  0.272
  0.437, -0.008,  0.264
  0.432,  0.004,  0.268
  0.434, -0.001,  0.259
  0.429,  0.011,  0.265
  0.430,  0.008,  0.256
  0.426,  0.019,  0.263
  0.427,  0.016,  0.253
  0.422,  0.027,  0.261
  0.423,  0.025,  0.251
  0.419,  0.035,  0.259
  0.420,  0.034,  0.250
  0.423,  0.046,  0.259
  0.423,  0.044,  0.250
  0.420,  0.054,  0.259
  0.419,  0.053,  0.250
  0.416,  0.062,  0.260
  0.416,  0.062,  0.250
  0.413,  0.071,  0.261
  0.412,  0.071,  0.252
  0.409,  0.079,  0.263
  0.408,  0.080,  0.254
  0.406,  0.087,  0.266
  0.404,  0.089,  0.256
  0.403,  0.095,  0.269
  0.401,  0.098,  0.260
  0.399,  0.103,  0.272
  0.398,  0.106,  0.264
  0.396,  0.111,  0.276
  0.394,  0.114,  0.268
  0.393,  0.118,  0.281
  0.391,  0.122,  0.273
  0.391,  0.125,  0.287
  0.388,  0.130,  0.279
  0.388,  0.132,  0.292
  0.385,  0.137,  0.285
  0.386,  0.138,  0.299
  0.383,  0.144,  0.292
  0.383,  0.144,  0.305
  0.380,  0.151,  0.299
  0.381,  0.150,  0.313
  0.378,  0.157,  0.307
  0.380,  0.155,  0.320
  0.376,  0.162,  0.315
  0.378,  0.159,  0.328
  0.374,  0.167,  0.324
  0.377,  0.163,  0.336
  0.373,  0.171,  0.332
  0.375,  0.167,  0.344
  0.372,  0.175,  0.341
  0.375,  0.170,  0.353
  0.371,  0.178,  0.351
  0.374,  0.172,  0.362
  0.370,  0.181,  0.360
  0.373,  0.174,  0.371
  0.370,  0.183,  0.370
  0.373,  0.176,  0.380
  0.370,  0.184,  0.379
  0.373,  0.176,  0.389
  0.370,  0.185,  0.389
  0.374,  0.176,  0.397
  0.370,  0.185,  0.398
  0.374,  0.176,  0.406
  0.371,  0.185,  0.408
  0.375,  0.175,  0.415
  0.372,  0.184,  0.417
  0.376,  0.173,  0.424
  0.373,  0.182,  0.427
  0.378,  0.171,  0.432
  0.374,  0.179,  0.436
  0.379,  0.168,  0.440
  0.376,  0.176,  0.445
  0.381,  0.165,  0.448
  0.378,  0.173,  0.453
  0.383,  0.161,  0.456
  0.380,  0.169,  0.461
  0.385,  0.156,  0.463
  0.382,  0.164,  0.469
  0.388,  0.151,  0.470
  0.385,  0.159,  0.476
  0.390,  0.146,  0.476
  0.388,  0.153,  0.483
  0.393,  0.140,  0.482
  0.391,  0.146,  0.490
  0.396,  0.134,  0.488
  0.394,  0.140,  0.495
  0.399,  0.127,  0.492
  0.397,  0.133,  0.501
  0.402,  0.120,  0.497
  0.400,  0.125,  0.505
  0.405,  0.113,  0.501
  0.404,  0.117,  0.509
  0.408,  0.106,  0.504
  0.407,  0.109,  0.513
  0.412,  0.098,  0.506
  0.411,  0.101,  0.516
  0.415,  0.090,  0.508
  0.415,  0.092,  0.518
  0.419,  0.082,  0.510
  0.419,  0.083,  0.519
  0.422,  0.073,  0.510
  0.422,  0.075,  0.520
  0.426,  0.065,  0.510
  0.426,  0.066,  0.520
  0.429,  0.057,  0.510
  0.430,  0.057,  0.519
  0.433,  0.049,  0.509
  0.434,  0.048,  0.518
  0.436,  0.040,  0.507
  0.437,  0.039,  0.516
  0.440,  0.032,  0.504
  0.441,  0.030,  0.514
  0.443,  0.024,  0.501
  0.444,  0.021,  0.510
  0.446,  0.016,  0.498
  0.448,  0.013,  0.506
  0.449,  0.009,  0.493
  0.451,  0.005,  0.502
  0.452,  0.001,  0.489
  0.454, -0.003,  0.497
  0.455, -0.006,  0.483
  0.457, -0.011,  0.491
  0.457, -0.013,  0.477
  0.460, -0.018,  0.485
  0.460, -0.019,  0.471
  0.463, -0.025,  0.478
  0.462, -0.025,  0.464
  0.465, -0.031,  0.470
  0.464, -0.031,  0.457
  0.467, -0.037,  0.463
  0.466, -0.036,  0.450
  0.469, -0.043,  0.455
  0.467, -0.040,  0.442
  0.471, -0.048,  0.446
  0.469, -0.044,  0.434
  0.472, -0.052,  0.438
  0.470, -0.048,  0.425
  0.474, -0.056,  0.428
  0.471, -0.051,  0.417
  0.475, -0.059,  0.419
  0.472, -0.053,  0.408
  0.475, -0.062,  0.410
  0.472, -0.055,  0.399
  0.476, -0.064,  0.400
  0.472, -0.057,  0.390
  0.476, -0.065,  0.391
  0.472, -0.057,  0.381
  0.476, -0.066,  0.381
  0.472, -0.057,  0.372
  0.475, -0.066,  0.371
  0.471, -0.057,  0.363
  0.475, -0.066,  0.362
  0.470, -0.056,  0.355
  0.474, -0.065,  0.352
  0.469, -0.054,  0.346
  0.473, -0.063,  0.343
  0.468, -0.052,  0.338
  0.471, -0.060,  0.334
  0.466, -0.049,  0.329
  0.470, -0.057,  0.325
  0.464, -0.046,  0.322
  0.468, -0.054,  0.317
  0.462, -0.042,  0.314
  0.466, -0.050,  0.309
  0.460, -0.037,  0.307
  0.463, -0.045,  0.301
  0.458, -0.032,  0.300
  0.461, -0.039,  0.293
  0.455, -0.027,  0.294
  0.458, -0.034,  0.287
  0.453, -0.021,  0.288
  0.455, -0.027,  0.280
  0.450, -0.015,  0.282
  0.452, -0.021,  0.274
  0.447, -0.008,  0.277
  0.449, -0.014,  0.269
  0.444, -0.001,  0.273
  0.445, -0.006,  0.264
  0.440,  0.006,  0.269
  0.442,  0.002,  0.260
  0.437,  0.013,  0.266
  0.438,  0.010,  0.257
  0.434,  0.021,  0.263
  0.434,  0.018,  0.254
  0.430,  0.029,  0.262
  0.431,  0.027,  0.252
  0.427,  0.037,  0.260
  0.427,  0.036,  0.251
  0.430,  0.048,  0.260
  0.430,  0.047,  0.251
  0.427,  0.056,  0.260
  0.426,  0.055,  0.251
  0.423,  0.064,  0.261
  0.422,  0.064,  0.251
  0.419,  0.073,  0.262
  0.418,  0.073,  0.252
  0.416,  0.081,  0.264
  0.415,  0.082,  0.254
  0.412,  0.089,  0.266
  0.411,  0.091,  0.257
  0.409,  0.097,  0.269
  0.407,  0.100,  0.260
  0.406,  0.105,  0.273
  0.404,  0.108,  0.264
  0.403,  0.112,  0.277
  0.401,  0.116,  0.269
  0.400,  0.120,  0.282
  0.397,  0.124,  0.274
  0.397,  0.127,  0.287
  0.394,  0.132,  0.280
  0.394,  0.134,  0.293
  0.392,  0.139,  0.286
  0.392,  0.140,  0.299
  0.389,  0.146,  0.293
  0.390,  0.146,  0.306
  0.387,  0.152,  0.300
  0.388,  0.151,  0.313
  0.384,  0.158,  0.308
  0.386,  0.157,  0.321
  0.383,  0.164,  0.316
  0.385,  0.161,  0.329
  0.381,  0.169,  0.324
  0.383,  0.165,  0.337
  0.379,  0.173,  0.333
  0.382,  0.169,  0.345
  0.378,  0.177,  0.342
  0.381,  0.172,  0.354
  0.378,  0.180,  0.351
  0.381,  0.174,  0.363
  0.377,  0.183,  0.361
  0.381,  0.176,  0.371
  0.377,  0.185,  0.370
  0.381,  0.178,  0.380
  0.377,  0.187,  0.380
  0.381,  0.178,  0.389
  0.377,  0.187,  0.390
  0.381,  0.179,  0.398
  0.378,  0.187,  0.399
  0.382,  0.178,  0.407
  0.378,  0.187,  0.409
  0.383,  0.177,  0.416
  0.379,  0.186,  0.418
  0.385,  0.175,  0.425
  0.381,  0.184,  0.428
  0.386,  0.173,  0.433
  0.383,  0.182,  0.437
  0.388,  0.171,  0.441
  0.384,  0.179,  0.446
  0.390,  0.167,  0.449
  0.387,  0.175,  0.454
  0.392,  0.163,  0.457
  0.389,  0.171,  0.462
  0.394,  0.159,  0.464
  0.392,  0.166,  0.470
  0.397,  0.154,  0.471
  0.394,  0.161,  0.477
  0.400,  0.149,  0.477
  0.397,  0.156,  0.484
  0.403,  0.143,  0.483
  0.401,  0.149,  0.491
  0.406,  0.137,  0.489
  0.404,  0.143,  0.497
  0.409,  0.130,  0.494
  0.407,  0.136,  0.502
  0.413,  0.123,  0.498
  0.411,  0.128,  0.507
  0.416,  0.116,  0.502
  0.415,  0.120,  0.511
  0.420,  0.109,  0.505
  0.419,  0.112,  0.514
  0.423,  0.101,  0.508
  0.422,  0.104,  0.517
  0.427,  0.093,  0.510
  0.426,  0.095,  0.519
  0.430,  0.085,  0.511
  0.430,  0.087,  0.521
  0.434,  0.077,  0.512
  0.434,  0.078,  0.521
  0.438,  0.069,  0.512
  0.438,  0.069,  0.521
  0.441,  0.060,  0.511
  0.442,  0.060,  0.521
  0.445,  0.052,  0.510
  0.446,  0.051,  0.519
  0.449,  0.044,  0.508
  0.450,  0.042,  0.518
  0.452,  0.036,  0.506
  0.454,  0.034,  0.515
  0.455,  0.028,  0.503
  0.457,  0.025,  0.512
  0.459,  0.020,  0.499
  0.461,  0.016,  0.508
  0.462,  0.012,  0.495
  0.464,  0.008,  0.503
  0.465,  0.005,  0.490
  0.467,  0.000,  0.498
  0.467, -0.002,  0.485
  0.470, -0.007,  0.492
  0.470, -0.009,  0.479
  0.473, -0.015,  0.486
  0.473, -0.015,  0.472
  0.476, -0.021,  0.479
  0.475, -0.021,  0.466
  0.478, -0.028,  0.472
  0.477, -0.027,  0.459
  0.480, -0.034,  0.464
  0.478, -0.032,  0.451
  0.482, -0.039,  0.456
  0.480, -0.037,  0.443
  0.484, -0.044,  0.448
  0.481, -0.041,  0.435
  0.485, -0.049,  0.439
  0.482, -0.044,  0.427
  0.486, -0.053,  0.430
  0.483, -0.047,  0.418
  0.487, -0.056,  0.421
  0.484, -0.050,  0.409
  0.488, -0.059,  0.411
  0.484, -0.052,  0.400
  0.488, -0.061,  0.402
  0.484, -0.053,  0.392
  0.488, -0.062,  0.392
  0.484, -0.054,  0.383
  0.488, -0.063,  0.382
  0.483, -0.054,  0.374
  0.487, -0.063,  0.373
  0.482, -0.054,  0.365
  0.486, -0.063,  0.363
  0.481, -0.053,  0.356
  0.485, -0.061,  0.354
  0.480, -0.051,  0.347
  0.484, -0.060,  0.344
  0.478, -0.049,  0.339
  0.482, -0.057,  0.335
  0.477, -0.046,  0.331
  0.480, -0.054,  0.326
  0.475, -0.043,  0.323
  0.478, -0.051,  0.318
  0.472, -0.039,  0.315
  0.476, -0.047,  0.310
  0.470, -0.035,  0.308
  0.473, -0.042,  0.302
  0.467, -0.030,  0.301
  0.470, -0.037,  0.294
  0.465, -0.024,  0.295
  0.467, -0.031,  0.288
  0.462, -0.019,  0.289
  0.464, -0.025,  0.281
  0.459, -0.012,  0.283
  0.461, -0.018,  0.275
  0.455, -0.006,  0.278
  0.457, -0.011,  0.270
  0.452,  0.001,  0.274
  0.454, -0.004,  0.265
  0.449,  0.008,  0.270
  0.450,  0.004,  0.261
  0.445,  0.016,  0.267
  0.446,  0.012,  0.258
  0.441,  0.023,  0.264
  0.442,  0.020,  0.255
  0.438,  0.031,  0.262
  0.438,  0.029,  0.253
  0.434,  0.039,  0.261
  0.434,  0.038,  0.251
  0.438,  0.050,  0.261
  0.437,  0.049,  0.251
  0.434,  0.058,  0.261
  0.433,  0.057,  0.251
  0.430,  0.066,  0.262
  0.429,  0.066,  0.252
  0.426,  0.074,  0.263
  0.425,  0.075,  0.253
  0.423,  0.083,  0.265
  0.421,  0.084,  0.255
  0.419,  0.091,  0.267
  0.417,  0.093,  0.258
  0.416,  0.099,  0.270
  0.414,  0.101,  0.261
  0.412,  0.107,  0.274
  0.410,  0.110,  0.265
  0.409,  0.114,  0.278
  0.407,  0.118,  0.270
  0.406,  0.122,  0.283
  0.404,  0.126,  0.275
  0.403,  0.129,  0.288
  0.400,  0.133,  0.280
  0.401,  0.135,  0.294
  0.398,  0.141,  0.287
  0.398,  0.142,  0.300
  0.395,  0.148,  0.293
  0.396,  0.148,  0.307
  0.393,  0.154,  0.301
  0.394,  0.153,  0.314
  0.391,  0.160,  0.308
  0.393,  0.158,  0.322
  0.389,  0.166,  0.316
  0.391,  0.163,  0.329
  0.387,  0.171,  0.325
  0.390,  0.167,  0.338
  0.386,  0.175,  0.334
  0.389,  0.171,  0.346
  0.385,  0.179,  0.343
  0.388,  0.174,  0.355
  0.384,  0.182,  0.352
  0.388,  0.176,  0.363
  0.384,  0.185,  0.361
  0.388,  0.178,  0.372
  0.384,  0.187,  0.371
  0.388,  0.180,  0.381
  0.384,  0.189,  0.381
  0.388,  0.181,  0.390
  0.384,  0.189,  0.390
  0.389,  0.181,  0.399
  0.385,  0.190,  0.400
  0.390,  0.180,  0.408
  0.386,  0.189,  0.410
  0.391,  0.179,  0.417
  0.387,  0.188,  0.419
  0.393,  0.178,  0.426
  0.389,  0.186,  0.428
  0.395,  0.176,  0.434
  0.391,  0.184,  0.438
  0.397,  0.173,  0.442
  0.393,  0.181,  0.446
  0.399,  0.170,  0.450
  0.395,  0.178,  0.455
  0.401,  0.166,  0.458
  0.398,  0.174,  0.463
  0.404,  0.162,  0.465
  0.401,  0.169,  0.471
  0.407,  0.157,  0.472
  0.404,  0.164,  0.478
  0.410,  0.152,  0.478
  0.407,  0.158,  0.485
  0.413,  0.146,  0.484
  0.411,  0.152,  0.492
  0.416,  0.140,  0.490
  0.414,  0.146,  0.498
  0.420,  0.133,  0.495
  0.418,  0.139,  0.503
  0.423,  0.126,  0.499
  0.422,  0.131,  0.508
  0.427,  0.119,  0.503
  0.426,  0.124,  0.512
  0.431,  0.112,  0.506
  0.430,  0.116,  0.515
  0.434,  0.104,  0.509
  0.434,  0.107,  0.518
  0.438,  0.096,  0.511
  0.438,  0.099,  0.520
  0.442,  0.088,  0.512
  0.442,  0.090,  0.522
  0.446,  0.080,  0.513
  0.446,  0.081,  0.523
  0.450,  0.072,  0.513
  0.450,  0.072,  0.523
  0.454,  0.064,  0.512
  0.454,  0.064,  0.522
  0.457,  0.055,  0.511
  0.459,  0.055,  0.521
  0.461,  0.047,  0.509
  0.462,  0.046,  0.519
  0.465,  0.039,  0.507
  0.466,  0.037,  0.516
  0.468,  0.031,  0.504
  0.470,  0.029,  0.513
  0.471,  0.023,  0.500
  0.474,  0.020,  0.509
  0.474,  0.016,  0.496
  0.477,  0.012,  0.504
  0.477,  0.008,  0.491
  0.480,  0.004,  0.499
  0.480,  0.001,  0.486
  0.483, -0.004,  0.494
  0.483, -0.005,  0.480
  0.486, -0.011,  0.487
  0.485, -0.012,  0.474
  0.489, -0.018,  0.481
  0.487, -0.018,  0.467
  0.491, -0.024,  0.473
  0.489, -0.023,  0.460
  0.493, -0.030,  0.466
  0.491, -0.028,  0.452
  0.495, -0.036,  0.457
  0.493, -0.033,  0.445
  0.496, -0.041,  0.449
  0.494, -0.037,  0.436
  0.498, -0.045,  0.440
  0.495, -0.041,  0.428
  0.499, -0.049,  0.431
  0.495, -0.044,  0.419
  0.499, -0.052,  0.422
  0.496, -0.046,  0.411
  0.500, -0.055,  0.412
  0.496, -0.048,  0.402
  0.500, -0.057,  0.403
  0.496, -0.050,  0.393
  0.500, -0.059,  0.393
  0.495, -0.051,  0.384
  0.499, -0.060,  0.384
  0.495, -0.051,  0.375
  0.499, -0.060,  0.374
  0.494, -0.050,  0.366
  0.498, -0.059,  0.364
  0.492, -0.049,  0.357
  0.496, -0.058,  0.355
  0.491, -0.048,  0.348
  0.495, -0.057,  0.345
  0.489, -0.046,  0.340
  0.493, -0.054,  0.336
  0.487, -0.043,  0.332
  0.491, -0.051,  0.327
  0.485, -0.040,  0.324
  0.488, -0.048,  0.319
  0.482, -0.036,  0.316
  0.486, -0.044,  0.311
  0.480, -0.032,  0.309
  0.483, -0.039,  0.303
  0.477, -0.027,  0.302
  0.480, -0.034,  0.296
  0.474, -0.022,  0.296
  0.476, -0.028,  0.289
  0.471, -0.016,  0.290
  0.473, -0.022,  0.282
  0.467, -0.010,  0.284
  0.469, -0.016,  0.276
  0.464, -0.003,  0.279
  0.466, -0.009,  0.271
  0.460,  0.003,  0.275
  0.462, -0.001,  0.266
  0.457,  0.011,  0.271
  0.458,  0.006,  0.262
  0.453,  0.018,  0.268
  0.454,  0.014,  0.259
  0.449,  0.026,  0.265
  0.450,  0.023,  0.256
  0.445,  0.034,  0.263
  0.446,  0.031,  0.254
  0.442,  0.042,  0.262
  0.442,  0.040,  0.252
  0.445,  0.052,  0.262
  0.445,  0.051,  0.252
  0.441,  0.060,  0.262
  0.440,  0.059,  0.252
  0.437,  0.068,  0.262
  0.436,  0.068,  0.253
  0.433,  0.076,  0.263
  0.432,  0.077,  0.254
  0.429,  0.085,  0.265
  0.428,  0.086,  0.256
  0.426,  0.093,  0.268
  0.424,  0.095,  0.258
  0.422,  0.101,  0.271
  0.420,  0.103,  0.262
  0.419,  0.108,  0.274
  0.416,  0.112,  0.266
  0.416,  0.116,  0.279
  0.413,  0.120,  0.270
  0.413,  0.123,  0.283
  0.410,  0.128,  0.275
  0.410,  0.130,  0.289
  0.407,  0.135,  0.281
  0.407,  0.137,  0.295
  0.404,  0.142,  0.287
  0.405,  0.144,  0.301
  0.401,  0.149,  0.294
  0.403,  0.150,  0.308
  0.399,  0.156,  0.301
  0.401,  0.155,  0.315
  0.397,  0.162,  0.309
  0.399,  0.160,  0.322
  0.395,  0.167,  0.317
  0.398,  0.165,  0.330
  0.394,  0.172,  0.326
  0.397,  0.169,  0.338
  0.392,  0.177,  0.334
  0.396,  0.173,  0.347
  0.391,  0.181,  0.343
  0.395,  0.176,  0.355
  0.391,  0.184,  0.353
  0.395,  0.178,  0.364
  0.391,  0.187,  0.362
  0.395,  0.180,  0.373
  0.391,  0.189,  0.372
  0.395,  0.182,  0.382
  0.391,  0.191,  0.381
  0.396,  0.183,  0.391
  0.392,  0.191,  0.391
  0.397,  0.183,  0.400
  0.393,  0.192,  0.401
  0.398,  0.183,  0.409
  0.394,  0.191,  0.411
  0.399,  0.182,  0.418
  0.395,  0.190,  0.420
  0.401,  0.180,  0.426
  0.397,  0.189,  0.429
  0.403,  0.178,  0.435
  0.399,  0.187,  0.439
  0.405,  0.175,  0.443
  0.402,  0.184,  0.447
  0.408,  0.172,  0.451
  0.404,  0.180,  0.456
  0.410,  0.169,  0.459
  0.407,  0.176,  0.464
  0.413,  0.164,  0.466
  0.410,  0.172,  0.472
  0.416,  0.160,  0.473
  0.414,  0.167,  0.479
  0.419,  0.154,  0.479
  0.417,  0.161,  0.486
  0.423,  0.149,  0.485
  0.421,  0.155,  0.493
  0.426,  0.143,  0.491
  0.425,  0.148,  0.499
  0.430,  0.136,  0.496
  0.428,  0.142,  0.504
  0.434,  0.129,  0.500
  0.433,  0.134,  0.509
  0.438,  0.122,  0.504
  0.437,  0.127,  0.513
  0.442,  0.115,  0.507
  0.441,  0.119,  0.517
  0.446,  0.107,  0.510
  0.445,  0.110,  0.519
  0.450,  0.100,  0.512
  0.450,  0.102,  0.522
  0.454,  0.092,  0.513
  0.454,  0.093,  0.523
  0.458,  0.084,  0.514
  0.458,  0.085,  0.524
  0.462,  0.075,  0.514
  0.463,  0.076,  0.524
  0.466,  0.067,  0.514
  0.467,  0.067,  0.523
  0.470,  0.059,  0.513
  0.471,  0.058,  0.522
  0.473,  0.051,  0.511
  0.475,  0.049,  0.520
  0.477,  0.043,  0.508
  0.479,  0.041,  0.518
  0.481,  0.035,  0.505
  0.483,  0.032,  0.514
  0.484,  0.027,  0.502
  0.486,  0.024,  0.510
  0.487,  0.019,  0.497
  0.490,  0.016,  0.506
  0.490,  0.012,  0.493
  0.493,  0.008,  0.501
  0.493,  0.005,  0.487
  0.496,  0.000,  0.495
  0.496, -0.002,  0.482
  0.499, -0.007,  0.489
  0.498, -0.008,  0.475
  0.502, -0.014,  0.482
  0.500, -0.014,  0.468
  0.504, -0.021,  0.475
  0.502, -0.020,  0.461
  0.506, -0.027,  0.467
  0.504, -0.025,  0.454
  0.508, -0.032,  0.459
  0.505, -0.030,  0.446
  0.509, -0.037,  0.450
  0.506, -0.034,  0.438
  0.510, -0.042,  0.442
  0.507, -0.037,  0.429
  0.511, -0.045,  0.433
  0.508, -0.041,  0.421
  0.512, -0.049,  0.423
  0.508, -0.043,  0.412
  0.512, -0.052,  0.414
  0.508, -0.045,  0.403
  0.512, -0.054,  0.404
  0.508, -0.046,  0.394
  0.512, -0.055,  0.395
  0.507, -0.047,  0.385
  0.511, -0.056,  0.385
  0.506, -0.048,  0.376
  0.510, -0.056,  0.375
  0.505, -0.047,  0.367
  0.509, -0.056,  0.366
  0.503, -0.046,  0.358
  0.507, -0.055,  0.356
  0.502, -0.045,  0.350
  0.506, -0.053,  0.347
  0.500, -0.043,  0.341
  0.504, -0.051,  0.338
  0.498, -0.040,  0.333
  0.501, -0.048,  0.329
  0.495, -0.037,  0.325
  0.499, -0.045,  0.320
  0.493, -0.033,  0.317
  0.496, -0.041,  0.312
  0.490, -0.029,  0.310
  0.493, -0.036,  0.304
  0.487, -0.024,  0.303
  0.489, -0.031,  0.297
  0.483, -0.019,  0.297
  0.486, -0.026,  0.290
  0.480, -0.013,  0.291
  0.482, -0.020,  0.283
  0.476, -0.007,  0.285
  0.478, -0.013,  0.277
  0.473, -0.001,  0.280
  0.474, -0.006,  0.272
  0.469,  0.006,  0.276
  0.470,  0.001,  0.267
  0.465,  0.013,  0.272
  0.466,  0.009,  0.263
  0.461,  0.020,  0.269
  0.462,  0.017,  0.259
  0.457,  0.028,  0.266
  0.458,  0.025,  0.257
  0.453,  0.036,  0.264
  0.453,  0.033,  0.254
  0.449,  0.044,  0.263
  0.449,  0.042,  0.253
  0.452,  0.054,  0.263
  0.452,  0.053,  0.253
  0.448,  0.062,  0.263
  0.447,  0.061,  0.253
  0.444,  0.070,  0.263
  0.443,  0.070,  0.253
  0.440,  0.078,  0.264
  0.439,  0.079,  0.255
  0.436,  0.087,  0.266
  0.434,  0.088,  0.257
  0.433,  0.095,  0.268
  0.430,  0.096,  0.259
  0.429,  0.102,  0.271
  0.426,  0.105,  0.262
  0.425,  0.110,  0.275
  0.423,  0.113,  0.266
  0.422,  0.118,  0.279
  0.419,  0.121,  0.271
  0.419,  0.125,  0.284
  0.416,  0.129,  0.276
  0.416,  0.132,  0.289
  0.413,  0.137,  0.282
  0.414,  0.139,  0.295
  0.410,  0.144,  0.288
  0.411,  0.145,  0.301
  0.407,  0.151,  0.295
  0.409,  0.151,  0.308
  0.405,  0.158,  0.302
  0.407,  0.157,  0.315
  0.403,  0.164,  0.310
  0.406,  0.162,  0.323
  0.401,  0.169,  0.318
  0.404,  0.167,  0.331
  0.400,  0.174,  0.326
  0.403,  0.171,  0.339
  0.399,  0.179,  0.335
  0.403,  0.175,  0.347
  0.398,  0.183,  0.344
  0.402,  0.178,  0.356
  0.398,  0.186,  0.353
  0.402,  0.180,  0.365
  0.397,  0.189,  0.363
  0.402,  0.182,  0.374
  0.398,  0.191,  0.373
  0.403,  0.184,  0.383
  0.398,  0.193,  0.382
  0.403,  0.185,  0.392
  0.399,  0.194,  0.392
  0.404,  0.185,  0.401
  0.400,  0.194,  0.402
  0.406,  0.185,  0.410
  0.402,  0.194,  0.411
  0.407,  0.184,  0.419
  0.403,  0.193,  0.421
  0.409,  0.182,  0.427
  0.405,  0.191,  0.430
  0.411,  0.180,  0.436
  0.408,  0.189,  0.439
  0.414,  0.178,  0.444
  0.410,  0.186,  0.448
  0.417,  0.175,  0.452
  0.413,  0.183,  0.457
  0.419,  0.171,  0.460
  0.416,  0.179,  0.465
  0.423,  0.167,  0.467
  0.420,  0.174,  0.473
  0.426,  0.162,  0.474
  0.423,  0.169,  0.481
  0.429,  0.157,  0.480
  0.427,  0.164,  0.487
  0.433,  0.152,  0.486
  0.431,  0.158,  0.494
  0.437,  0.146,  0.492
  0.435,  0.151,  0.500
  0.441,  0.139,  0.497
  0.439,  0.145,  0.505
  0.445,  0.133,  0.501
  0.443,  0.137,  0.510
  0.449,  0.125,  0.505
  0.448,  0.130,  0.514
  0.453,  0.118,  0.509
  0.452,  0.122,  0.518
  0.457,  0.111,  0.511
  0.457,  0.114,  0.521
  0.461,  0.103,  0.513
  0.461,  0.105,  0.523
  0.465,  0.095,  0.515
  0.466,  0.097,  0.524
  0.470,  0.087,  0.515
  0.470,  0.088,  0.525
  0.474,  0.079,  0.516
  0.475,  0.079,  0.525
  0.478,  0.071,  0.515
  0.479,  0.071,  0.525
  0.482,  0.062,  0.514
  0.483,  0.062,  0.524
  0.486,  0.054,  0.512
  0.488,  0.053,  0.522
  0.489,  0.046,  0.510
  0.492,  0.044,  0.519
  0.493,  0.038,  0.507
  0.496,  0.036,  0.516
  0.497,  0.030,  0.503
  0.499,  0.027,  0.512
  0.500,  0.023,  0.499
  0.503,  0.019,  0.507
  0.503,  0.016,  0.494
  0.506,  0.011,  0.502
  0.506,  0.008,  0.489
  0.509,  0.004,  0.496
  0.508,  0.002,  0.483
  0.512, -0.004,  0.490
  0.511, -0.005,  0.477
  0.515, -0.010,  0.483
  0.513, -0.011,  0.470
  0.517, -0.017,  0.476
  0.515, -0.016,  0.463
  0.519, -0.023,  0.468
  0.516, -0.021,  0.455
  0.521, -0.028,  0.460
  0.518, -0.026,  0.447
  0.522, -0.033,  0.452
  0.519, -0.030,  0.439
  0.523, -0.038,  0.443
  0.519, -0.034,  0.431
  0.524, -0.042,  0.434
  0.520, -0.037,  0.422
  0.524, -0.045,  0.425
  0.520, -0.040,  0.413
  0.525, -0.048,  0.415
  0.520, -0.042,  0.404
  0.524, -0.050,  0.406
  0.519, -0.043,  0.395
  0.524, -0.052,  0.396
  0.519, -0.044,  0.386
  0.523, -0.053,  0.386
  0.518, -0.044,  0.377
  0.522, -0.053,  0.376
  0.516, -0.044,  0.368
  0.520, -0.053,  0.367
  0.515, -0.043,  0.359
  0.519, -0.052,  0.357
  0.513, -0.042,  0.351
  0.517, -0.050,  0.348
  0.510, -0.040,  0.342
  0.514, -0.048,  0.339
  0.508, -0.037,  0.334
  0.512, -0.045,  0.330
  0.505, -0.034,  0.326
  0.509, -0.042,  0.321
  0.503, -0.030,  0.318
  0.506, -0.038,  0.313
  0.499, -0.026,  0.311
  0.502, -0.034,  0.305
  0.496, -0.022,  0.304
  0.499, -0.029,  0.298
  0.493, -0.016,  0.298
  0.495, -0.023,  0.291
  0.489, -0.011,  0.292
  0.491, -0.017,  0.284
  0.485, -0.005,  0.286
  0.487, -0.011,  0.278
  0.481,  0.001,  0.281
  0.483, -0.004,  0.273
  0.477,  0.008,  0.277
  0.479,  0.003,  0.268
  0.473,  0.015,  0.273
  0.474,  0.011,  0.264
  0.469,  0.023,  0.270
  0.470,  0.019,  0.260
  0.465,  0.030,  0.267
  0.465,  0.027,  0.257
  0.461,  0.038,  0.265
  0.461,  0.035,  0.255
  0.457,  0.046,  0.263
  0.456,  0.044,  0.254
  0.460,  0.056,  0.263
  0.459,  0.055,  0.254
  0.455,  0.064,  0.263
  0.454,  0.063,  0.254
  0.451,  0.072,  0.264
  0.450,  0.072,  0.254
  0.447,  0.080,  0.265
  0.445,  0.081,  0.255
  0.443,  0.088,  0.267
  0.441,  0.090,  0.257
  0.439,  0.096,  0.269
  0.437,  0.098,  0.260
  0.436,  0.104,  0.272
  0.433,  0.107,  0.263
  0.432,  0.112,  0.276
  0.429,  0.115,  0.267
  0.429,  0.120,  0.280
  0.425,  0.123,  0.272
  0.426,  0.127,  0.285
  0.422,  0.131,  0.277
  0.423,  0.134,  0.290
  0.419,  0.139,  0.282
  0.420,  0.141,  0.296
  0.416,  0.146,  0.289
  0.418,  0.147,  0.302
  0.414,  0.153,  0.295
  0.416,  0.153,  0.309
  0.411,  0.159,  0.303
  0.414,  0.159,  0.316
  0.409,  0.165,  0.310
  0.412,  0.164,  0.324
  0.408,  0.171,  0.319
  0.411,  0.169,  0.332
  0.406,  0.176,  0.327
  0.410,  0.173,  0.340
  0.405,  0.180,  0.336
  0.409,  0.177,  0.348
  0.405,  0.184,  0.345
  0.409,  0.180,  0.357
  0.404,  0.188,  0.354
  0.409,  0.182,  0.366
  0.404,  0.191,  0.364
  0.409,  0.184,  0.375
  0.405,  0.193,  0.373
  0.410,  0.186,  0.384
  0.405,  0.195,  0.383
  0.411,  0.187,  0.393
  0.406,  0.196,  0.393
  0.412,  0.187,  0.402
  0.408,  0.196,  0.403
  0.414,  0.187,  0.411
  0.409,  0.196,  0.412
  0.415,  0.186,  0.419
  0.411,  0.195,  0.422
  0.418,  0.185,  0.428
  0.413,  0.193,  0.431
  0.420,  0.183,  0.437
  0.416,  0.191,  0.440
  0.423,  0.180,  0.445
  0.419,  0.189,  0.449
  0.425,  0.177,  0.453
  0.422,  0.185,  0.458
  0.429,  0.174,  0.461
  0.425,  0.181,  0.466
  0.432,  0.170,  0.468
  0.429,  0.177,  0.474
  0.435,  0.165,  0.475
  0.433,  0.172,  0.482
  0.439,  0.160,  0.482
  0.437,  0.167,  0.489
  0.443,  0.154,  0.488
  0.441,  0.161,  0.495
  0.447,  0.148,  0.493
  0.445,  0.154,  0.501
  0.451,  0.142,  0.498
  0.450,  0.148,  0.506
  0.455,  0.136,  0.503
  0.454,  0.140,  0.511
  0.460,  0.129,  0.506
  0.459,  0.133,  0.515
  0.464,  0.121,  0.510
  0.463,  0.125,  0.519
  0.468,  0.114,  0.512
  0.468,  0.117,  0.522
  0.473,  0.106,  0.515
  0.473,  0.109,  0.524
  0.477,  0.098,  0.516
  0.478,  0.100,  0.526
  0.481,  0.090,  0.517
  0.482,  0.092,  0.526
  0.486,  0.082,  0.517
  0.487,  0.083,  0.527
  0.490,  0.074,  0.516
  0.491,  0.074,  0.526
  0.494,  0.066,  0.515
  0.496,  0.065,  0.525
  0.498,  0.058,  0.513
  0.500,  0.057,  0.523
  0.502,  0.050,  0.511
  0.504,  0.048,  0.520
  0.506,  0.042,  0.508
  0.508,  0.039,  0.517
  0.509,  0.034,  0.504
  0.512,  0.031,  0.513
  0.512,  0.026,  0.500
  0.516,  0.023,  0.509
  0.516,  0.019,  0.495
  0.519,  0.015,  0.504
  0.518,  0.012,  0.490
  0.522,  0.007,  0.498
  0.521,  0.005,  0.484
  0.525,  0.000,  0.492
  0.523, -0.001,  0.478
  0.528, -0.007,  0.485
  0.526, -0.007,  0.471
  0.530, -0.013,  0.477
  0.527, -0.013,  0.464
  0.532, -0.019,  0.470
  0.529, -0.018,  0.457
  0.533, -0.025,  0.462
  0.530, -0.022,  0.449
  0.535, -0.030,  0.453
  0.531, -0.027,  0.440
  0.536, -0.034,  0.444
  0.532, -0.030,  0.432
  0.536, -0.038,  0.435
  0.532, -0.034,  0.423
  0.537, -0.042,  0.426
  0.532, -0.036,  0.415
  0.537, -0.045,  0.416
  0.532, -0.038,  0.406
  0.536, -0.047,  0.407
  0.531, -0.040,  0.397
  0.536, -0.048,  0.397
  0.530, -0.041,  0.388
  0.535, -0.049,  0.387
  0.529, -0.041,  0.379
  0.533, -0.050,  0.378
  0.527, -0.041,  0.370
  0.532, -0.050,  0.368
  0.526, -0.040,  0.361
  0.530, -0.049,  0.358
  0.524, -0.039,  0.352
  0.528, -0.047,  0.349
  0.521, -0.037,  0.343
  0.525, -0.045,  0.340
  0.519, -0.034,  0.335
  0.522, -0.042,  0.331
  0.516, -0.031,  0.327
  0.519, -0.039,  0.322
  0.513, -0.028,  0.319
  0.516, -0.035,  0.314
  0.509, -0.023,  0.312
  0.512, -0.031,  0.306
  0.506, -0.019,  0.305
  0.508, -0.026,  0.299
  0.502, -0.014,  0.299
  0.504, -0.020,  0.292
  0.498, -0.008,  0.293
  0.500, -0.015,  0.285
  0.494, -0.002,  0.287
  0.496, -0.008,  0.279
  0.490,  0.004,  0.282
  0.492, -0.001,  0.274
  0.486,  0.011,  0.278
  0.487,  0.006,  0.269
  0.482,  0.018,  0.274
  0.482,  0.013,  0.265
  0.477,  0.025,  0.270
  0.478,  0.021,  0.261
  0.473,  0.032,  0.268
  0.473,  0.029,  0.258
  0.468,  0.040,  0.266
  0.468,  0.037,  0.256
  0.464,  0.048,  0.264
  0.464,  0.046,  0.255
  0.467,  0.058,  0.264
  0.466,  0.057,  0.254
  0.463,  0.066,  0.264
  0.461,  0.065,  0.254
  0.458,  0.074,  0.265
  0.457,  0.074,  0.255
  0.454,  0.082,  0.266
  0.452,  0.083,  0.256
  0.450,  0.090,  0.267
  0.448,  0.091,  0.258
  0.446,  0.098,  0.270
  0.443,  0.100,  0.261
  0.442,  0.106,  0.273
  0.439,  0.109,  0.264
  0.439,  0.114,  0.276
  0.435,  0.117,  0.268
  0.435,  0.121,  0.281
  0.432,  0.125,  0.272
  0.432,  0.129,  0.285
  0.428,  0.133,  0.277
  0.429,  0.136,  0.291
  0.425,  0.140,  0.283
  0.426,  0.143,  0.297
  0.422,  0.148,  0.289
  0.424,  0.149,  0.303
  0.420,  0.155,  0.296
  0.422,  0.155,  0.310
  0.417,  0.161,  0.303
  0.420,  0.161,  0.317
  0.416,  0.167,  0.311
  0.419,  0.166,  0.324
  0.414,  0.173,  0.319
  0.418,  0.170,  0.332
  0.413,  0.178,  0.328
  0.417,  0.175,  0.340
  0.412,  0.182,  0.337
  0.416,  0.178,  0.349
  0.411,  0.186,  0.346
  0.416,  0.182,  0.358
  0.411,  0.190,  0.355
  0.416,  0.184,  0.366
  0.411,  0.193,  0.364
  0.416,  0.186,  0.375
  0.412,  0.195,  0.374
  0.417,  0.188,  0.384
  0.412,  0.197,  0.384
  0.418,  0.189,  0.393
  0.414,  0.198,  0.394
  0.420,  0.189,  0.402
  0.415,  0.198,  0.403
  0.421,  0.189,  0.411
  0.417,  0.198,  0.413
  0.424,  0.188,  0.420
  0.419,  0.197,  0.423
  0.426,  0.187,  0.429
  0.422,  0.196,  0.432
  0.428,  0.185,  0.438
  0.424,  0.194,  0.441
  0.431,  0.183,  0.446
  0.427,  0.191,  0.450
  0.434,  0.180,  0.454
  0.431,  0.188,  0.459
  0.438,  0.176,  0.462
  0.434,  0.184,  0.467
  0.441,  0.172,  0.469
  0.438,  0.180,  0.475
  0.445,  0.168,  0.476
  0.442,  0.175,  0.483
  0.449,  0.163,  0.483
  0.446,  0.169,  0.490
  0.453,  0.157,  0.489
  0.451,  0.164,  0.496
  0.457,  0.151,  0.494
  0.455,  0.157,  0.502
  0.461,  0.145,  0.499
  0.460,  0.150,  0.508
  0.466,  0.139,  0.504
  0.465,  0.143,  0.512
  0.470,  0.132,  0.508
  0.470,  0.136,  0.517
  0.475,  0.124,  0.511
  0.475,  0.128,  0.520
  0.480,  0.117,  0.514
  0.480,  0.120,  0.523
  0.484,  0.109,  0.516
  0.484,  0.112,  0.525
  0.489,  0.101,  0.517
  0.489,  0.103,  0.527
  0.493,  0.094,  0.518
  0.494,  0.095,  0.528
  0.498,  0.085,  0.518
  0.499,  0.086,  0.528
  0.502,  0.077,  0.518
  0.504,  0.078,  0.527
  0.506,  0.069,  0.517
  0.508,  0.069,  0.526
  0.510,  0.061,  0.515
  0.513,  0.060,  0.524
  0.514,  0.053,  0.512
  0.517,  0.051,  0.522
  0.518,  0.045,  0.509
  0.521,  0.043,  0.518
  0.522,  0.038,  0.506
  0.525,  0.035,  0.515
  0.525,  0.030,  0.502
  0.529,  0.027,  0.510
  0.528,  0.023,  0.497
  0.532,  0.019,  0.505
  0.531,  0.016,  0.491
  0.535,  0.011,  0.499
  0.534,  0.009,  0.486
  0.538,  0.004,  0.493
  0.536,  0.003,  0.479
  0.541, -0.003,  0.486
  0.538, -0.003,  0.473
  0.543, -0.010,  0.479
  0.540, -0.009,  0.465
  0.545, -0.016,  0.471
  0.542, -0.014,  0.458
  0.546, -0.021,  0.463
  0.543, -0.019,  0.450
  0.548, -0.026,  0.455
  0.544, -0.023,  0.442
  0.548, -0.031,  0.446
  0.544, -0.027,  0.433
  0.549, -0.035,  0.437
  0.544, -0.030,  0.425
  0.549, -0.038,  0.427
  0.544, -0.033,  0.416
  0.549, -0.041,  0.418
  0.544, -0.035,  0.407
  0.549, -0.043,  0.408
  0.543, -0.036,  0.398
  0.548, -0.045,  0.398
  0.542, -0.037,  0.389
  0.547, -0.046,  0.389
  0.540, -0.038,  0.380
  0.545, -0.047,  0.379
  0.539, -0.038,  0.371
  0.543, -0.046,  0.369
  0.537, -0.037,  0.362
  0.541, -0.046,  0.360
  0.534, -0.036,  0.353
  0.539, -0.044,  0.350
  0.532, -0.034,  0.345
  0.536, -0.042,  0.341
  0.529, -0.031,  0.336
  0.533, -0.039,  0.332
  0.526, -0.028,  0.328
  0.529, -0.036,  0.323
  0.523, -0.025,  0.321
  0.526, -0.032,  0.315
  0.519, -0.021,  0.313
  0.522, -0.028,  0.307
  0.515, -0.016,  0.306
  0.518, -0.023,  0.300
  0.511, -0.011,  0.300
  0.514, -0.018,  0.293
  0.507, -0.006,  0.294
  0.509, -0.012,  0.286
  0.503,  0.000,  0.288
  0.505, -0.006,  0.280
  0.499,  0.006,  0.283
  0.500,  0.001,  0.275
  0.494,  0.013,  0.279
  0.495,  0.008,  0.270
  0.490,  0.020,  0.275
  0.491,  0.016,  0.266
  0.485,  0.027,  0.271
  0.486,  0.023,  0.262
  0.481,  0.035,  0.269
  0.481,  0.031,  0.259
  0.476,  0.042,  0.266
  0.476,  0.040,  0.257
  0.472,  0.050,  0.265
  0.471,  0.048,  0.255
  0.474,  0.060,  0.265
  0.473,  0.059,  0.255
  0.470,  0.068,  0.265
  0.468,  0.067,  0.255
  0.465,  0.076,  0.265
  0.463,  0.076,  0.256
  0.461,  0.084,  0.266
  0.459,  0.085,  0.257
  0.457,  0.092,  0.268
  0.454,  0.093,  0.259
  0.453,  0.100,  0.271
  0.450,  0.102,  0.261
  0.449,  0.108,  0.274
  0.446,  0.110,  0.264
  0.445,  0.116,  0.277
  0.442,  0.119,  0.268
  0.442,  0.123,  0.281
  0.438,  0.127,  0.273
  0.438,  0.131,  0.286
  0.434,  0.135,  0.278
  0.435,  0.138,  0.291
  0.431,  0.142,  0.284
  0.433,  0.144,  0.297
  0.428,  0.149,  0.290
  0.430,  0.151,  0.304
  0.426,  0.156,  0.297
  0.428,  0.157,  0.310
  0.424,  0.163,  0.304
  0.427,  0.162,  0.317
  0.422,  0.169,  0.312
  0.425,  0.168,  0.325
  0.420,  0.174,  0.320
  0.424,  0.172,  0.333
  0.419,  0.180,  0.328
  0.423,  0.177,  0.341
  0.418,  0.184,  0.337
  0.423,  0.180,  0.350
  0.418,  0.188,  0.346
  0.423,  0.184,  0.358
  0.418,  0.192,  0.356
  0.423,  0.186,  0.367
  0.418,  0.195,  0.365
  0.424,  0.188,  0.376
  0.419,  0.197,  0.375
  0.425,  0.190,  0.385
  0.420,  0.199,  0.385
  0.426,  0.191,  0.394
  0.421,  0.200,  0.394
  0.427,  0.192,  0.403
  0.423,  0.200,  0.404
  0.429,  0.191,  0.412
  0.425,  0.200,  0.414
  0.432,  0.191,  0.421
  0.427,  0.199,  0.423
  0.434,  0.189,  0.430
  0.430,  0.198,  0.433
  0.437,  0.188,  0.439
  0.433,  0.196,  0.442
  0.440,  0.185,  0.447
  0.436,  0.193,  0.451
  0.443,  0.182,  0.455
  0.440,  0.190,  0.460
  0.447,  0.179,  0.463
  0.443,  0.187,  0.468
  0.451,  0.175,  0.470
  0.448,  0.182,  0.476
  0.455,  0.170,  0.477
  0.452,  0.177,  0.484
  0.459,  0.165,  0.484
  0.456,  0.172,  0.491
  0.463,  0.160,  0.490
  0.461,  0.166,  0.497
  0.467,  0.154,  0.495
  0.466,  0.160,  0.503
  0.472,  0.148,  0.500
  0.471,  0.153,  0.509
  0.477,  0.142,  0.505
  0.476,  0.146,  0.514
  0.481,  0.135,  0.509
  0.481,  0.139,  0.518
  0.486,  0.128,  0.512
  0.486,  0.131,  0.521
  0.491,  0.120,  0.515
  0.491,  0.123,  0.524
  0.496,  0.113,  0.517
  0.496,  0.115,  0.527
  0.500,  0.105,  0.518
  0.501,  0.107,  0.528
  0.505,  0.097,  0.519
  0.506,  0.098,  0.529
  0.510,  0.089,  0.519
  0.511,  0.090,  0.529
  0.514,  0.081,  0.519
  0.516,  0.081,  0.529
  0.519,  0.073,  0.518
  0.521,  0.072,  0.528
  0.523,  0.065,  0.516
  0.525,  0.064,  0.526
  0.527,  0.057,  0.514
  0.530,  0.055,  0.523
  0.531,  0.049,  0.511
  0.534,  0.047,  0.520
  0.534,  0.041,  0.507
  0.538,  0.038,  0.516
  0.538,  0.034,  0.503
  0.541,  0.030,  0.511
  0.541,  0.026,  0.498
  0.545,  0.022,  0.506
  0.544,  0.019,  0.493
  0.548,  0.015,  0.501
  0.547,  0.013,  0.487
  0.551,  0.008,  0.494
  0.549,  0.006,  0.481
  0.553,  0.001,  0.488
  0.551,  0.000,  0.474
  0.556, -0.006,  0.480
  0.553, -0.005,  0.467
  0.558, -0.012,  0.473
  0.554, -0.011,  0.459
  0.559, -0.018,  0.464
  0.555, -0.015,  0.451
  0.560, -0.023,  0.456
  0.556, -0.020,  0.443
  0.561, -0.027,  0.447
  0.556, -0.023,  0.435
  0.562, -0.031,  0.438
  0.557, -0.027,  0.426
  0.562, -0.035,  0.429
  0.556, -0.029,  0.417
  0.561, -0.038,  0.419
  0.556, -0.032,  0.408
  0.561, -0.040,  0.409
  0.555, -0.033,  0.399
  0.560, -0.042,  0.400
  0.554, -0.034,  0.390
  0.558, -0.043,  0.390
  0.552, -0.035,  0.381
  0.557, -0.043,  0.380
  0.550, -0.034,  0.372
  0.555, -0.043,  0.370
  0.548, -0.034,  0.363
  0.552, -0.042,  0.361
  0.545, -0.033,  0.354
  0.550, -0.041,  0.351
  0.543, -0.031,  0.346
  0.547, -0.039,  0.342
  0.539, -0.028,  0.337
  0.543, -0.037,  0.333
  0.536, -0.025,  0.329
  0.540, -0.033,  0.325
  0.533, -0.022,  0.322
  0.536, -0.030,  0.316
  0.529, -0.018,  0.314
  0.532, -0.025,  0.308
  0.525, -0.013,  0.307
  0.528, -0.021,  0.301
  0.521, -0.009,  0.301
  0.523, -0.015,  0.294
  0.516, -0.003,  0.295
  0.518, -0.009,  0.287
  0.512,  0.003,  0.289
  0.514, -0.003,  0.281
  0.507,  0.009,  0.284
  0.509,  0.003,  0.276
  0.503,  0.015,  0.279
  0.504,  0.011,  0.271
  0.498,  0.022,  0.275
  0.499,  0.018,  0.267
  0.493,  0.029,  0.272
  0.494,  0.026,  0.263
  0.489,  0.037,  0.269
  0.488,  0.034,  0.260
  0.484,  0.044,  0.267
  0.483,  0.042,  0.258
  0.479,  0.052,  0.266
  0.478,  0.050,  0.256
  0.482,  0.062,  0.266
  0.480,  0.061,  0.256
  0.477,  0.070,  0.266
  0.475,  0.069,  0.256
  0.472,  0.078,  0.266
  0.470,  0.078,  0.256
  0.468,  0.086,  0.267
  0.465,  0.087,  0.257
  0.463,  0.094,  0.269
  0.461,  0.095,  0.259
  0.459,  0.102,  0.271
  0.456,  0.104,  0.262
  0.455,  0.110,  0.274
  0.452,  0.112,  0.265
  0.452,  0.118,  0.278
  0.448,  0.120,  0.269
  0.448,  0.125,  0.282
  0.444,  0.129,  0.274
  0.445,  0.132,  0.287
  0.441,  0.136,  0.279
  0.442,  0.139,  0.292
  0.437,  0.144,  0.284
  0.439,  0.146,  0.298
  0.435,  0.151,  0.291
  0.437,  0.153,  0.304
  0.432,  0.158,  0.297
  0.435,  0.159,  0.311
  0.430,  0.165,  0.305
  0.433,  0.164,  0.318
  0.428,  0.171,  0.312
  0.432,  0.169,  0.326
  0.427,  0.176,  0.321
  0.431,  0.174,  0.334
  0.425,  0.181,  0.329
  0.430,  0.178,  0.342
  0.425,  0.186,  0.338
  0.430,  0.182,  0.350
  0.424,  0.190,  0.347
  0.430,  0.186,  0.359
  0.424,  0.194,  0.356
  0.430,  0.188,  0.368
  0.425,  0.197,  0.366
  0.431,  0.191,  0.377
  0.426,  0.199,  0.376
  0.432,  0.192,  0.386
  0.427,  0.201,  0.385
  0.433,  0.193,  0.395
  0.428,  0.202,  0.395
  0.435,  0.194,  0.404
  0.430,  0.202,  0.405
  0.437,  0.194,  0.413
  0.432,  0.202,  0.415
  0.440,  0.193,  0.422
  0.435,  0.202,  0.424
  0.442,  0.192,  0.431
  0.438,  0.200,  0.434
  0.445,  0.190,  0.439
  0.441,  0.198,  0.443
  0.449,  0.188,  0.448
  0.445,  0.196,  0.452
  0.452,  0.185,  0.456
  0.448,  0.193,  0.461
  0.456,  0.181,  0.464
  0.453,  0.189,  0.469
  0.460,  0.178,  0.471
  0.457,  0.185,  0.477
  0.464,  0.173,  0.478
  0.461,  0.180,  0.485
  0.468,  0.168,  0.485
  0.466,  0.175,  0.492
  0.473,  0.163,  0.491
  0.471,  0.169,  0.498
  0.478,  0.157,  0.496
  0.476,  0.163,  0.504
  0.482,  0.151,  0.502
  0.481,  0.156,  0.510
  0.487,  0.145,  0.506
  0.486,  0.149,  0.515
  0.492,  0.138,  0.510
  0.492,  0.142,  0.519
  0.497,  0.131,  0.513
  0.497,  0.135,  0.523
  0.502,  0.123,  0.516
  0.502,  0.127,  0.526
  0.507,  0.116,  0.518
  0.508,  0.118,  0.528
  0.512,  0.108,  0.520
  0.513,  0.110,  0.529
  0.517,  0.100,  0.521
  0.518,  0.102,  0.530
  0.522,  0.092,  0.521
  0.523,  0.093,  0.531
  0.526,  0.084,  0.520
  0.528,  0.084,  0.530
  0.531,  0.076,  0.519
  0.533,  0.076,  0.529
  0.535,  0.068,  0.517
  0.538,  0.067,  0.527
  0.539,  0.060,  0.515
  0.542,  0.059,  0.524
  0.543,  0.052,  0.512
  0.547,  0.050,  0.521
  0.547,  0.045,  0.508
  0.551,  0.042,  0.517
  0.550,  0.037,  0.504
  0.554,  0.034,  0.513
  0.554,  0.030,  0.500
  0.558,  0.026,  0.508
  0.557,  0.023,  0.494
  0.561,  0.018,  0.502
  0.559,  0.016,  0.488
  0.564,  0.011,  0.496
  0.562,  0.010,  0.482
  0.566,  0.004,  0.489
  0.564,  0.004,  0.475
  0.569, -0.002,  0.482
  0.565, -0.002,  0.468
  0.571, -0.008,  0.474
  0.567, -0.007,  0.461
  0.572, -0.014,  0.466
  0.568, -0.012,  0.453
  0.573, -0.019,  0.457
  0.569, -0.016,  0.445
  0.574, -0.024,  0.448
  0.569, -0.020,  0.436
  0.574, -0.028,  0.439
  0.569, -0.023,  0.427
  0.574, -0.031,  0.430
  0.568, -0.026,  0.419
  0.574, -0.034,  0.420
  0.568, -0.028,  0.410
  0.573, -0.037,  0.411
  0.567, -0.030,  0.400
  0.572, -0.038,  0.401
  0.565, -0.031,  0.391
  0.570, -0.039,  0.391
  0.563, -0.031,  0.382
  0.568, -0.040,  0.381
  0.561, -0.031,  0.373
  0.566, -0.040,  0.372
  0.559, -0.031,  0.364
  0.564, -0.039,  0.362
  0.556, -0.029,  0.356
  0.561, -0.038,  0.353
  0.553, -0.028,  0.347
  0.557, -0.036,  0.343
  0.550, -0.025,  0.339
  0.554, -0.034,  0.334
  0.546, -0.022,  0.330
  0.550, -0.030,  0.326
  0.543, -0.019,  0.323
  0.546, -0.027,  0.317
  0.539, -0.015,  0.315
  0.542, -0.023,  0.309
  0.534, -0.011,  0.308
  0.537, -0.018,  0.302
  0.530, -0.006,  0.302
  0.532, -0.013,  0.295
  0.526, -0.001,  0.296
  0.528, -0.007,  0.288
  0.521,  0.005,  0.290
  0.523, -0.001,  0.282
  0.516,  0.011,  0.285
  0.517,  0.006,  0.277
  0.511,  0.018,  0.280
  0.512,  0.013,  0.272
  0.506,  0.025,  0.276
  0.507,  0.020,  0.267
  0.501,  0.032,  0.273
  0.502,  0.028,  0.264
  0.496,  0.039,  0.270
  0.496,  0.036,  0.261
  0.491,  0.047,  0.268
  0.491,  0.044,  0.259
  0.487,  0.054,  0.267
  0.486,  0.052,  0.257
  0.486,  0.069,  0.254
  0.487,  0.070,  0.264
  0.492,  0.060,  0.255
  0.492,  0.062,  0.265
  0.497,  0.052,  0.256
  0.498,  0.055,  0.266
  0.502,  0.044,  0.259
  0.503,  0.047,  0.268
  0.508,  0.037,  0.262
  0.508,  0.040,  0.271
  0.513,  0.029,  0.265
  0.513,  0.033,  0.274
  0.519,  0.022,  0.269
  0.518,  0.027,  0.278
  0.524,  0.015,  0.274
  0.523,  0.020,  0.283
  0.529,  0.009,  0.280
  0.528,  0.014,  0.288
  0.535,  0.003,  0.286
  0.533,  0.009,  0.293
  0.540, -0.003,  0.292
  0.537,  0.004,  0.299
  0.544, -0.008,  0.299
  0.542, -0.001,  0.306
  0.549, -0.013,  0.307
  0.546, -0.005,  0.313
  0.553, -0.017,  0.315
  0.550, -0.009,  0.320
  0.558, -0.020,  0.323
  0.554, -0.012,  0.328
  0.561, -0.023,  0.332
  0.557, -0.015,  0.336
  0.565, -0.026,  0.341
  0.561, -0.017,  0.344
  0.568, -0.027,  0.350
  0.564, -0.019,  0.353
  0.571, -0.029,  0.359
  0.567, -0.020,  0.362
  0.574, -0.029,  0.369
  0.569, -0.021,  0.371
  0.576, -0.029,  0.379
  0.571, -0.021,  0.380
  0.578, -0.029,  0.389
  0.573, -0.020,  0.389
  0.580, -0.028,  0.398
  0.574, -0.019,  0.398
  0.581, -0.026,  0.408
  0.575, -0.018,  0.407
  0.582, -0.024,  0.418
  0.576, -0.015,  0.416
  0.582, -0.021,  0.427
  0.577, -0.013,  0.425
  0.582, -0.017,  0.437
  0.577, -0.010,  0.433
  0.582, -0.013,  0.446
  0.576, -0.006,  0.442
  0.581, -0.009,  0.455
  0.575, -0.002,  0.450
  0.580, -0.004,  0.463
  0.574,  0.003,  0.458
  0.578,  0.002,  0.471
  0.573,  0.008,  0.466
  0.576,  0.008,  0.479
  0.571,  0.014,  0.473
  0.574,  0.014,  0.486
  0.569,  0.020,  0.480
  0.571,  0.021,  0.493
  0.567,  0.026,  0.486
  0.568,  0.028,  0.500
  0.564,  0.033,  0.492
  0.565,  0.036,  0.505
  0.561,  0.039,  0.497
  0.561,  0.043,  0.510
  0.557,  0.047,  0.502
  0.557,  0.051,  0.515
  0.554,  0.054,  0.506
  0.553,  0.059,  0.519
  0.550,  0.061,  0.510
  0.549,  0.067,  0.522
  0.546,  0.069,  0.513
  0.544,  0.076,  0.525
  0.541,  0.077,  0.515
  0.539,  0.084,  0.527
  0.537,  0.085,  0.517
  0.534,  0.093,  0.528
  0.532,  0.092,  0.518
  0.529,  0.101,  0.529
  0.528,  0.100,  0.519
  0.524,  0.110,  0.528
  0.523,  0.108,  0.519
  0.519,  0.118,  0.528
  0.518,  0.116,  0.518
  0.513,  0.126,  0.526
  0.513,  0.123,  0.516
  0.508,  0.134,  0.524
  0.508,  0.131,  0.514
  0.502,  0.142,  0.521
  0.502,  0.138,  0.512
  0.497,  0.149,  0.517
  0.497,  0.145,  0.508
  0.491,  0.156,  0.513
  0.492,  0.151,  0.504
  0.486,  0.163,  0.508
  0.487,  0.158,  0.500
  0.481,  0.169,  0.503
  0.482,  0.164,  0.495
  0.476,  0.175,  0.497
  0.478,  0.169,  0.489
  0.471,  0.181,  0.490
  0.473,  0.174,  0.483
  0.466,  0.186,  0.483
  0.469,  0.179,  0.477
  0.461,  0.191,  0.476
  0.464,  0.183,  0.470
  0.457,  0.195,  0.468
  0.460,  0.187,  0.462
  0.453,  0.198,  0.459
  0.456,  0.191,  0.455
  0.449,  0.201,  0.451
  0.453,  0.193,  0.446
  0.445,  0.204,  0.442
  0.449,  0.196,  0.438
  0.442,  0.206,  0.432
  0.446,  0.197,  0.430
  0.439,  0.207,  0.423
  0.444,  0.198,  0.421
  0.436,  0.207,  0.413
  0.441,  0.199,  0.412
  0.434,  0.207,  0.404
  0.439,  0.199,  0.403
  0.432,  0.207,  0.394
  0.437,  0.198,  0.394
  0.430,  0.206,  0.384
  0.436,  0.197,  0.385
  0.429,  0.204,  0.374
  0.435,  0.196,  0.376
  0.429,  0.202,  0.365
  0.434,  0.194,  0.367
  0.428,  0.199,  0.355
  0.434,  0.191,  0.358
  0.428,  0.195,  0.346
  0.434,  0.188,  0.349
  0.429,  0.191,  0.337
  0.434,  0.184,  0.340
  0.429,  0.187,  0.328
  0.435,  0.180,  0.332
  0.431,  0.182,  0.319
  0.436,  0.175,  0.324
  0.432,  0.176,  0.311
  0.437,  0.170,  0.317
  0.434,  0.170,  0.303
  0.439,  0.164,  0.310
  0.436,  0.164,  0.296
  0.441,  0.158,  0.303
  0.439,  0.157,  0.289
  0.444,  0.152,  0.296
  0.442,  0.150,  0.283
  0.446,  0.146,  0.291
  0.445,  0.143,  0.277
  0.449,  0.139,  0.285
  0.449,  0.135,  0.272
  0.453,  0.132,  0.280
  0.453,  0.127,  0.267
  0.456,  0.124,  0.276
  0.457,  0.119,  0.263
  0.460,  0.117,  0.273
  0.461,  0.111,  0.260
  0.464,  0.109,  0.270
  0.466,  0.102,  0.258
  0.469,  0.101,  0.267
  0.471,  0.094,  0.256
  0.473,  0.093,  0.265
  0.476,  0.085,  0.254
  0.478,  0.086,  0.264
  0.481,  0.077,  0.254
  0.483,  0.078,  0.264
  0.492,  0.076,  0.252
  0.493,  0.078,  0.262
  0.497,  0.068,  0.253
  0.498,  0.070,  0.263
  0.503,  0.060,  0.254
  0.504,  0.063,  0.264
  0.509,  0.053,  0.257
  0.509,  0.056,  0.266
  0.514,  0.045,  0.259
  0.514,  0.049,  0.269
  0.520,  0.038,  0.263
  0.519,  0.042,  0.272
  0.526,  0.031,  0.267
  0.524,  0.036,  0.276
  0.531,  0.024,  0.272
  0.530,  0.030,  0.280
  0.536,  0.018,  0.277
  0.535,  0.024,  0.285
  0.542,  0.012,  0.283
  0.539,  0.018,  0.291
  0.547,  0.007,  0.290
  0.544,  0.013,  0.297
  0.552,  0.002,  0.297
  0.549,  0.009,  0.303
  0.556, -0.003,  0.304
  0.553,  0.005,  0.310
  0.561, -0.006,  0.312
  0.557,  0.001,  0.318
  0.565, -0.010,  0.320
  0.561, -0.002,  0.325
  0.569, -0.013,  0.329
  0.565, -0.005,  0.333
  0.573, -0.015,  0.338
  0.568, -0.007,  0.342
  0.576, -0.017,  0.347
  0.571, -0.009,  0.350
  0.579, -0.018,  0.357
  0.574, -0.010,  0.359
  0.582, -0.019,  0.366
  0.577, -0.010,  0.368
  0.584, -0.019,  0.376
  0.579, -0.010,  0.377
  0.586, -0.018,  0.386
  0.581, -0.010,  0.386
  0.588, -0.017,  0.396
  0.582, -0.009,  0.395
  0.589, -0.015,  0.405
  0.583, -0.007,  0.404
  0.589, -0.013,  0.415
  0.584, -0.005,  0.413
  0.590, -0.010,  0.425
  0.584, -0.002,  0.422
  0.590, -0.007,  0.434
  0.584,  0.001,  0.431
  0.589, -0.003,  0.443
  0.584,  0.005,  0.439
  0.589,  0.002,  0.452
  0.583,  0.009,  0.448
  0.587,  0.007,  0.461
  0.582,  0.013,  0.456
  0.586,  0.012,  0.469
  0.580,  0.018,  0.463
  0.584,  0.018,  0.477
  0.578,  0.024,  0.470
  0.581,  0.024,  0.484
  0.576,  0.030,  0.477
  0.579,  0.031,  0.491
  0.574,  0.036,  0.484
  0.575,  0.038,  0.497
  0.571,  0.042,  0.489
  0.572,  0.045,  0.503
  0.568,  0.049,  0.495
  0.568,  0.053,  0.508
  0.564,  0.056,  0.500
  0.564,  0.060,  0.513
  0.560,  0.063,  0.504
  0.560,  0.068,  0.517
  0.556,  0.070,  0.508
  0.555,  0.076,  0.520
  0.552,  0.078,  0.511
  0.551,  0.085,  0.523
  0.548,  0.085,  0.513
  0.546,  0.093,  0.525
  0.543,  0.093,  0.515
  0.541,  0.101,  0.526
  0.538,  0.101,  0.516
  0.535,  0.109,  0.527
  0.534,  0.108,  0.517
  0.530,  0.117,  0.526
  0.528,  0.116,  0.517
  0.524,  0.126,  0.526
  0.523,  0.123,  0.516
  0.519,  0.133,  0.524
  0.518,  0.131,  0.514
  0.513,  0.141,  0.522
  0.513,  0.138,  0.512
  0.507,  0.149,  0.519
  0.508,  0.145,  0.510
  0.502,  0.156,  0.516
  0.503,  0.152,  0.507
  0.496,  0.163,  0.511
  0.497,  0.158,  0.503
  0.491,  0.170,  0.507
  0.492,  0.164,  0.498
  0.485,  0.176,  0.501
  0.487,  0.170,  0.493
  0.480,  0.182,  0.495
  0.482,  0.176,  0.488
  0.475,  0.187,  0.489
  0.478,  0.181,  0.482
  0.470,  0.192,  0.482
  0.473,  0.185,  0.475
  0.465,  0.196,  0.474
  0.469,  0.189,  0.468
  0.461,  0.200,  0.466
  0.464,  0.193,  0.461
  0.457,  0.204,  0.458
  0.461,  0.196,  0.453
  0.453,  0.207,  0.449
  0.457,  0.199,  0.445
  0.449,  0.209,  0.440
  0.453,  0.201,  0.437
  0.446,  0.211,  0.431
  0.450,  0.203,  0.428
  0.443,  0.212,  0.422
  0.448,  0.204,  0.419
  0.440,  0.213,  0.412
  0.445,  0.204,  0.410
  0.438,  0.213,  0.402
  0.443,  0.204,  0.401
  0.436,  0.212,  0.393
  0.441,  0.204,  0.392
  0.434,  0.211,  0.383
  0.440,  0.203,  0.383
  0.433,  0.209,  0.373
  0.439,  0.201,  0.374
  0.432,  0.207,  0.363
  0.438,  0.199,  0.365
  0.432,  0.204,  0.354
  0.438,  0.196,  0.356
  0.432,  0.200,  0.344
  0.438,  0.193,  0.348
  0.432,  0.196,  0.335
  0.438,  0.189,  0.339
  0.433,  0.192,  0.326
  0.439,  0.185,  0.331
  0.435,  0.187,  0.318
  0.440,  0.181,  0.323
  0.436,  0.182,  0.310
  0.442,  0.176,  0.315
  0.438,  0.176,  0.302
  0.443,  0.170,  0.308
  0.441,  0.170,  0.295
  0.446,  0.164,  0.301
  0.443,  0.163,  0.288
  0.448,  0.158,  0.295
  0.446,  0.156,  0.281
  0.451,  0.152,  0.289
  0.450,  0.149,  0.276
  0.454,  0.145,  0.284
  0.454,  0.141,  0.270
  0.458,  0.138,  0.279
  0.458,  0.134,  0.266
  0.461,  0.131,  0.275
  0.462,  0.126,  0.262
  0.465,  0.124,  0.271
  0.466,  0.118,  0.258
  0.470,  0.116,  0.268
  0.471,  0.109,  0.256
  0.474,  0.108,  0.265
  0.476,  0.101,  0.254
  0.479,  0.101,  0.263
  0.481,  0.093,  0.253
  0.483,  0.093,  0.262
  0.487,  0.085,  0.252
  0.488,  0.086,  0.262
  0.498,  0.084,  0.250
  0.499,  0.086,  0.260
  0.503,  0.076,  0.251
  0.504,  0.078,  0.261
  0.509,  0.069,  0.252
  0.510,  0.071,  0.262
  0.515,  0.061,  0.254
  0.515,  0.064,  0.264
  0.521,  0.054,  0.257
  0.520,  0.058,  0.267
  0.527,  0.047,  0.261
  0.526,  0.051,  0.270
  0.532,  0.040,  0.265
  0.531,  0.045,  0.274
  0.538,  0.034,  0.270
  0.536,  0.039,  0.278
  0.543,  0.028,  0.275
  0.541,  0.033,  0.283
  0.549,  0.022,  0.281
  0.546,  0.028,  0.288
  0.554,  0.017,  0.287
  0.551,  0.023,  0.294
  0.559,  0.012,  0.294
  0.556,  0.018,  0.301
  0.564,  0.007,  0.302
  0.560,  0.014,  0.308
  0.568,  0.004,  0.310
  0.565,  0.011,  0.315
  0.573,  0.000,  0.318
  0.569,  0.008,  0.323
  0.577, -0.002,  0.327
  0.572,  0.005,  0.331
  0.580, -0.005,  0.335
  0.576,  0.003,  0.339
  0.584, -0.006,  0.345
  0.579,  0.002,  0.348
  0.587, -0.007,  0.354
  0.582,  0.001,  0.356
  0.590, -0.008,  0.364
  0.584,  0.000,  0.365
  0.592, -0.008,  0.373
  0.587,  0.000,  0.374
  0.594, -0.007,  0.383
  0.588,  0.001,  0.383
  0.595, -0.006,  0.393
  0.590,  0.002,  0.393
  0.597, -0.004,  0.403
  0.591,  0.003,  0.402
  0.597, -0.002,  0.412
  0.592,  0.005,  0.411
  0.598,  0.001,  0.422
  0.592,  0.008,  0.420
  0.598,  0.004,  0.431
  0.592,  0.011,  0.428
  0.597,  0.008,  0.441
  0.591,  0.015,  0.437
  0.596,  0.012,  0.449
  0.591,  0.019,  0.445
  0.595,  0.017,  0.458
  0.589,  0.023,  0.453
  0.593,  0.023,  0.466
  0.588,  0.028,  0.461
  0.591,  0.028,  0.474
  0.586,  0.034,  0.468
  0.589,  0.034,  0.481
  0.584,  0.039,  0.475
  0.586,  0.041,  0.488
  0.581,  0.045,  0.481
  0.583,  0.048,  0.495
  0.578,  0.052,  0.487
  0.579,  0.055,  0.501
  0.575,  0.058,  0.492
  0.575,  0.062,  0.506
  0.571,  0.065,  0.497
  0.571,  0.070,  0.510
  0.567,  0.072,  0.502
  0.567,  0.077,  0.514
  0.563,  0.079,  0.505
  0.562,  0.085,  0.518
  0.559,  0.087,  0.508
  0.557,  0.093,  0.520
  0.554,  0.094,  0.511
  0.552,  0.101,  0.523
  0.549,  0.102,  0.513
  0.547,  0.109,  0.524
  0.545,  0.109,  0.514
  0.541,  0.117,  0.524
  0.539,  0.116,  0.515
  0.536,  0.125,  0.524
  0.534,  0.124,  0.515
  0.530,  0.133,  0.524
  0.529,  0.131,  0.514
  0.524,  0.141,  0.522
  0.524,  0.138,  0.513
  0.518,  0.148,  0.520
  0.518,  0.145,  0.511
  0.513,  0.156,  0.517
  0.513,  0.152,  0.508
  0.507,  0.163,  0.514
  0.508,  0.159,  0.505
  0.501,  0.170,  0.510
  0.502,  0.165,  0.501
  0.496,  0.176,  0.505
  0.497,  0.171,  0.497
  0.490,  0.182,  0.500
  0.492,  0.177,  0.492
  0.485,  0.188,  0.494
  0.487,  0.182,  0.486
  0.479,  0.193,  0.487
  0.482,  0.187,  0.480
  0.474,  0.198,  0.480
  0.477,  0.191,  0.474
  0.470,  0.202,  0.473
  0.473,  0.195,  0.467
  0.465,  0.206,  0.465
  0.469,  0.199,  0.459
  0.461,  0.209,  0.457
  0.465,  0.202,  0.452
  0.457,  0.212,  0.448
  0.461,  0.204,  0.444
  0.453,  0.214,  0.439
  0.458,  0.207,  0.435
  0.450,  0.216,  0.430
  0.454,  0.208,  0.427
  0.446,  0.217,  0.420
  0.452,  0.209,  0.418
  0.444,  0.218,  0.411
  0.449,  0.210,  0.409
  0.441,  0.218,  0.401
  0.447,  0.210,  0.400
  0.440,  0.217,  0.391
  0.445,  0.209,  0.391
  0.438,  0.216,  0.382
  0.444,  0.208,  0.382
  0.437,  0.214,  0.372
  0.443,  0.206,  0.373
  0.436,  0.212,  0.362
  0.442,  0.204,  0.364
  0.436,  0.209,  0.352
  0.442,  0.202,  0.355
  0.436,  0.206,  0.343
  0.442,  0.198,  0.346
  0.436,  0.202,  0.334
  0.442,  0.195,  0.338
  0.437,  0.197,  0.325
  0.443,  0.191,  0.329
  0.439,  0.192,  0.316
  0.444,  0.186,  0.322
  0.440,  0.187,  0.308
  0.446,  0.181,  0.314
  0.442,  0.181,  0.300
  0.448,  0.176,  0.307
  0.445,  0.175,  0.293
  0.450,  0.170,  0.300
  0.448,  0.169,  0.286
  0.453,  0.164,  0.293
  0.451,  0.162,  0.280
  0.456,  0.158,  0.287
  0.454,  0.155,  0.274
  0.459,  0.151,  0.282
  0.458,  0.148,  0.269
  0.462,  0.145,  0.277
  0.462,  0.140,  0.264
  0.466,  0.138,  0.273
  0.467,  0.132,  0.260
  0.470,  0.130,  0.269
  0.471,  0.124,  0.257
  0.475,  0.123,  0.266
  0.476,  0.116,  0.254
  0.479,  0.116,  0.264
  0.481,  0.108,  0.252
  0.484,  0.108,  0.262
  0.487,  0.100,  0.251
  0.489,  0.101,  0.260
  0.492,  0.092,  0.250
  0.494,  0.093,  0.260
  0.504,  0.092,  0.248
  0.505,  0.094,  0.258
  0.509,  0.085,  0.249
  0.510,  0.087,  0.259
  0.515,  0.077,  0.250
  0.516,  0.080,  0.260
  0.521,  0.070,  0.252
  0.521,  0.073,  0.262
  0.527,  0.063,  0.255
  0.527,  0.066,  0.264
  0.533,  0.056,  0.258
  0.532,  0.060,  0.268
  0.539,  0.049,  0.263
  0.538,  0.054,  0.271
  0.545,  0.043,  0.267
  0.543,  0.048,  0.276
  0.550,  0.037,  0.273
  0.548,  0.042,  0.281
  0.556,  0.031,  0.278
  0.553,  0.037,  0.286
  0.561,  0.026,  0.285
  0.558,  0.033,  0.292
  0.566,  0.022,  0.292
  0.563,  0.028,  0.298
  0.571,  0.018,  0.299
  0.568,  0.024,  0.305
  0.576,  0.014,  0.307
  0.572,  0.021,  0.313
  0.580,  0.011,  0.315
  0.576,  0.018,  0.320
  0.584,  0.008,  0.324
  0.580,  0.015,  0.328
  0.588,  0.006,  0.333
  0.584,  0.013,  0.337
  0.592,  0.004,  0.342
  0.587,  0.012,  0.345
  0.595,  0.003,  0.351
  0.590,  0.011,  0.354
  0.598,  0.003,  0.361
  0.592,  0.010,  0.363
  0.600,  0.003,  0.371
  0.594,  0.011,  0.372
  0.602,  0.003,  0.380
  0.596,  0.011,  0.381
  0.603,  0.004,  0.390
  0.598,  0.012,  0.390
  0.605,  0.006,  0.400
  0.599,  0.014,  0.399
  0.605,  0.009,  0.410
  0.599,  0.016,  0.408
  0.606,  0.011,  0.419
  0.600,  0.019,  0.417
  0.605,  0.015,  0.429
  0.600,  0.022,  0.426
  0.605,  0.018,  0.438
  0.599,  0.025,  0.434
  0.604,  0.023,  0.447
  0.598,  0.029,  0.442
  0.603,  0.028,  0.455
  0.597,  0.034,  0.450
  0.601,  0.033,  0.464
  0.595,  0.038,  0.458
  0.599,  0.038,  0.471
  0.593,  0.044,  0.465
  0.596,  0.044,  0.479
  0.591,  0.049,  0.472
  0.593,  0.051,  0.486
  0.588,  0.055,  0.479
  0.590,  0.057,  0.492
  0.585,  0.061,  0.485
  0.586,  0.064,  0.498
  0.582,  0.068,  0.490
  0.582,  0.071,  0.503
  0.578,  0.074,  0.495
  0.578,  0.079,  0.508
  0.574,  0.081,  0.499
  0.573,  0.086,  0.512
  0.570,  0.088,  0.503
  0.569,  0.094,  0.516
  0.565,  0.095,  0.506
  0.563,  0.102,  0.518
  0.561,  0.103,  0.509
  0.558,  0.110,  0.520
  0.556,  0.110,  0.511
  0.553,  0.118,  0.522
  0.551,  0.117,  0.512
  0.547,  0.125,  0.522
  0.545,  0.125,  0.513
  0.541,  0.133,  0.522
  0.540,  0.132,  0.513
  0.536,  0.141,  0.522
  0.535,  0.139,  0.512
  0.530,  0.148,  0.520
  0.529,  0.146,  0.511
  0.524,  0.156,  0.518
  0.524,  0.153,  0.509
  0.518,  0.163,  0.515
  0.518,  0.159,  0.506
  0.512,  0.170,  0.512
  0.513,  0.166,  0.503
  0.506,  0.176,  0.508
  0.507,  0.172,  0.499
  0.500,  0.183,  0.503
  0.502,  0.178,  0.495
  0.495,  0.188,  0.498
  0.497,  0.183,  0.490
  0.489,  0.194,  0.492
  0.492,  0.188,  0.484
  0.484,  0.199,  0.486
  0.487,  0.193,  0.478
  0.479,  0.204,  0.479
  0.482,  0.197,  0.472
  0.474,  0.208,  0.471
  0.477,  0.201,  0.465
  0.469,  0.212,  0.463
  0.473,  0.205,  0.458
  0.465,  0.215,  0.455
  0.469,  0.208,  0.450
  0.461,  0.218,  0.447
  0.465,  0.210,  0.442
  0.457,  0.220,  0.438
  0.462,  0.212,  0.434
  0.453,  0.221,  0.429
  0.458,  0.214,  0.425
  0.450,  0.222,  0.419
  0.455,  0.215,  0.417
  0.448,  0.223,  0.410
  0.453,  0.215,  0.408
  0.445,  0.223,  0.400
  0.451,  0.215,  0.399
  0.443,  0.222,  0.390
  0.449,  0.214,  0.390
  0.442,  0.221,  0.380
  0.447,  0.213,  0.381
  0.441,  0.219,  0.370
  0.446,  0.212,  0.372
  0.440,  0.217,  0.361
  0.446,  0.209,  0.363
  0.440,  0.214,  0.351
  0.445,  0.207,  0.354
  0.440,  0.211,  0.342
  0.446,  0.204,  0.345
  0.440,  0.207,  0.333
  0.446,  0.200,  0.336
  0.441,  0.203,  0.324
  0.447,  0.196,  0.328
  0.443,  0.198,  0.315
  0.448,  0.192,  0.320
  0.444,  0.193,  0.307
  0.450,  0.187,  0.312
  0.446,  0.187,  0.299
  0.452,  0.182,  0.305
  0.449,  0.181,  0.292
  0.454,  0.176,  0.298
  0.452,  0.175,  0.285
  0.457,  0.170,  0.292
  0.455,  0.168,  0.278
  0.460,  0.164,  0.286
  0.459,  0.161,  0.272
  0.463,  0.158,  0.280
  0.463,  0.154,  0.267
  0.467,  0.151,  0.276
  0.467,  0.147,  0.262
  0.471,  0.144,  0.271
  0.472,  0.139,  0.258
  0.475,  0.137,  0.267
  0.477,  0.131,  0.255
  0.480,  0.130,  0.264
  0.482,  0.124,  0.252
  0.485,  0.123,  0.262
  0.487,  0.116,  0.250
  0.489,  0.115,  0.260
  0.492,  0.108,  0.249
  0.494,  0.108,  0.259
  0.498,  0.100,  0.248
  0.500,  0.101,  0.258
  0.509,  0.100,  0.246
  0.511,  0.102,  0.256
  0.515,  0.093,  0.247
  0.516,  0.095,  0.257
  0.521,  0.085,  0.248
  0.522,  0.088,  0.258
  0.527,  0.078,  0.250
  0.528,  0.081,  0.260
  0.534,  0.071,  0.253
  0.533,  0.075,  0.262
  0.540,  0.065,  0.256
  0.539,  0.069,  0.265
  0.546,  0.058,  0.260
  0.544,  0.063,  0.269
  0.551,  0.052,  0.265
  0.550,  0.057,  0.273
  0.557,  0.046,  0.270
  0.555,  0.052,  0.278
  0.563,  0.041,  0.276
  0.560,  0.047,  0.284
  0.568,  0.036,  0.282
  0.565,  0.042,  0.290
  0.574,  0.032,  0.289
  0.570,  0.038,  0.296
  0.579,  0.028,  0.297
  0.575,  0.034,  0.303
  0.583,  0.024,  0.305
  0.579,  0.031,  0.310
  0.588,  0.021,  0.313
  0.584,  0.028,  0.318
  0.592,  0.018,  0.321
  0.588,  0.026,  0.326
  0.596,  0.016,  0.330
  0.591,  0.024,  0.334
  0.599,  0.015,  0.339
  0.594,  0.022,  0.343
  0.603,  0.014,  0.349
  0.597,  0.021,  0.351
  0.605,  0.013,  0.358
  0.600,  0.021,  0.360
  0.608,  0.013,  0.368
  0.602,  0.021,  0.369
  0.610,  0.014,  0.378
  0.604,  0.022,  0.378
  0.611,  0.015,  0.388
  0.605,  0.023,  0.387
  0.612,  0.017,  0.397
  0.606,  0.024,  0.396
  0.613,  0.019,  0.407
  0.607,  0.026,  0.405
  0.613,  0.022,  0.417
  0.607,  0.029,  0.414
  0.613,  0.025,  0.426
  0.607,  0.032,  0.423
  0.613,  0.029,  0.435
  0.607,  0.036,  0.432
  0.612,  0.033,  0.444
  0.606,  0.039,  0.440
  0.610,  0.038,  0.453
  0.604,  0.044,  0.448
  0.608,  0.043,  0.461
  0.603,  0.049,  0.456
  0.606,  0.049,  0.469
  0.601,  0.054,  0.463
  0.603,  0.054,  0.476
  0.598,  0.059,  0.470
  0.600,  0.061,  0.483
  0.595,  0.065,  0.476
  0.597,  0.067,  0.490
  0.592,  0.071,  0.482
  0.593,  0.074,  0.496
  0.589,  0.077,  0.488
  0.589,  0.081,  0.501
  0.585,  0.084,  0.493
  0.585,  0.088,  0.506
  0.581,  0.090,  0.497
  0.580,  0.095,  0.510
  0.576,  0.097,  0.501
  0.575,  0.103,  0.513
  0.572,  0.104,  0.504
  0.570,  0.111,  0.516
  0.567,  0.111,  0.507
  0.565,  0.118,  0.518
  0.562,  0.118,  0.509
  0.559,  0.126,  0.520
  0.557,  0.126,  0.510
  0.553,  0.134,  0.520
  0.551,  0.133,  0.511
  0.547,  0.141,  0.520
  0.546,  0.140,  0.511
  0.541,  0.149,  0.520
  0.540,  0.147,  0.510
  0.535,  0.156,  0.518
  0.535,  0.153,  0.509
  0.529,  0.163,  0.516
  0.529,  0.160,  0.507
  0.523,  0.170,  0.514
  0.524,  0.166,  0.504
  0.517,  0.177,  0.510
  0.518,  0.173,  0.501
  0.511,  0.183,  0.506
  0.512,  0.179,  0.498
  0.505,  0.189,  0.502
  0.507,  0.184,  0.493
  0.499,  0.195,  0.496
  0.502,  0.190,  0.488
  0.494,  0.200,  0.491
  0.496,  0.195,  0.483
  0.488,  0.205,  0.484
  0.491,  0.199,  0.477
  0.483,  0.210,  0.477
  0.486,  0.203,  0.471
  0.478,  0.214,  0.470
  0.482,  0.207,  0.464
  0.473,  0.217,  0.462
  0.477,  0.210,  0.456
  0.469,  0.220,  0.454
  0.473,  0.213,  0.449
  0.465,  0.223,  0.445
  0.469,  0.216,  0.441
  0.461,  0.225,  0.436
  0.466,  0.218,  0.433
  0.457,  0.227,  0.427
  0.462,  0.219,  0.424
  0.454,  0.228,  0.418
  0.459,  0.220,  0.415
  0.451,  0.228,  0.408
  0.457,  0.220,  0.406
  0.449,  0.228,  0.399
  0.455,  0.220,  0.397
  0.447,  0.227,  0.389
  0.453,  0.220,  0.388
  0.445,  0.226,  0.379
  0.451,  0.218,  0.379
  0.444,  0.224,  0.369
  0.450,  0.217,  0.370
  0.444,  0.222,  0.360
  0.450,  0.215,  0.361
  0.443,  0.219,  0.350
  0.449,  0.212,  0.352
  0.443,  0.216,  0.341
  0.450,  0.209,  0.344
  0.444,  0.212,  0.331
  0.450,  0.206,  0.335
  0.445,  0.208,  0.322
  0.451,  0.202,  0.327
  0.447,  0.203,  0.314
  0.452,  0.197,  0.319
  0.448,  0.198,  0.305
  0.454,  0.193,  0.311
  0.451,  0.193,  0.298
  0.456,  0.188,  0.304
  0.453,  0.187,  0.290
  0.459,  0.182,  0.297
  0.456,  0.181,  0.283
  0.461,  0.176,  0.290
  0.460,  0.174,  0.277
  0.465,  0.170,  0.284
  0.464,  0.167,  0.271
  0.468,  0.164,  0.279
  0.468,  0.160,  0.266
  0.472,  0.158,  0.274
  0.472,  0.153,  0.261
  0.476,  0.151,  0.270
  0.477,  0.146,  0.257
  0.480,  0.144,  0.266
  0.482,  0.138,  0.253
  0.485,  0.137,  0.263
  0.487,  0.131,  0.250
  0.490,  0.130,  0.260
  0.492,  0.123,  0.248
  0.495,  0.123,  0.258
  0.498,  0.115,  0.247
  0.500,  0.116,  0.257
  0.504,  0.108,  0.246
  0.505,  0.109,  0.256
  0.515,  0.108,  0.244
  0.517,  0.109,  0.254
  0.521,  0.101,  0.245
  0.522,  0.103,  0.254
  0.528,  0.094,  0.246
  0.528,  0.096,  0.256
  0.534,  0.087,  0.248
  0.534,  0.090,  0.258
  0.540,  0.080,  0.251
  0.540,  0.083,  0.260
  0.546,  0.073,  0.254
  0.545,  0.077,  0.263
  0.552,  0.067,  0.258
  0.551,  0.072,  0.267
  0.558,  0.061,  0.263
  0.557,  0.066,  0.271
  0.564,  0.056,  0.268
  0.562,  0.061,  0.276
  0.570,  0.051,  0.274
  0.567,  0.056,  0.281
  0.576,  0.046,  0.280
  0.573,  0.052,  0.287
  0.581,  0.041,  0.287
  0.578,  0.048,  0.294
  0.586,  0.038,  0.294
  0.582,  0.044,  0.300
  0.591,  0.034,  0.302
  0.587,  0.041,  0.308
  0.595,  0.031,  0.310
  0.591,  0.038,  0.315
  0.600,  0.029,  0.319
  0.595,  0.036,  0.323
  0.604,  0.027,  0.328
  0.599,  0.034,  0.331
  0.607,  0.025,  0.337
  0.602,  0.033,  0.340
  0.610,  0.024,  0.346
  0.605,  0.032,  0.349
  0.613,  0.024,  0.356
  0.608,  0.031,  0.357
  0.616,  0.024,  0.365
  0.610,  0.031,  0.366
  0.618,  0.025,  0.375
  0.612,  0.032,  0.376
  0.619,  0.026,  0.385
  0.613,  0.033,  0.385
  0.620,  0.028,  0.395
  0.614,  0.035,  0.394
  0.621,  0.030,  0.404
  0.615,  0.037,  0.403
  0.621,  0.033,  0.414
  0.615,  0.039,  0.412
  0.621,  0.036,  0.423
  0.615,  0.042,  0.420
  0.620,  0.040,  0.433
  0.614,  0.046,  0.429
  0.619,  0.044,  0.442
  0.613,  0.050,  0.437
  0.618,  0.048,  0.450
  0.612,  0.054,  0.445
  0.616,  0.053,  0.459
  0.610,  0.059,  0.453
  0.614,  0.059,  0.466
  0.608,  0.064,  0.460
  0.611,  0.064,  0.474
  0.605,  0.069,  0.467
  0.608,  0.070,  0.481
  0.602,  0.075,  0.474
  0.604,  0.077,  0.487
  0.599,  0.080,  0.480
  0.600,  0.083,  0.493
  0.596,  0.087,  0.485
  0.596,  0.090,  0.499
  0.592,  0.093,  0.490
  0.592,  0.097,  0.503
  0.587,  0.100,  0.495
  0.587,  0.105,  0.508
  0.583,  0.106,  0.499
  0.582,  0.112,  0.511
  0.578,  0.113,  0.502
  0.576,  0.119,  0.514
  0.573,  0.120,  0.504
  0.571,  0.127,  0.516
  0.568,  0.127,  0.506
  0.565,  0.134,  0.518
  0.563,  0.134,  0.508
  0.559,  0.142,  0.518
  0.557,  0.141,  0.509
  0.553,  0.149,  0.518
  0.552,  0.148,  0.509
  0.547,  0.156,  0.518
  0.546,  0.154,  0.508
  0.541,  0.163,  0.517
  0.540,  0.161,  0.507
  0.535,  0.170,  0.515
  0.535,  0.167,  0.505
  0.528,  0.177,  0.512
  0.529,  0.174,  0.503
  0.522,  0.184,  0.509
  0.523,  0.180,  0.499
  0.516,  0.190,  0.505
  0.517,  0.185,  0.496
  0.510,  0.196,  0.500
  0.512,  0.191,  0.492
  0.504,  0.201,  0.495
  0.506,  0.196,  0.487
  0.498,  0.206,  0.489
  0.501,  0.201,  0.481
  0.493,  0.211,  0.483
  0.496,  0.205,  0.475
  0.487,  0.216,  0.476
  0.491,  0.209,  0.469
  0.482,  0.219,  0.468
  0.486,  0.213,  0.462
  0.478,  0.223,  0.461
  0.482,  0.216,  0.455
  0.473,  0.226,  0.452
  0.477,  0.219,  0.447
  0.469,  0.228,  0.444
  0.473,  0.221,  0.439
  0.465,  0.230,  0.435
  0.470,  0.223,  0.431
  0.461,  0.232,  0.426
  0.466,  0.224,  0.423
  0.458,  0.233,  0.417
  0.463,  0.225,  0.414
  0.455,  0.233,  0.407
  0.461,  0.226,  0.405
  0.453,  0.233,  0.397
  0.459,  0.226,  0.396
  0.451,  0.232,  0.388
  0.457,  0.225,  0.387
  0.449,  0.231,  0.378
  0.455,  0.224,  0.378
  0.448,  0.229,  0.368
  0.454,  0.222,  0.369
  0.447,  0.227,  0.358
  0.454,  0.220,  0.360
  0.447,  0.224,  0.349
  0.453,  0.218,  0.351
  0.447,  0.221,  0.339
  0.454,  0.215,  0.342
  0.448,  0.217,  0.330
  0.454,  0.211,  0.334
  0.449,  0.213,  0.321
  0.455,  0.207,  0.325
  0.451,  0.209,  0.312
  0.456,  0.203,  0.317
  0.452,  0.204,  0.304
  0.458,  0.198,  0.310
  0.455,  0.198,  0.296
  0.460,  0.193,  0.302
  0.458,  0.193,  0.289
  0.463,  0.188,  0.295
  0.461,  0.187,  0.282
  0.466,  0.182,  0.289
  0.464,  0.180,  0.275
  0.469,  0.176,  0.283
  0.468,  0.174,  0.269
  0.473,  0.170,  0.277
  0.472,  0.167,  0.264
  0.477,  0.164,  0.272
  0.477,  0.160,  0.259
  0.481,  0.157,  0.268
  0.482,  0.152,  0.255
  0.485,  0.151,  0.264
  0.487,  0.145,  0.252
  0.490,  0.144,  0.261
  0.492,  0.138,  0.249
  0.495,  0.137,  0.258
  0.498,  0.130,  0.246
  0.500,  0.130,  0.256
  0.503,  0.123,  0.245
  0.506,  0.123,  0.255
  0.509,  0.115,  0.244
  0.511,  0.116,  0.254
  0.521,  0.116,  0.242
  0.522,  0.117,  0.252
  0.527,  0.109,  0.243
  0.528,  0.111,  0.252
  0.534,  0.102,  0.244
  0.534,  0.104,  0.254
  0.540,  0.095,  0.246
  0.540,  0.098,  0.255
  0.546,  0.089,  0.249
  0.546,  0.092,  0.258
  0.553,  0.082,  0.252
  0.552,  0.086,  0.261
  0.559,  0.076,  0.256
  0.558,  0.081,  0.265
  0.565,  0.071,  0.260
  0.563,  0.075,  0.269
  0.571,  0.065,  0.265
  0.569,  0.070,  0.274
  0.577,  0.060,  0.271
  0.574,  0.066,  0.279
  0.583,  0.056,  0.278
  0.580,  0.061,  0.285
  0.588,  0.051,  0.284
  0.585,  0.057,  0.291
  0.593,  0.048,  0.292
  0.590,  0.054,  0.298
  0.598,  0.044,  0.299
  0.594,  0.051,  0.305
  0.603,  0.041,  0.308
  0.599,  0.048,  0.313
  0.607,  0.039,  0.316
  0.603,  0.046,  0.321
  0.611,  0.037,  0.325
  0.606,  0.044,  0.329
  0.615,  0.036,  0.334
  0.610,  0.043,  0.337
  0.618,  0.035,  0.343
  0.613,  0.042,  0.346
  0.621,  0.035,  0.353
  0.615,  0.042,  0.355
  0.624,  0.035,  0.363
  0.618,  0.042,  0.364
  0.626,  0.035,  0.372
  0.619,  0.043,  0.373
  0.627,  0.037,  0.382
  0.621,  0.044,  0.382
  0.628,  0.038,  0.392
  0.622,  0.045,  0.391
  0.629,  0.041,  0.402
  0.623,  0.047,  0.400
  0.629,  0.043,  0.411
  0.623,  0.050,  0.409
  0.629,  0.046,  0.421
  0.623,  0.053,  0.418
  0.628,  0.050,  0.430
  0.622,  0.056,  0.426
  0.627,  0.054,  0.439
  0.621,  0.060,  0.435
  0.626,  0.059,  0.448
  0.619,  0.064,  0.443
  0.624,  0.064,  0.456
  0.618,  0.069,  0.450
  0.621,  0.069,  0.464
  0.615,  0.074,  0.458
  0.618,  0.074,  0.471
  0.613,  0.079,  0.465
  0.615,  0.080,  0.478
  0.610,  0.084,  0.471
  0.611,  0.087,  0.485
  0.606,  0.090,  0.477
  0.607,  0.093,  0.491
  0.603,  0.096,  0.483
  0.603,  0.100,  0.496
  0.599,  0.102,  0.488
  0.598,  0.107,  0.501
  0.594,  0.109,  0.492
  0.593,  0.114,  0.505
  0.590,  0.115,  0.496
  0.588,  0.121,  0.509
  0.585,  0.122,  0.500
  0.583,  0.128,  0.512
  0.580,  0.129,  0.502
  0.577,  0.135,  0.514
  0.574,  0.135,  0.504
  0.571,  0.142,  0.516
  0.569,  0.142,  0.506
  0.565,  0.150,  0.516
  0.563,  0.149,  0.507
  0.559,  0.157,  0.517
  0.558,  0.155,  0.507
  0.553,  0.164,  0.516
  0.552,  0.162,  0.506
  0.546,  0.171,  0.515
  0.546,  0.168,  0.505
  0.540,  0.178,  0.513
  0.540,  0.175,  0.503
  0.534,  0.184,  0.510
  0.534,  0.181,  0.501
  0.527,  0.190,  0.507
  0.528,  0.187,  0.498
  0.521,  0.196,  0.503
  0.522,  0.192,  0.494
  0.515,  0.202,  0.498
  0.517,  0.197,  0.490
  0.509,  0.208,  0.493
  0.511,  0.202,  0.485
  0.503,  0.213,  0.487
  0.506,  0.207,  0.480
  0.497,  0.217,  0.481
  0.500,  0.211,  0.474
  0.492,  0.221,  0.474
  0.495,  0.215,  0.468
  0.487,  0.225,  0.467
  0.490,  0.219,  0.461
  0.482,  0.229,  0.459
  0.486,  0.222,  0.454
  0.477,  0.231,  0.451
  0.482,  0.225,  0.446
  0.473,  0.234,  0.443
  0.477,  0.227,  0.438
  0.469,  0.236,  0.434
  0.474,  0.229,  0.430
  0.465,  0.237,  0.425
  0.470,  0.230,  0.421
  0.462,  0.238,  0.415
  0.467,  0.231,  0.413
  0.459,  0.238,  0.406
  0.465,  0.231,  0.404
  0.457,  0.238,  0.396
  0.462,  0.231,  0.395
  0.455,  0.237,  0.386
  0.461,  0.230,  0.386
  0.453,  0.236,  0.376
  0.459,  0.229,  0.377
  0.452,  0.234,  0.367
  0.458,  0.227,  0.368
  0.451,  0.232,  0.357
  0.457,  0.225,  0.359
  0.451,  0.230,  0.347
  0.457,  0.223,  0.350
  0.451,  0.226,  0.338
  0.457,  0.220,  0.341
  0.452,  0.223,  0.329
  0.458,  0.217,  0.332
  0.453,  0.219,  0.320
  0.459,  0.213,  0.324
  0.455,  0.214,  0.311
  0.461,  0.209,  0.316
  0.457,  0.209,  0.303
  0.462,  0.204,  0.308
  0.459,  0.204,  0.295
  0.465,  0.199,  0.301
  0.462,  0.198,  0.287
  0.467,  0.194,  0.294
  0.465,  0.192,  0.280
  0.470,  0.188,  0.287
  0.469,  0.186,  0.274
  0.474,  0.183,  0.281
  0.473,  0.180,  0.268
  0.477,  0.177,  0.276
  0.477,  0.173,  0.262
  0.482,  0.170,  0.271
  0.482,  0.166,  0.258
  0.486,  0.164,  0.266
  0.487,  0.159,  0.253
  0.490,  0.158,  0.262
  0.492,  0.152,  0.250
  0.495,  0.151,  0.259
  0.497,  0.145,  0.247
  0.500,  0.144,  0.256
  0.503,  0.138,  0.245
  0.506,  0.137,  0.254
  0.509,  0.130,  0.243
  0.511,  0.131,  0.253
  0.515,  0.123,  0.242
  0.517,  0.124,  0.252
  0.527,  0.124,  0.240
  0.528,  0.125,  0.250
  0.533,  0.117,  0.241
  0.534,  0.119,  0.250
  0.540,  0.110,  0.242
  0.540,  0.113,  0.252
  0.546,  0.104,  0.244
  0.546,  0.107,  0.253
  0.553,  0.097,  0.246
  0.552,  0.101,  0.256
  0.559,  0.091,  0.250
  0.558,  0.095,  0.259
  0.566,  0.085,  0.253
  0.564,  0.090,  0.262
  0.572,  0.080,  0.258
  0.570,  0.084,  0.267
  0.578,  0.075,  0.263
  0.576,  0.080,  0.271
  0.584,  0.070,  0.269
  0.581,  0.075,  0.277
  0.590,  0.065,  0.275
  0.587,  0.071,  0.282
  0.595,  0.061,  0.282
  0.592,  0.067,  0.289
  0.601,  0.058,  0.289
  0.597,  0.064,  0.295
  0.606,  0.054,  0.297
  0.602,  0.061,  0.303
  0.611,  0.052,  0.305
  0.606,  0.058,  0.310
  0.615,  0.049,  0.314
  0.610,  0.056,  0.318
  0.619,  0.048,  0.322
  0.614,  0.054,  0.326
  0.623,  0.046,  0.331
  0.617,  0.053,  0.335
  0.626,  0.045,  0.341
  0.620,  0.053,  0.343
  0.629,  0.045,  0.350
  0.623,  0.052,  0.352
  0.631,  0.045,  0.360
  0.625,  0.052,  0.361
  0.633,  0.046,  0.370
  0.627,  0.053,  0.370
  0.635,  0.047,  0.380
  0.629,  0.054,  0.379
  0.636,  0.049,  0.389
  0.630,  0.056,  0.388
  0.637,  0.051,  0.399
  0.630,  0.058,  0.397
  0.637,  0.054,  0.409
  0.630,  0.060,  0.406
  0.637,  0.057,  0.418
  0.630,  0.063,  0.415
  0.636,  0.061,  0.427
  0.630,  0.067,  0.424
  0.635,  0.065,  0.436
  0.628,  0.070,  0.432
  0.633,  0.069,  0.445
  0.627,  0.074,  0.440
  0.631,  0.074,  0.453
  0.625,  0.079,  0.448
  0.629,  0.079,  0.461
  0.623,  0.084,  0.455
  0.626,  0.084,  0.469
  0.620,  0.089,  0.462
  0.622,  0.090,  0.476
  0.617,  0.094,  0.469
  0.619,  0.096,  0.482
  0.613,  0.100,  0.475
  0.614,  0.103,  0.488
  0.610,  0.106,  0.481
  0.610,  0.109,  0.494
  0.605,  0.112,  0.486
  0.605,  0.116,  0.499
  0.601,  0.118,  0.490
  0.600,  0.123,  0.503
  0.596,  0.124,  0.494
  0.595,  0.130,  0.507
  0.591,  0.131,  0.497
  0.589,  0.137,  0.510
  0.586,  0.137,  0.500
  0.583,  0.144,  0.512
  0.581,  0.144,  0.502
  0.577,  0.151,  0.513
  0.575,  0.150,  0.504
  0.571,  0.158,  0.514
  0.569,  0.157,  0.505
  0.565,  0.165,  0.515
  0.563,  0.163,  0.505
  0.558,  0.172,  0.514
  0.557,  0.170,  0.504
  0.552,  0.178,  0.513
  0.551,  0.176,  0.503
  0.545,  0.185,  0.511
  0.545,  0.182,  0.501
  0.539,  0.191,  0.508
  0.539,  0.188,  0.499
  0.532,  0.197,  0.505
  0.533,  0.194,  0.496
  0.526,  0.203,  0.501
  0.527,  0.199,  0.492
  0.520,  0.209,  0.497
  0.522,  0.204,  0.488
  0.514,  0.214,  0.492
  0.516,  0.209,  0.483
  0.508,  0.219,  0.486
  0.510,  0.213,  0.478
  0.502,  0.223,  0.480
  0.505,  0.218,  0.472
  0.496,  0.227,  0.473
  0.500,  0.221,  0.466
  0.491,  0.231,  0.466
  0.495,  0.225,  0.459
  0.486,  0.234,  0.458
  0.490,  0.228,  0.452
  0.481,  0.237,  0.450
  0.486,  0.230,  0.445
  0.477,  0.239,  0.441
  0.482,  0.232,  0.437
  0.473,  0.241,  0.432
  0.478,  0.234,  0.428
  0.469,  0.242,  0.423
  0.474,  0.235,  0.420
  0.466,  0.243,  0.414
  0.471,  0.236,  0.411
  0.463,  0.243,  0.404
  0.469,  0.236,  0.402
  0.460,  0.243,  0.395
  0.466,  0.236,  0.393
  0.458,  0.242,  0.385
  0.465,  0.235,  0.384
  0.457,  0.241,  0.375
  0.463,  0.234,  0.375
  0.456,  0.240,  0.365
  0.462,  0.233,  0.366
  0.455,  0.237,  0.356
  0.461,  0.231,  0.357
  0.455,  0.235,  0.346
  0.461,  0.228,  0.348
  0.455,  0.232,  0.337
  0.461,  0.225,  0.340
  0.456,  0.228,  0.327
  0.462,  0.222,  0.331
  0.457,  0.224,  0.318
  0.463,  0.218,  0.323
  0.459,  0.220,  0.310
  0.465,  0.214,  0.315
  0.461,  0.215,  0.301
  0.467,  0.210,  0.307
  0.463,  0.210,  0.293
  0.469,  0.205,  0.299
  0.466,  0.204,  0.286
  0.472,  0.200,  0.292
  0.469,  0.198,  0.279
  0.475,  0.194,  0.286
  0.473,  0.192,  0.272
  0.478,  0.189,  0.280
  0.477,  0.186,  0.266
  0.482,  0.183,  0.274
  0.482,  0.179,  0.261
  0.486,  0.177,  0.269
  0.486,  0.173,  0.256
  0.491,  0.171,  0.265
  0.492,  0.166,  0.252
  0.495,  0.164,  0.261
  0.497,  0.159,  0.248
  0.500,  0.158,  0.257
  0.503,  0.152,  0.245
  0.506,  0.151,  0.255
  0.508,  0.145,  0.243
  0.511,  0.145,  0.252
  0.514,  0.138,  0.241
  0.517,  0.138,  0.251
  0.521,  0.131,  0.240
  0.522,  0.132,  0.250
  0.533,  0.132,  0.238
  0.534,  0.133,  0.248
  0.539,  0.125,  0.239
  0.540,  0.127,  0.248
  0.546,  0.118,  0.240
  0.546,  0.121,  0.249
  0.553,  0.112,  0.242
  0.552,  0.115,  0.251
  0.559,  0.106,  0.244
  0.559,  0.109,  0.254
  0.566,  0.100,  0.247
  0.565,  0.104,  0.256
  0.572,  0.094,  0.251
  0.571,  0.099,  0.260
  0.579,  0.089,  0.256
  0.577,  0.094,  0.264
  0.585,  0.084,  0.261
  0.583,  0.089,  0.269
  0.591,  0.079,  0.266
  0.588,  0.085,  0.274
  0.597,  0.075,  0.273
  0.594,  0.081,  0.280
  0.603,  0.071,  0.279
  0.599,  0.077,  0.286
  0.608,  0.068,  0.287
  0.604,  0.074,  0.293
  0.613,  0.064,  0.294
  0.609,  0.071,  0.300
  0.618,  0.062,  0.302
  0.613,  0.068,  0.308
  0.623,  0.060,  0.311
  0.618,  0.066,  0.316
  0.627,  0.058,  0.320
  0.621,  0.065,  0.324
  0.631,  0.057,  0.329
  0.625,  0.064,  0.332
  0.634,  0.056,  0.338
  0.628,  0.063,  0.341
  0.637,  0.056,  0.348
  0.631,  0.063,  0.350
  0.639,  0.056,  0.357
  0.633,  0.063,  0.359
  0.641,  0.057,  0.367
  0.635,  0.064,  0.368
  0.643,  0.058,  0.377
  0.636,  0.065,  0.377
  0.644,  0.060,  0.387
  0.637,  0.066,  0.386
  0.645,  0.062,  0.396
  0.638,  0.068,  0.395
  0.645,  0.065,  0.406
  0.638,  0.071,  0.404
  0.645,  0.068,  0.415
  0.638,  0.074,  0.413
  0.644,  0.071,  0.425
  0.637,  0.077,  0.421
  0.643,  0.075,  0.434
  0.636,  0.081,  0.430
  0.641,  0.079,  0.442
  0.634,  0.085,  0.438
  0.639,  0.084,  0.451
  0.632,  0.089,  0.445
  0.636,  0.089,  0.459
  0.630,  0.094,  0.453
  0.633,  0.094,  0.466
  0.627,  0.099,  0.460
  0.630,  0.100,  0.473
  0.624,  0.104,  0.466
  0.626,  0.106,  0.480
  0.620,  0.109,  0.473
  0.621,  0.112,  0.486
  0.617,  0.115,  0.478
  0.617,  0.118,  0.492
  0.612,  0.121,  0.483
  0.612,  0.125,  0.496
  0.608,  0.127,  0.488
  0.607,  0.132,  0.501
  0.603,  0.133,  0.492
  0.601,  0.138,  0.504
  0.598,  0.139,  0.495
  0.596,  0.145,  0.507
  0.592,  0.146,  0.498
  0.590,  0.152,  0.510
  0.587,  0.152,  0.500
  0.583,  0.159,  0.511
  0.581,  0.159,  0.502
  0.577,  0.166,  0.512
  0.575,  0.165,  0.503
  0.571,  0.173,  0.513
  0.569,  0.171,  0.503
  0.564,  0.179,  0.512
  0.563,  0.177,  0.502
  0.557,  0.186,  0.511
  0.557,  0.183,  0.501
  0.551,  0.192,  0.509
  0.551,  0.189,  0.500
  0.544,  0.198,  0.507
  0.545,  0.195,  0.497
  0.538,  0.204,  0.503
  0.539,  0.201,  0.494
  0.531,  0.210,  0.500
  0.532,  0.206,  0.491
  0.525,  0.215,  0.495
  0.526,  0.211,  0.487
  0.518,  0.220,  0.490
  0.521,  0.215,  0.482
  0.512,  0.225,  0.484
  0.515,  0.220,  0.477
  0.506,  0.229,  0.478
  0.509,  0.224,  0.471
  0.501,  0.233,  0.471
  0.504,  0.227,  0.464
  0.495,  0.237,  0.464
  0.499,  0.231,  0.458
  0.490,  0.240,  0.456
  0.494,  0.234,  0.451
  0.485,  0.242,  0.448
  0.490,  0.236,  0.443
  0.481,  0.245,  0.440
  0.486,  0.238,  0.435
  0.477,  0.246,  0.431
  0.482,  0.240,  0.427
  0.473,  0.248,  0.422
  0.478,  0.241,  0.419
  0.469,  0.248,  0.413
  0.475,  0.241,  0.410
  0.467,  0.249,  0.403
  0.473,  0.242,  0.401
  0.464,  0.248,  0.393
  0.470,  0.241,  0.392
  0.462,  0.248,  0.384
  0.468,  0.241,  0.383
  0.460,  0.246,  0.374
  0.467,  0.240,  0.374
  0.459,  0.245,  0.364
  0.466,  0.238,  0.365
  0.459,  0.242,  0.354
  0.465,  0.236,  0.356
  0.458,  0.240,  0.345
  0.465,  0.234,  0.347
  0.459,  0.237,  0.335
  0.465,  0.231,  0.338
  0.460,  0.233,  0.326
  0.466,  0.227,  0.330
  0.461,  0.229,  0.317
  0.467,  0.224,  0.321
  0.463,  0.225,  0.308
  0.469,  0.220,  0.313
  0.465,  0.220,  0.300
  0.471,  0.215,  0.305
  0.467,  0.215,  0.292
  0.473,  0.211,  0.298
  0.470,  0.210,  0.284
  0.476,  0.206,  0.291
  0.474,  0.204,  0.277
  0.479,  0.201,  0.284
  0.478,  0.198,  0.271
  0.483,  0.195,  0.278
  0.482,  0.192,  0.265
  0.487,  0.189,  0.273
  0.486,  0.186,  0.259
  0.491,  0.183,  0.267
  0.491,  0.179,  0.254
  0.496,  0.177,  0.263
  0.497,  0.173,  0.250
  0.500,  0.171,  0.259
  0.502,  0.166,  0.246
  0.506,  0.165,  0.256
  0.508,  0.159,  0.243
  0.511,  0.159,  0.253
  0.514,  0.152,  0.241
  0.516,  0.152,  0.251
  0.520,  0.145,  0.239
  0.522,  0.146,  0.249
  0.526,  0.138,  0.238
  0.528,  0.139,  0.248
  0.539,  0.140,  0.236
  0.540,  0.141,  0.246
  0.545,  0.133,  0.237
  0.546,  0.135,  0.246
  0.552,  0.127,  0.238
  0.552,  0.129,  0.247
  0.559,  0.121,  0.239
  0.559,  0.123,  0.249
  0.566,  0.115,  0.242
  0.565,  0.118,  0.251
  0.572,  0.109,  0.245
  0.571,  0.113,  0.254
  0.579,  0.103,  0.249
  0.577,  0.107,  0.258
  0.586,  0.098,  0.253
  0.584,  0.103,  0.262
  0.592,  0.093,  0.258
  0.590,  0.098,  0.267
  0.598,  0.089,  0.264
  0.595,  0.094,  0.272
  0.604,  0.085,  0.270
  0.601,  0.090,  0.278
  0.610,  0.081,  0.277
  0.606,  0.087,  0.284
  0.616,  0.078,  0.284
  0.611,  0.083,  0.290
  0.621,  0.075,  0.292
  0.616,  0.081,  0.298
  0.626,  0.072,  0.300
  0.621,  0.078,  0.305
  0.630,  0.070,  0.308
  0.625,  0.076,  0.313
  0.634,  0.068,  0.317
  0.629,  0.075,  0.321
  0.638,  0.067,  0.326
  0.633,  0.074,  0.330
  0.642,  0.067,  0.335
  0.636,  0.073,  0.338
  0.645,  0.066,  0.345
  0.638,  0.073,  0.347
  0.647,  0.067,  0.355
  0.641,  0.073,  0.356
  0.649,  0.067,  0.364
  0.643,  0.074,  0.365
  0.651,  0.069,  0.374
  0.644,  0.075,  0.374
  0.652,  0.070,  0.384
  0.645,  0.077,  0.383
  0.653,  0.073,  0.394
  0.646,  0.079,  0.392
  0.653,  0.075,  0.403
  0.646,  0.081,  0.401
  0.652,  0.078,  0.413
  0.646,  0.084,  0.410
  0.652,  0.082,  0.422
  0.645,  0.087,  0.419
  0.650,  0.085,  0.431
  0.644,  0.091,  0.427
  0.648,  0.090,  0.440
  0.642,  0.095,  0.435
  0.646,  0.094,  0.448
  0.640,  0.099,  0.443
  0.644,  0.099,  0.456
  0.637,  0.104,  0.450
  0.640,  0.104,  0.464
  0.634,  0.108,  0.457
  0.637,  0.110,  0.471
  0.631,  0.114,  0.464
  0.633,  0.116,  0.478
  0.628,  0.119,  0.470
  0.629,  0.122,  0.484
  0.623,  0.124,  0.476
  0.624,  0.128,  0.489
  0.619,  0.130,  0.481
  0.619,  0.134,  0.494
  0.614,  0.136,  0.486
  0.613,  0.141,  0.498
  0.609,  0.142,  0.490
  0.608,  0.147,  0.502
  0.604,  0.148,  0.493
  0.602,  0.154,  0.505
  0.599,  0.154,  0.496
  0.596,  0.161,  0.508
  0.593,  0.161,  0.498
  0.590,  0.167,  0.509
  0.587,  0.167,  0.500
  0.583,  0.174,  0.510
  0.581,  0.173,  0.500
  0.576,  0.181,  0.511
  0.575,  0.179,  0.501
  0.570,  0.187,  0.510
  0.569,  0.185,  0.500
  0.563,  0.193,  0.509
  0.563,  0.191,  0.499
  0.556,  0.199,  0.507
  0.556,  0.197,  0.498
  0.549,  0.205,  0.505
  0.550,  0.202,  0.495
  0.543,  0.211,  0.502
  0.544,  0.208,  0.492
  0.536,  0.217,  0.498
  0.537,  0.213,  0.489
  0.529,  0.222,  0.493
  0.531,  0.217,  0.485
  0.523,  0.227,  0.488
  0.525,  0.222,  0.480
  0.517,  0.231,  0.483
  0.520,  0.226,  0.475
  0.511,  0.235,  0.477
  0.514,  0.230,  0.469
  0.505,  0.239,  0.470
  0.509,  0.233,  0.463
  0.499,  0.242,  0.463
  0.504,  0.237,  0.456
  0.494,  0.245,  0.455
  0.499,  0.239,  0.449
  0.489,  0.248,  0.447
  0.494,  0.242,  0.442
  0.485,  0.250,  0.438
  0.490,  0.244,  0.434
  0.480,  0.252,  0.430
  0.486,  0.245,  0.426
  0.477,  0.253,  0.421
  0.482,  0.246,  0.417
  0.473,  0.253,  0.411
  0.479,  0.247,  0.409
  0.470,  0.254,  0.402
  0.477,  0.247,  0.400
  0.468,  0.253,  0.392
  0.474,  0.247,  0.391
  0.466,  0.253,  0.382
  0.472,  0.246,  0.382
  0.464,  0.251,  0.373
  0.471,  0.245,  0.373
  0.463,  0.250,  0.363
  0.470,  0.243,  0.364
  0.462,  0.248,  0.353
  0.469,  0.241,  0.355
  0.462,  0.245,  0.343
  0.469,  0.239,  0.346
  0.463,  0.242,  0.334
  0.469,  0.236,  0.337
  0.463,  0.238,  0.325
  0.470,  0.233,  0.328
  0.465,  0.235,  0.316
  0.471,  0.229,  0.320
  0.467,  0.230,  0.307
  0.473,  0.225,  0.312
  0.469,  0.226,  0.299
  0.475,  0.221,  0.304
  0.471,  0.221,  0.291
  0.478,  0.217,  0.296
  0.475,  0.216,  0.283
  0.480,  0.212,  0.289
  0.478,  0.210,  0.276
  0.484,  0.207,  0.283
  0.482,  0.204,  0.269
  0.487,  0.201,  0.277
  0.486,  0.198,  0.263
  0.491,  0.196,  0.271
  0.491,  0.192,  0.258
  0.496,  0.190,  0.266
  0.496,  0.186,  0.253
  0.501,  0.184,  0.261
  0.501,  0.179,  0.248
  0.505,  0.178,  0.257
  0.507,  0.173,  0.245
  0.511,  0.172,  0.254
  0.513,  0.166,  0.242
  0.516,  0.166,  0.251
  0.519,  0.159,  0.239
  0.522,  0.159,  0.249
  0.525,  0.153,  0.237
  0.528,  0.153,  0.247
  0.532,  0.146,  0.236
  0.534,  0.147,  0.246
  0.544,  0.147,  0.234
  0.546,  0.149,  0.244
  0.551,  0.141,  0.235
  0.552,  0.143,  0.244
  0.558,  0.135,  0.236
  0.558,  0.137,  0.245
  0.565,  0.129,  0.237
  0.565,  0.132,  0.247
  0.572,  0.123,  0.240
  0.571,  0.127,  0.249
  0.579,  0.118,  0.243
  0.578,  0.121,  0.252
  0.586,  0.113,  0.247
  0.584,  0.116,  0.256
  0.592,  0.108,  0.251
  0.590,  0.112,  0.260
  0.599,  0.103,  0.256
  0.596,  0.107,  0.264
  0.605,  0.098,  0.262
  0.602,  0.103,  0.269
  0.611,  0.094,  0.268
  0.608,  0.100,  0.275
  0.617,  0.091,  0.274
  0.613,  0.096,  0.281
  0.623,  0.088,  0.282
  0.619,  0.093,  0.288
  0.628,  0.085,  0.289
  0.624,  0.091,  0.295
  0.633,  0.082,  0.297
  0.628,  0.088,  0.303
  0.638,  0.080,  0.306
  0.633,  0.087,  0.310
  0.642,  0.079,  0.314
  0.637,  0.085,  0.319
  0.646,  0.078,  0.324
  0.640,  0.084,  0.327
  0.649,  0.077,  0.333
  0.643,  0.084,  0.336
  0.652,  0.077,  0.342
  0.646,  0.084,  0.344
  0.655,  0.077,  0.352
  0.648,  0.084,  0.353
  0.657,  0.078,  0.362
  0.650,  0.085,  0.362
  0.659,  0.079,  0.371
  0.652,  0.086,  0.371
  0.660,  0.081,  0.381
  0.653,  0.087,  0.381
  0.660,  0.083,  0.391
  0.653,  0.089,  0.390
  0.661,  0.086,  0.401
  0.654,  0.092,  0.399
  0.660,  0.089,  0.410
  0.653,  0.094,  0.407
  0.659,  0.092,  0.419
  0.652,  0.098,  0.416
  0.658,  0.096,  0.428
  0.651,  0.101,  0.424
  0.656,  0.100,  0.437
  0.649,  0.105,  0.432
  0.654,  0.105,  0.446
  0.647,  0.109,  0.440
  0.651,  0.109,  0.454
  0.645,  0.114,  0.448
  0.648,  0.114,  0.461
  0.642,  0.118,  0.455
  0.644,  0.120,  0.468
  0.638,  0.123,  0.462
  0.640,  0.125,  0.475
  0.635,  0.128,  0.468
  0.636,  0.131,  0.481
  0.630,  0.134,  0.473
  0.631,  0.137,  0.487
  0.626,  0.140,  0.479
  0.626,  0.143,  0.492
  0.621,  0.145,  0.483
  0.620,  0.150,  0.496
  0.616,  0.151,  0.487
  0.614,  0.156,  0.500
  0.611,  0.157,  0.491
  0.608,  0.163,  0.503
  0.605,  0.163,  0.494
  0.602,  0.169,  0.505
  0.599,  0.169,  0.496
  0.596,  0.176,  0.507
  0.593,  0.175,  0.497
  0.589,  0.182,  0.508
  0.587,  0.181,  0.498
  0.582,  0.188,  0.509
  0.581,  0.187,  0.499
  0.575,  0.195,  0.508
  0.575,  0.193,  0.498
  0.568,  0.201,  0.507
  0.568,  0.198,  0.497
  0.562,  0.207,  0.505
  0.562,  0.204,  0.496
  0.555,  0.213,  0.503
  0.555,  0.209,  0.494
  0.548,  0.218,  0.500
  0.549,  0.214,  0.491
  0.541,  0.223,  0.496
  0.543,  0.219,  0.487
  0.534,  0.228,  0.492
  0.536,  0.224,  0.483
  0.528,  0.233,  0.487
  0.530,  0.228,  0.479
  0.521,  0.237,  0.481
  0.524,  0.232,  0.473
  0.515,  0.241,  0.475
  0.519,  0.236,  0.468
  0.509,  0.245,  0.468
  0.513,  0.240,  0.461
  0.504,  0.248,  0.461
  0.508,  0.243,  0.455
  0.498,  0.251,  0.454
  0.503,  0.245,  0.448
  0.493,  0.253,  0.446
  0.498,  0.247,  0.440
  0.489,  0.255,  0.437
  0.494,  0.249,  0.432
  0.484,  0.257,  0.428
  0.490,  0.251,  0.424
  0.481,  0.258,  0.419
  0.486,  0.252,  0.416
  0.477,  0.259,  0.410
  0.483,  0.252,  0.407
  0.474,  0.259,  0.400
  0.480,  0.252,  0.398
  0.472,  0.258,  0.391
  0.478,  0.252,  0.389
  0.470,  0.258,  0.381
  0.476,  0.251,  0.380
  0.468,  0.256,  0.371
  0.475,  0.250,  0.371
  0.467,  0.255,  0.362
  0.474,  0.249,  0.362
  0.466,  0.253,  0.352
  0.473,  0.247,  0.353
  0.466,  0.250,  0.342
  0.473,  0.244,  0.344
  0.466,  0.247,  0.333
  0.473,  0.241,  0.335
  0.467,  0.244,  0.323
  0.474,  0.238,  0.327
  0.469,  0.240,  0.314
  0.475,  0.235,  0.318
  0.470,  0.236,  0.306
  0.477,  0.231,  0.310
  0.473,  0.231,  0.297
  0.479,  0.227,  0.302
  0.476,  0.226,  0.289
  0.482,  0.222,  0.295
  0.479,  0.221,  0.282
  0.485,  0.218,  0.288
  0.482,  0.216,  0.274
  0.488,  0.213,  0.281
  0.487,  0.210,  0.268
  0.492,  0.207,  0.275
  0.491,  0.205,  0.262
  0.496,  0.202,  0.269
  0.496,  0.199,  0.256
  0.501,  0.196,  0.264
  0.501,  0.192,  0.251
  0.505,  0.191,  0.260
  0.506,  0.186,  0.247
  0.511,  0.185,  0.255
  0.512,  0.180,  0.243
  0.516,  0.179,  0.252
  0.518,  0.173,  0.240
  0.521,  0.173,  0.249
  0.525,  0.167,  0.237
  0.527,  0.167,  0.247
  0.531,  0.160,  0.236
  0.533,  0.161,  0.245
  0.538,  0.154,  0.235
  0.539,  0.155,  0.244
  0.550,  0.155,  0.232
  0.552,  0.157,  0.242
  0.557,  0.149,  0.233
  0.558,  0.151,  0.242
  0.564,  0.143,  0.234
  0.565,  0.146,  0.243
  0.571,  0.138,  0.235
  0.571,  0.140,  0.245
  0.578,  0.132,  0.238
  0.578,  0.135,  0.247
  0.585,  0.127,  0.241
  0.584,  0.130,  0.250
  0.592,  0.122,  0.244
  0.591,  0.125,  0.253
  0.599,  0.117,  0.249
  0.597,  0.121,  0.257
  0.606,  0.112,  0.254
  0.603,  0.117,  0.262
  0.612,  0.108,  0.259
  0.609,  0.113,  0.267
  0.619,  0.104,  0.265
  0.615,  0.109,  0.273
  0.625,  0.101,  0.272
  0.621,  0.106,  0.279
  0.630,  0.098,  0.279
  0.626,  0.103,  0.286
  0.636,  0.095,  0.287
  0.631,  0.101,  0.293
  0.641,  0.093,  0.295
  0.636,  0.099,  0.300
  0.646,  0.091,  0.303
  0.640,  0.097,  0.308
  0.650,  0.089,  0.312
  0.644,  0.096,  0.316
  0.654,  0.088,  0.321
  0.648,  0.095,  0.324
  0.657,  0.088,  0.330
  0.651,  0.094,  0.333
  0.660,  0.088,  0.340
  0.654,  0.094,  0.342
  0.663,  0.088,  0.349
  0.656,  0.094,  0.351
  0.665,  0.089,  0.359
  0.658,  0.095,  0.360
  0.667,  0.090,  0.369
  0.660,  0.096,  0.369
  0.668,  0.092,  0.379
  0.661,  0.098,  0.378
  0.668,  0.094,  0.388
  0.661,  0.100,  0.387
  0.668,  0.096,  0.398
  0.661,  0.102,  0.396
  0.668,  0.099,  0.407
  0.661,  0.105,  0.405
  0.667,  0.103,  0.417
  0.660,  0.108,  0.413
  0.666,  0.106,  0.426
  0.659,  0.111,  0.422
  0.664,  0.110,  0.435
  0.657,  0.115,  0.430
  0.661,  0.115,  0.443
  0.655,  0.119,  0.438
  0.658,  0.119,  0.451
  0.652,  0.124,  0.445
  0.655,  0.124,  0.459
  0.649,  0.128,  0.452
  0.651,  0.130,  0.466
  0.646,  0.133,  0.459
  0.647,  0.135,  0.473
  0.642,  0.138,  0.465
  0.643,  0.141,  0.479
  0.637,  0.143,  0.471
  0.638,  0.147,  0.484
  0.633,  0.149,  0.476
  0.632,  0.153,  0.490
  0.628,  0.154,  0.481
  0.627,  0.159,  0.494
  0.623,  0.160,  0.485
  0.621,  0.165,  0.498
  0.617,  0.166,  0.489
  0.615,  0.171,  0.501
  0.611,  0.172,  0.491
  0.608,  0.178,  0.503
  0.606,  0.177,  0.494
  0.602,  0.184,  0.505
  0.599,  0.183,  0.495
  0.595,  0.190,  0.506
  0.593,  0.189,  0.496
  0.588,  0.196,  0.507
  0.587,  0.195,  0.497
  0.581,  0.202,  0.506
  0.580,  0.200,  0.497
  0.574,  0.208,  0.505
  0.574,  0.206,  0.496
  0.567,  0.214,  0.504
  0.567,  0.211,  0.494
  0.560,  0.220,  0.501
  0.560,  0.216,  0.492
  0.553,  0.225,  0.498
  0.554,  0.221,  0.489
  0.546,  0.230,  0.494
  0.548,  0.226,  0.486
  0.539,  0.235,  0.490
  0.541,  0.231,  0.482
  0.532,  0.239,  0.485
  0.535,  0.235,  0.477
  0.526,  0.244,  0.480
  0.529,  0.239,  0.472
  0.520,  0.247,  0.474
  0.523,  0.242,  0.466
  0.514,  0.251,  0.467
  0.518,  0.246,  0.460
  0.508,  0.254,  0.460
  0.512,  0.248,  0.453
  0.502,  0.257,  0.452
  0.507,  0.251,  0.446
  0.497,  0.259,  0.444
  0.502,  0.253,  0.439
  0.493,  0.261,  0.436
  0.498,  0.255,  0.431
  0.488,  0.262,  0.427
  0.494,  0.256,  0.423
  0.484,  0.263,  0.418
  0.490,  0.257,  0.414
  0.481,  0.264,  0.409
  0.487,  0.258,  0.406
  0.478,  0.264,  0.399
  0.484,  0.258,  0.397
  0.475,  0.264,  0.390
  0.482,  0.257,  0.388
  0.473,  0.263,  0.380
  0.480,  0.257,  0.379
  0.472,  0.262,  0.370
  0.479,  0.255,  0.370
  0.471,  0.260,  0.360
  0.478,  0.254,  0.361
  0.470,  0.258,  0.351
  0.477,  0.252,  0.352
  0.470,  0.255,  0.341
  0.477,  0.250,  0.343
  0.470,  0.252,  0.331
  0.477,  0.247,  0.334
  0.471,  0.249,  0.322
  0.478,  0.244,  0.325
  0.473,  0.245,  0.313
  0.479,  0.240,  0.317
  0.474,  0.241,  0.304
  0.481,  0.237,  0.309
  0.477,  0.237,  0.296
  0.483,  0.232,  0.301
  0.480,  0.232,  0.288
  0.486,  0.228,  0.294
  0.483,  0.227,  0.280
  0.489,  0.223,  0.286
  0.487,  0.222,  0.273
  0.493,  0.219,  0.280
  0.491,  0.216,  0.266
  0.497,  0.214,  0.274
  0.496,  0.211,  0.260
  0.501,  0.208,  0.268
  0.500,  0.205,  0.254
  0.505,  0.203,  0.263
  0.506,  0.199,  0.249
  0.510,  0.197,  0.258
  0.511,  0.193,  0.245
  0.516,  0.192,  0.254
  0.517,  0.187,  0.241
  0.521,  0.186,  0.250
  0.523,  0.180,  0.238
  0.527,  0.180,  0.247
  0.530,  0.174,  0.235
  0.533,  0.174,  0.245
  0.536,  0.168,  0.234
  0.539,  0.168,  0.243
  0.543,  0.161,  0.233
  0.545,  0.162,  0.242
  0.556,  0.163,  0.230
  0.557,  0.165,  0.240
  0.563,  0.157,  0.230
  0.564,  0.159,  0.240
  0.570,  0.152,  0.231
  0.571,  0.154,  0.241
  0.578,  0.146,  0.233
  0.577,  0.149,  0.243
  0.585,  0.141,  0.235
  0.584,  0.144,  0.245
  0.592,  0.136,  0.238
  0.591,  0.139,  0.248
  0.599,  0.131,  0.242
  0.597,  0.134,  0.251
  0.606,  0.126,  0.246
  0.604,  0.130,  0.255
  0.613,  0.122,  0.251
  0.610,  0.126,  0.260
  0.619,  0.118,  0.257
  0.616,  0.122,  0.265
  0.626,  0.114,  0.263
  0.622,  0.119,  0.270
  0.632,  0.111,  0.269
  0.628,  0.116,  0.276
  0.638,  0.108,  0.277
  0.633,  0.113,  0.283
  0.643,  0.105,  0.284
  0.638,  0.111,  0.290
  0.648,  0.103,  0.292
  0.643,  0.109,  0.297
  0.653,  0.101,  0.300
  0.648,  0.107,  0.305
  0.658,  0.100,  0.309
  0.652,  0.106,  0.313
  0.662,  0.099,  0.318
  0.655,  0.105,  0.322
  0.665,  0.098,  0.327
  0.659,  0.104,  0.330
  0.668,  0.098,  0.337
  0.662,  0.104,  0.339
  0.671,  0.099,  0.347
  0.664,  0.105,  0.348
  0.673,  0.100,  0.356
  0.666,  0.106,  0.357
  0.674,  0.101,  0.366
  0.667,  0.107,  0.366
  0.676,  0.102,  0.376
  0.668,  0.108,  0.375
  0.676,  0.105,  0.386
  0.669,  0.110,  0.384
  0.676,  0.107,  0.395
  0.669,  0.113,  0.393
  0.676,  0.110,  0.405
  0.669,  0.115,  0.402
  0.675,  0.113,  0.414
  0.668,  0.118,  0.411
  0.673,  0.117,  0.423
  0.666,  0.122,  0.419
  0.671,  0.121,  0.432
  0.664,  0.125,  0.427
  0.669,  0.125,  0.440
  0.662,  0.129,  0.435
  0.666,  0.130,  0.449
  0.659,  0.133,  0.443
  0.663,  0.134,  0.456
  0.656,  0.138,  0.450
  0.659,  0.140,  0.463
  0.653,  0.143,  0.457
  0.654,  0.145,  0.470
  0.649,  0.148,  0.463
  0.650,  0.150,  0.476
  0.644,  0.153,  0.469
  0.645,  0.156,  0.482
  0.640,  0.158,  0.474
  0.639,  0.162,  0.487
  0.635,  0.164,  0.479
  0.634,  0.168,  0.492
  0.629,  0.169,  0.483
  0.627,  0.174,  0.495
  0.624,  0.175,  0.486
  0.621,  0.180,  0.499
  0.618,  0.180,  0.489
  0.615,  0.186,  0.501
  0.612,  0.186,  0.492
  0.608,  0.192,  0.503
  0.606,  0.192,  0.493
  0.601,  0.198,  0.504
  0.599,  0.197,  0.494
  0.594,  0.204,  0.505
  0.593,  0.203,  0.495
  0.587,  0.210,  0.504
  0.586,  0.208,  0.495
  0.580,  0.216,  0.503
  0.579,  0.213,  0.494
  0.572,  0.221,  0.502
  0.572,  0.219,  0.492
  0.565,  0.227,  0.499
  0.566,  0.224,  0.490
  0.558,  0.232,  0.496
  0.559,  0.228,  0.487
  0.551,  0.237,  0.493
  0.553,  0.233,  0.484
  0.544,  0.241,  0.488
  0.546,  0.237,  0.480
  0.537,  0.246,  0.484
  0.540,  0.241,  0.475
  0.530,  0.250,  0.478
  0.534,  0.245,  0.470
  0.524,  0.253,  0.472
  0.528,  0.248,  0.465
  0.518,  0.257,  0.465
  0.522,  0.252,  0.458
  0.512,  0.260,  0.458
  0.517,  0.254,  0.452
  0.507,  0.262,  0.451
  0.511,  0.257,  0.445
  0.501,  0.265,  0.443
  0.507,  0.259,  0.437
  0.497,  0.266,  0.434
  0.502,  0.260,  0.430
  0.492,  0.268,  0.426
  0.498,  0.262,  0.421
  0.488,  0.269,  0.417
  0.494,  0.262,  0.413
  0.485,  0.269,  0.407
  0.491,  0.263,  0.405
  0.482,  0.269,  0.398
  0.488,  0.263,  0.396
  0.479,  0.269,  0.388
  0.486,  0.263,  0.387
  0.477,  0.268,  0.379
  0.484,  0.262,  0.378
  0.475,  0.267,  0.369
  0.483,  0.261,  0.369
  0.474,  0.265,  0.359
  0.481,  0.259,  0.360
  0.474,  0.263,  0.349
  0.481,  0.257,  0.351
  0.474,  0.260,  0.340
  0.481,  0.255,  0.342
  0.474,  0.257,  0.330
  0.481,  0.252,  0.333
  0.475,  0.254,  0.321
  0.482,  0.249,  0.324
  0.477,  0.251,  0.312
  0.484,  0.246,  0.316
  0.478,  0.247,  0.303
  0.485,  0.242,  0.307
  0.481,  0.242,  0.294
  0.488,  0.238,  0.300
  0.484,  0.238,  0.286
  0.490,  0.234,  0.292
  0.487,  0.233,  0.279
  0.494,  0.229,  0.285
  0.491,  0.228,  0.271
  0.497,  0.225,  0.278
  0.495,  0.222,  0.265
  0.501,  0.220,  0.272
  0.500,  0.217,  0.258
  0.505,  0.215,  0.266
  0.505,  0.211,  0.253
  0.510,  0.209,  0.261
  0.511,  0.205,  0.248
  0.515,  0.204,  0.256
  0.516,  0.199,  0.243
  0.521,  0.198,  0.252
  0.522,  0.193,  0.239
  0.526,  0.193,  0.249
  0.529,  0.187,  0.236
  0.532,  0.187,  0.246
  0.535,  0.181,  0.234
  0.538,  0.181,  0.243
  0.542,  0.175,  0.232
  0.544,  0.176,  0.242
  0.549,  0.169,  0.231
  0.551,  0.170,  0.240
  0.562,  0.171,  0.228
  0.563,  0.173,  0.238
  0.569,  0.165,  0.228
  0.570,  0.167,  0.238
  0.576,  0.160,  0.229
  0.577,  0.162,  0.239
  0.584,  0.155,  0.231
  0.584,  0.157,  0.241
  0.591,  0.149,  0.233
  0.590,  0.152,  0.243
  0.599,  0.144,  0.236
  0.597,  0.148,  0.245
  0.606,  0.140,  0.240
  0.604,  0.143,  0.249
  0.613,  0.135,  0.244
  0.611,  0.139,  0.253
  0.620,  0.131,  0.249
  0.617,  0.135,  0.257
  0.626,  0.127,  0.254
  0.623,  0.132,  0.262
  0.633,  0.124,  0.260
  0.629,  0.129,  0.268
  0.639,  0.120,  0.267
  0.635,  0.126,  0.274
  0.645,  0.118,  0.274
  0.641,  0.123,  0.281
  0.651,  0.115,  0.282
  0.646,  0.121,  0.288
  0.656,  0.113,  0.290
  0.651,  0.119,  0.295
  0.661,  0.111,  0.298
  0.655,  0.117,  0.303
  0.665,  0.110,  0.307
  0.659,  0.116,  0.311
  0.669,  0.109,  0.316
  0.663,  0.115,  0.319
  0.673,  0.109,  0.325
  0.666,  0.115,  0.328
  0.676,  0.109,  0.334
  0.669,  0.115,  0.336
  0.679,  0.109,  0.344
  0.672,  0.115,  0.345
  0.681,  0.110,  0.354
  0.674,  0.116,  0.354
  0.682,  0.112,  0.363
  0.675,  0.117,  0.364
  0.683,  0.113,  0.373
  0.676,  0.119,  0.373
  0.684,  0.115,  0.383
  0.677,  0.121,  0.382
  0.684,  0.118,  0.393
  0.677,  0.123,  0.391
  0.684,  0.121,  0.402
  0.676,  0.126,  0.399
  0.683,  0.124,  0.411
  0.675,  0.129,  0.408
  0.681,  0.127,  0.421
  0.674,  0.132,  0.417
  0.679,  0.131,  0.429
  0.672,  0.135,  0.425
  0.676,  0.135,  0.438
  0.670,  0.139,  0.433
  0.673,  0.140,  0.446
  0.667,  0.143,  0.440
  0.670,  0.144,  0.454
  0.664,  0.148,  0.447
  0.666,  0.149,  0.461
  0.660,  0.152,  0.454
  0.662,  0.155,  0.468
  0.656,  0.157,  0.460
  0.657,  0.160,  0.474
  0.651,  0.162,  0.466
  0.652,  0.166,  0.480
  0.647,  0.167,  0.472
  0.646,  0.171,  0.485
  0.641,  0.173,  0.476
  0.640,  0.177,  0.489
  0.636,  0.178,  0.481
  0.634,  0.183,  0.493
  0.630,  0.183,  0.484
  0.628,  0.189,  0.496
  0.624,  0.189,  0.487
  0.621,  0.195,  0.499
  0.618,  0.194,  0.490
  0.614,  0.200,  0.501
  0.612,  0.200,  0.491
  0.607,  0.206,  0.502
  0.605,  0.205,  0.492
  0.600,  0.212,  0.503
  0.598,  0.211,  0.493
  0.592,  0.218,  0.502
  0.592,  0.216,  0.493
  0.585,  0.223,  0.502
  0.585,  0.221,  0.492
  0.578,  0.229,  0.500
  0.578,  0.226,  0.490
  0.570,  0.234,  0.498
  0.571,  0.231,  0.488
  0.563,  0.239,  0.495
  0.564,  0.235,  0.485
  0.556,  0.243,  0.491
  0.558,  0.240,  0.482
  0.549,  0.248,  0.487
  0.551,  0.244,  0.478
  0.542,  0.252,  0.482
  0.545,  0.248,  0.474
  0.535,  0.256,  0.477
  0.538,  0.251,  0.469
  0.529,  0.260,  0.470
  0.532,  0.255,  0.463
  0.522,  0.263,  0.464
  0.526,  0.258,  0.457
  0.516,  0.266,  0.457
  0.521,  0.260,  0.450
  0.511,  0.268,  0.449
  0.516,  0.263,  0.443
  0.506,  0.270,  0.441
  0.511,  0.264,  0.436
  0.501,  0.272,  0.433
  0.506,  0.266,  0.428
  0.496,  0.273,  0.424
  0.502,  0.267,  0.420
  0.492,  0.274,  0.415
  0.498,  0.268,  0.412
  0.489,  0.274,  0.406
  0.495,  0.268,  0.403
  0.485,  0.274,  0.397
  0.492,  0.268,  0.394
  0.483,  0.274,  0.387
  0.490,  0.268,  0.385
  0.481,  0.273,  0.377
  0.488,  0.267,  0.376
  0.479,  0.272,  0.368
  0.486,  0.266,  0.367
  0.478,  0.270,  0.358
  0.485,  0.264,  0.358
  0.477,  0.268,  0.348
  0.485,  0.262,  0.349
  0.477,  0.265,  0.338
  0.485,  0.260,  0.340
  0.478,  0.263,  0.329
  0.485,  0.258,  0.331
  0.479,  0.259,  0.319
  0.486,  0.255,  0.323
  0.480,  0.256,  0.310
  0.488,  0.251,  0.314
  0.482,  0.252,  0.302
  0.490,  0.248,  0.306
  0.485,  0.248,  0.293
  0.492,  0.244,  0.298
  0.488,  0.243,  0.285
  0.495,  0.240,  0.291
  0.492,  0.239,  0.277
  0.498,  0.235,  0.283
  0.496,  0.234,  0.270
  0.502,  0.231,  0.277
  0.500,  0.229,  0.263
  0.506,  0.226,  0.270
  0.505,  0.223,  0.257
  0.510,  0.221,  0.265
  0.510,  0.218,  0.251
  0.515,  0.216,  0.259
  0.515,  0.212,  0.246
  0.520,  0.211,  0.255
  0.521,  0.206,  0.242
  0.526,  0.205,  0.250
  0.527,  0.200,  0.238
  0.531,  0.200,  0.247
  0.534,  0.194,  0.234
  0.537,  0.194,  0.244
  0.541,  0.189,  0.232
  0.544,  0.189,  0.241
  0.548,  0.183,  0.230
  0.550,  0.183,  0.240
  0.555,  0.177,  0.229
  0.556,  0.178,  0.239
  0.568,  0.179,  0.226
  0.569,  0.180,  0.236
  0.575,  0.174,  0.226
  0.576,  0.175,  0.236
  0.583,  0.168,  0.227
  0.583,  0.170,  0.237
  0.590,  0.163,  0.229
  0.590,  0.166,  0.238
  0.598,  0.158,  0.231
  0.597,  0.161,  0.241
  0.605,  0.153,  0.234
  0.604,  0.157,  0.243
  0.612,  0.149,  0.238
  0.611,  0.152,  0.247
  0.620,  0.144,  0.242
  0.617,  0.148,  0.250
  0.627,  0.140,  0.247
  0.624,  0.145,  0.255
  0.634,  0.137,  0.252
  0.630,  0.141,  0.260
  0.640,  0.133,  0.258
  0.636,  0.138,  0.266
  0.647,  0.130,  0.264
  0.642,  0.135,  0.272
  0.653,  0.128,  0.272
  0.648,  0.133,  0.278
  0.658,  0.125,  0.279
  0.653,  0.131,  0.285
  0.664,  0.123,  0.287
  0.658,  0.129,  0.292
  0.669,  0.122,  0.295
  0.663,  0.127,  0.300
  0.673,  0.121,  0.304
  0.667,  0.126,  0.308
  0.677,  0.120,  0.313
  0.671,  0.126,  0.317
  0.681,  0.120,  0.322
  0.674,  0.125,  0.325
  0.684,  0.120,  0.332
  0.677,  0.125,  0.334
  0.687,  0.120,  0.341
  0.679,  0.126,  0.343
  0.689,  0.121,  0.351
  0.681,  0.127,  0.352
  0.690,  0.122,  0.361
  0.683,  0.128,  0.361
  0.691,  0.124,  0.370
  0.684,  0.129,  0.370
  0.692,  0.126,  0.380
  0.684,  0.131,  0.379
  0.692,  0.128,  0.390
  0.684,  0.133,  0.388
  0.691,  0.131,  0.399
  0.684,  0.136,  0.397
  0.690,  0.134,  0.409
  0.683,  0.139,  0.406
  0.689,  0.138,  0.418
  0.681,  0.142,  0.414
  0.687,  0.141,  0.427
  0.680,  0.146,  0.422
  0.684,  0.146,  0.435
  0.677,  0.149,  0.430
  0.681,  0.150,  0.443
  0.674,  0.153,  0.438
  0.677,  0.155,  0.451
  0.671,  0.158,  0.445
  0.673,  0.159,  0.459
  0.667,  0.162,  0.452
  0.669,  0.164,  0.465
  0.663,  0.167,  0.458
  0.664,  0.170,  0.472
  0.658,  0.172,  0.464
  0.659,  0.175,  0.477
  0.653,  0.177,  0.469
  0.653,  0.180,  0.483
  0.648,  0.182,  0.474
  0.647,  0.186,  0.487
  0.643,  0.187,  0.478
  0.641,  0.192,  0.491
  0.637,  0.192,  0.482
  0.634,  0.197,  0.494
  0.631,  0.198,  0.485
  0.627,  0.203,  0.497
  0.624,  0.203,  0.487
  0.620,  0.209,  0.499
  0.618,  0.208,  0.489
  0.613,  0.214,  0.500
  0.611,  0.213,  0.490
  0.606,  0.220,  0.501
  0.604,  0.219,  0.491
  0.598,  0.225,  0.501
  0.597,  0.224,  0.491
  0.591,  0.231,  0.500
  0.590,  0.229,  0.490
  0.583,  0.236,  0.498
  0.583,  0.233,  0.488
  0.576,  0.241,  0.496
  0.576,  0.238,  0.486
  0.568,  0.246,  0.493
  0.569,  0.242,  0.484
  0.561,  0.250,  0.489
  0.563,  0.247,  0.480
  0.554,  0.254,  0.485
  0.556,  0.251,  0.477
  0.546,  0.258,  0.480
  0.549,  0.254,  0.472
  0.540,  0.262,  0.475
  0.543,  0.258,  0.467
  0.533,  0.266,  0.469
  0.537,  0.261,  0.461
  0.527,  0.269,  0.462
  0.531,  0.264,  0.455
  0.521,  0.271,  0.455
  0.525,  0.266,  0.449
  0.515,  0.274,  0.448
  0.520,  0.268,  0.442
  0.510,  0.276,  0.440
  0.515,  0.270,  0.435
  0.505,  0.277,  0.432
  0.510,  0.272,  0.427
  0.500,  0.278,  0.423
  0.506,  0.273,  0.419
  0.496,  0.279,  0.414
  0.503,  0.273,  0.410
  0.492,  0.279,  0.405
  0.499,  0.274,  0.402
  0.489,  0.279,  0.395
  0.496,  0.274,  0.393
  0.487,  0.279,  0.386
  0.494,  0.273,  0.384
  0.484,  0.278,  0.376
  0.492,  0.272,  0.375
  0.483,  0.277,  0.366
  0.490,  0.271,  0.366
  0.482,  0.275,  0.356
  0.489,  0.270,  0.357
  0.481,  0.273,  0.347
  0.489,  0.268,  0.348
  0.481,  0.271,  0.337
  0.489,  0.266,  0.339
  0.482,  0.268,  0.327
  0.489,  0.263,  0.330
  0.483,  0.265,  0.318
  0.490,  0.260,  0.321
  0.484,  0.261,  0.309
  0.492,  0.257,  0.313
  0.486,  0.257,  0.300
  0.494,  0.253,  0.305
  0.489,  0.253,  0.292
  0.496,  0.250,  0.297
  0.492,  0.249,  0.283
  0.499,  0.245,  0.289
  0.496,  0.244,  0.276
  0.502,  0.241,  0.282
  0.500,  0.240,  0.268
  0.506,  0.237,  0.275
  0.504,  0.235,  0.262
  0.510,  0.232,  0.269
  0.509,  0.229,  0.255
  0.515,  0.227,  0.263
  0.515,  0.224,  0.250
  0.520,  0.222,  0.258
  0.520,  0.218,  0.244
  0.525,  0.217,  0.253
  0.526,  0.213,  0.240
  0.531,  0.212,  0.249
  0.533,  0.207,  0.236
  0.536,  0.207,  0.245
  0.539,  0.202,  0.233
  0.543,  0.201,  0.242
  0.546,  0.196,  0.230
  0.549,  0.196,  0.240
  0.553,  0.190,  0.228
  0.555,  0.191,  0.238
  0.560,  0.185,  0.227
  0.562,  0.186,  0.237
  0.575,  0.188,  0.234
  0.573,  0.187,  0.224
  0.568,  0.193,  0.235
  0.566,  0.192,  0.225
  0.561,  0.198,  0.236
  0.559,  0.198,  0.226
  0.554,  0.203,  0.238
  0.551,  0.203,  0.228
  0.548,  0.209,  0.240
  0.544,  0.209,  0.231
  0.542,  0.214,  0.243
  0.538,  0.214,  0.234
  0.536,  0.219,  0.247
  0.531,  0.220,  0.238
  0.530,  0.224,  0.251
  0.525,  0.225,  0.243
  0.524,  0.229,  0.256
  0.519,  0.230,  0.248
  0.519,  0.234,  0.261
  0.514,  0.236,  0.254
  0.515,  0.238,  0.267
  0.509,  0.241,  0.260
  0.511,  0.243,  0.274
  0.504,  0.245,  0.267
  0.507,  0.247,  0.281
  0.500,  0.250,  0.274
  0.503,  0.251,  0.288
  0.496,  0.255,  0.282
  0.500,  0.255,  0.295
  0.493,  0.259,  0.290
  0.498,  0.259,  0.303
  0.490,  0.263,  0.299
  0.496,  0.262,  0.312
  0.488,  0.267,  0.308
  0.494,  0.265,  0.320
  0.487,  0.270,  0.317
  0.493,  0.268,  0.329
  0.486,  0.273,  0.326
  0.493,  0.271,  0.338
  0.485,  0.276,  0.336
  0.493,  0.273,  0.347
  0.485,  0.278,  0.345
  0.493,  0.275,  0.356
  0.486,  0.280,  0.355
  0.494,  0.276,  0.365
  0.487,  0.282,  0.365
  0.496,  0.278,  0.374
  0.488,  0.283,  0.375
  0.498,  0.278,  0.383
  0.490,  0.284,  0.384
  0.500,  0.279,  0.392
  0.493,  0.284,  0.394
  0.503,  0.279,  0.400
  0.496,  0.285,  0.403
  0.507,  0.279,  0.409
  0.500,  0.284,  0.413
  0.510,  0.278,  0.417
  0.504,  0.284,  0.422
  0.515,  0.277,  0.425
  0.509,  0.283,  0.430
  0.519,  0.276,  0.433
  0.514,  0.281,  0.439
  0.524,  0.274,  0.440
  0.519,  0.279,  0.446
  0.530,  0.272,  0.447
  0.525,  0.277,  0.454
  0.535,  0.270,  0.454
  0.531,  0.274,  0.461
  0.541,  0.267,  0.460
  0.537,  0.272,  0.467
  0.548,  0.264,  0.465
  0.544,  0.268,  0.473
  0.554,  0.261,  0.470
  0.551,  0.265,  0.479
  0.561,  0.257,  0.475
  0.558,  0.261,  0.484
  0.568,  0.253,  0.479
  0.566,  0.257,  0.488
  0.575,  0.249,  0.482
  0.573,  0.253,  0.491
  0.582,  0.245,  0.485
  0.581,  0.248,  0.494
  0.589,  0.241,  0.487
  0.588,  0.243,  0.496
  0.596,  0.236,  0.488
  0.596,  0.238,  0.498
  0.603,  0.231,  0.489
  0.604,  0.233,  0.499
  0.610,  0.226,  0.489
  0.611,  0.228,  0.499
  0.617,  0.221,  0.488
  0.619,  0.222,  0.498
  0.624,  0.216,  0.487
  0.626,  0.217,  0.497
  0.630,  0.211,  0.485
  0.633,  0.212,  0.495
  0.637,  0.206,  0.483
  0.640,  0.206,  0.492
  0.643,  0.201,  0.480
  0.647,  0.201,  0.489
  0.649,  0.196,  0.476
  0.654,  0.195,  0.485
  0.655,  0.191,  0.472
  0.660,  0.190,  0.480
  0.660,  0.186,  0.467
  0.666,  0.184,  0.475
  0.665,  0.181,  0.462
  0.671,  0.179,  0.469
  0.670,  0.176,  0.456
  0.676,  0.174,  0.463
  0.674,  0.172,  0.449
  0.681,  0.169,  0.456
  0.678,  0.168,  0.442
  0.685,  0.165,  0.449
  0.682,  0.163,  0.435
  0.688,  0.160,  0.441
  0.685,  0.160,  0.428
  0.692,  0.156,  0.433
  0.687,  0.156,  0.420
  0.694,  0.152,  0.424
  0.689,  0.152,  0.411
  0.696,  0.148,  0.415
  0.691,  0.149,  0.403
  0.698,  0.145,  0.406
  0.692,  0.146,  0.394
  0.699,  0.142,  0.397
  0.692,  0.144,  0.385
  0.700,  0.139,  0.387
  0.692,  0.142,  0.376
  0.700,  0.137,  0.378
  0.692,  0.140,  0.367
  0.699,  0.135,  0.368
  0.691,  0.138,  0.358
  0.698,  0.133,  0.358
  0.689,  0.137,  0.349
  0.697,  0.132,  0.348
  0.687,  0.136,  0.340
  0.694,  0.131,  0.339
  0.685,  0.136,  0.331
  0.692,  0.130,  0.329
  0.682,  0.136,  0.322
  0.689,  0.130,  0.319
  0.678,  0.136,  0.314
  0.685,  0.130,  0.310
  0.674,  0.137,  0.306
  0.681,  0.131,  0.301
  0.670,  0.138,  0.298
  0.676,  0.132,  0.293
  0.666,  0.139,  0.290
  0.671,  0.134,  0.284
  0.660,  0.141,  0.283
  0.666,  0.135,  0.276
  0.655,  0.143,  0.276
  0.660,  0.138,  0.269
  0.649,  0.145,  0.269
  0.654,  0.140,  0.262
  0.643,  0.148,  0.263
  0.647,  0.143,  0.256
  0.637,  0.151,  0.258
  0.641,  0.146,  0.250
  0.631,  0.154,  0.253
  0.634,  0.150,  0.244
  0.624,  0.158,  0.248
  0.626,  0.154,  0.239
  0.617,  0.161,  0.244
  0.619,  0.158,  0.235
  0.610,  0.165,  0.241
  0.612,  0.162,  0.232
  0.603,  0.170,  0.238
  0.604,  0.167,  0.229
  0.596,  0.174,  0.236
  0.596,  0.171,  0.227
  0.589,  0.179,  0.235
  0.589,  0.176,  0.225
  0.582,  0.183,  0.234
  0.581,  0.182,  0.224
  0.581,  0.196,  0.232
  0.579,  0.195,  0.222
  0.574,  0.201,  0.233
  0.572,  0.200,  0.223
  0.567,  0.206,  0.234
  0.564,  0.205,  0.224
  0.560,  0.211,  0.236
  0.557,  0.210,  0.226
  0.553,  0.216,  0.238
  0.550,  0.216,  0.229
  0.547,  0.221,  0.242
  0.543,  0.221,  0.232
  0.541,  0.226,  0.245
  0.536,  0.226,  0.236
  0.535,  0.230,  0.250
  0.530,  0.232,  0.241
  0.529,  0.235,  0.254
  0.524,  0.237,  0.246
  0.524,  0.240,  0.260
  0.518,  0.242,  0.252
  0.519,  0.244,  0.266
  0.513,  0.247,  0.259
  0.515,  0.249,  0.272
  0.509,  0.251,  0.265
  0.511,  0.253,  0.279
  0.504,  0.256,  0.273
  0.508,  0.257,  0.286
  0.501,  0.260,  0.281
  0.504,  0.261,  0.294
  0.497,  0.264,  0.289
  0.502,  0.264,  0.302
  0.494,  0.268,  0.297
  0.500,  0.268,  0.310
  0.492,  0.272,  0.306
  0.498,  0.271,  0.319
  0.491,  0.275,  0.315
  0.497,  0.274,  0.327
  0.489,  0.278,  0.325
  0.497,  0.276,  0.336
  0.489,  0.281,  0.334
  0.497,  0.278,  0.345
  0.489,  0.283,  0.344
  0.497,  0.280,  0.354
  0.489,  0.285,  0.354
  0.498,  0.282,  0.363
  0.490,  0.287,  0.364
  0.500,  0.283,  0.372
  0.492,  0.288,  0.373
  0.502,  0.284,  0.381
  0.494,  0.289,  0.383
  0.504,  0.284,  0.390
  0.497,  0.290,  0.393
  0.507,  0.284,  0.399
  0.500,  0.290,  0.402
  0.511,  0.284,  0.408
  0.504,  0.290,  0.411
  0.514,  0.284,  0.416
  0.508,  0.289,  0.420
  0.519,  0.283,  0.424
  0.513,  0.288,  0.429
  0.523,  0.281,  0.432
  0.518,  0.287,  0.437
  0.529,  0.280,  0.439
  0.523,  0.285,  0.445
  0.534,  0.278,  0.446
  0.529,  0.283,  0.453
  0.540,  0.276,  0.452
  0.535,  0.280,  0.459
  0.546,  0.273,  0.458
  0.542,  0.278,  0.466
  0.552,  0.270,  0.464
  0.549,  0.275,  0.472
  0.559,  0.267,  0.469
  0.556,  0.271,  0.477
  0.566,  0.264,  0.473
  0.563,  0.268,  0.482
  0.573,  0.260,  0.477
  0.571,  0.264,  0.486
  0.580,  0.256,  0.480
  0.578,  0.259,  0.490
  0.587,  0.252,  0.483
  0.586,  0.255,  0.492
  0.594,  0.248,  0.485
  0.594,  0.250,  0.494
  0.601,  0.244,  0.486
  0.602,  0.246,  0.496
  0.609,  0.239,  0.487
  0.609,  0.241,  0.497
  0.616,  0.234,  0.487
  0.617,  0.236,  0.497
  0.623,  0.229,  0.486
  0.625,  0.231,  0.496
  0.630,  0.225,  0.485
  0.632,  0.225,  0.495
  0.637,  0.220,  0.483
  0.640,  0.220,  0.493
  0.643,  0.215,  0.481
  0.647,  0.215,  0.490
  0.650,  0.210,  0.477
  0.654,  0.209,  0.487
  0.656,  0.205,  0.474
  0.660,  0.204,  0.483
  0.662,  0.200,  0.469
  0.667,  0.199,  0.478
  0.667,  0.195,  0.465
  0.672,  0.194,  0.473
  0.672,  0.191,  0.459
  0.678,  0.189,  0.467
  0.677,  0.186,  0.453
  0.683,  0.184,  0.460
  0.681,  0.182,  0.447
  0.688,  0.179,  0.454
  0.685,  0.177,  0.440
  0.692,  0.175,  0.446
  0.689,  0.173,  0.433
  0.696,  0.170,  0.438
  0.692,  0.170,  0.425
  0.699,  0.166,  0.430
  0.695,  0.166,  0.417
  0.702,  0.162,  0.422
  0.697,  0.163,  0.409
  0.704,  0.159,  0.413
  0.698,  0.160,  0.400
  0.706,  0.155,  0.404
  0.699,  0.157,  0.392
  0.707,  0.152,  0.394
  0.700,  0.154,  0.383
  0.708,  0.150,  0.385
  0.700,  0.152,  0.374
  0.708,  0.147,  0.375
  0.699,  0.150,  0.365
  0.707,  0.145,  0.365
  0.698,  0.149,  0.356
  0.706,  0.144,  0.355
  0.697,  0.148,  0.347
  0.704,  0.142,  0.346
  0.695,  0.147,  0.338
  0.702,  0.141,  0.336
  0.692,  0.146,  0.329
  0.700,  0.141,  0.326
  0.689,  0.146,  0.320
  0.696,  0.141,  0.317
  0.686,  0.146,  0.311
  0.693,  0.141,  0.308
  0.682,  0.147,  0.303
  0.688,  0.142,  0.299
  0.678,  0.148,  0.295
  0.684,  0.143,  0.290
  0.673,  0.149,  0.287
  0.679,  0.144,  0.282
  0.668,  0.151,  0.280
  0.673,  0.146,  0.274
  0.662,  0.153,  0.273
  0.667,  0.148,  0.266
  0.657,  0.155,  0.267
  0.661,  0.150,  0.260
  0.651,  0.157,  0.261
  0.655,  0.153,  0.253
  0.644,  0.160,  0.255
  0.648,  0.156,  0.247
  0.638,  0.163,  0.250
  0.641,  0.159,  0.242
  0.631,  0.167,  0.246
  0.633,  0.163,  0.237
  0.624,  0.170,  0.242
  0.626,  0.167,  0.233
  0.617,  0.174,  0.239
  0.618,  0.171,  0.229
  0.610,  0.178,  0.236
  0.610,  0.175,  0.227
  0.602,  0.182,  0.234
  0.603,  0.180,  0.225
  0.595,  0.187,  0.233
  0.595,  0.185,  0.223
  0.588,  0.192,  0.232
  0.587,  0.190,  0.222
  0.586,  0.204,  0.230
  0.585,  0.203,  0.220
  0.579,  0.209,  0.231
  0.577,  0.208,  0.221
  0.572,  0.213,  0.232
  0.570,  0.213,  0.222
  0.565,  0.218,  0.234
  0.562,  0.218,  0.225
  0.558,  0.223,  0.237
  0.555,  0.223,  0.227
  0.552,  0.228,  0.240
  0.548,  0.228,  0.231
  0.546,  0.232,  0.244
  0.541,  0.233,  0.235
  0.540,  0.237,  0.248
  0.535,  0.238,  0.239
  0.534,  0.242,  0.253
  0.529,  0.243,  0.245
  0.529,  0.246,  0.258
  0.523,  0.248,  0.251
  0.524,  0.251,  0.264
  0.518,  0.253,  0.257
  0.519,  0.255,  0.271
  0.513,  0.257,  0.264
  0.515,  0.259,  0.278
  0.509,  0.262,  0.271
  0.512,  0.263,  0.285
  0.505,  0.266,  0.279
  0.509,  0.267,  0.292
  0.501,  0.270,  0.287
  0.506,  0.270,  0.300
  0.498,  0.274,  0.296
  0.504,  0.273,  0.309
  0.496,  0.277,  0.305
  0.502,  0.276,  0.317
  0.494,  0.280,  0.314
  0.501,  0.279,  0.326
  0.493,  0.283,  0.324
  0.501,  0.282,  0.335
  0.493,  0.286,  0.333
  0.500,  0.284,  0.344
  0.493,  0.288,  0.343
  0.501,  0.285,  0.353
  0.493,  0.290,  0.353
  0.502,  0.287,  0.362
  0.494,  0.292,  0.362
  0.503,  0.288,  0.371
  0.496,  0.293,  0.372
  0.505,  0.289,  0.380
  0.498,  0.294,  0.382
  0.508,  0.290,  0.389
  0.501,  0.295,  0.391
  0.511,  0.290,  0.398
  0.504,  0.295,  0.401
  0.515,  0.290,  0.406
  0.508,  0.295,  0.410
  0.518,  0.289,  0.415
  0.512,  0.294,  0.419
  0.523,  0.288,  0.423
  0.517,  0.293,  0.428
  0.528,  0.287,  0.430
  0.522,  0.292,  0.436
  0.533,  0.286,  0.438
  0.527,  0.290,  0.444
  0.538,  0.284,  0.444
  0.533,  0.289,  0.451
  0.544,  0.282,  0.451
  0.540,  0.286,  0.458
  0.550,  0.279,  0.457
  0.546,  0.284,  0.464
  0.557,  0.277,  0.462
  0.553,  0.281,  0.470
  0.564,  0.274,  0.467
  0.561,  0.278,  0.476
  0.571,  0.270,  0.472
  0.568,  0.274,  0.480
  0.578,  0.267,  0.475
  0.576,  0.270,  0.484
  0.585,  0.263,  0.478
  0.583,  0.266,  0.488
  0.592,  0.259,  0.481
  0.591,  0.262,  0.491
  0.600,  0.255,  0.483
  0.599,  0.258,  0.493
  0.607,  0.251,  0.484
  0.607,  0.253,  0.494
  0.614,  0.247,  0.485
  0.615,  0.248,  0.495
  0.622,  0.242,  0.485
  0.623,  0.244,  0.495
  0.629,  0.238,  0.484
  0.631,  0.239,  0.494
  0.636,  0.233,  0.483
  0.638,  0.234,  0.493
  0.643,  0.228,  0.481
  0.646,  0.229,  0.491
  0.650,  0.223,  0.478
  0.653,  0.223,  0.488
  0.656,  0.219,  0.475
  0.660,  0.218,  0.484
  0.662,  0.214,  0.472
  0.667,  0.213,  0.480
  0.668,  0.209,  0.467
  0.673,  0.208,  0.476
  0.674,  0.205,  0.462
  0.679,  0.203,  0.470
  0.679,  0.200,  0.457
  0.685,  0.198,  0.464
  0.684,  0.196,  0.451
  0.690,  0.194,  0.458
  0.689,  0.191,  0.444
  0.695,  0.189,  0.451
  0.693,  0.187,  0.438
  0.700,  0.185,  0.444
  0.696,  0.183,  0.430
  0.703,  0.180,  0.436
  0.699,  0.180,  0.423
  0.707,  0.176,  0.428
  0.702,  0.176,  0.415
  0.710,  0.173,  0.419
  0.704,  0.173,  0.406
  0.712,  0.169,  0.410
  0.706,  0.170,  0.398
  0.714,  0.166,  0.401
  0.707,  0.167,  0.389
  0.715,  0.163,  0.391
  0.708,  0.165,  0.380
  0.715,  0.160,  0.382
  0.708,  0.163,  0.371
  0.716,  0.158,  0.372
  0.707,  0.161,  0.362
  0.715,  0.156,  0.362
  0.706,  0.159,  0.353
  0.714,  0.154,  0.353
  0.705,  0.158,  0.344
  0.712,  0.153,  0.343
  0.703,  0.157,  0.335
  0.710,  0.152,  0.333
  0.700,  0.157,  0.326
  0.707,  0.152,  0.324
  0.697,  0.156,  0.317
  0.704,  0.151,  0.314
  0.694,  0.157,  0.309
  0.700,  0.151,  0.305
  0.690,  0.157,  0.300
  0.696,  0.152,  0.296
  0.685,  0.158,  0.292
  0.691,  0.153,  0.287
  0.680,  0.159,  0.285
  0.686,  0.154,  0.279
  0.675,  0.161,  0.278
  0.681,  0.156,  0.271
  0.670,  0.162,  0.271
  0.675,  0.158,  0.264
  0.664,  0.164,  0.264
  0.668,  0.160,  0.257
  0.658,  0.167,  0.258
  0.662,  0.163,  0.251
  0.651,  0.170,  0.253
  0.655,  0.165,  0.245
  0.644,  0.173,  0.248
  0.648,  0.169,  0.239
  0.638,  0.176,  0.244
  0.640,  0.172,  0.235
  0.630,  0.179,  0.240
  0.632,  0.176,  0.231
  0.623,  0.183,  0.237
  0.625,  0.180,  0.227
  0.616,  0.187,  0.234
  0.617,  0.184,  0.225
  0.609,  0.191,  0.232
  0.609,  0.188,  0.222
  0.601,  0.195,  0.231
  0.601,  0.193,  0.221
  0.594,  0.200,  0.230
  0.593,  0.198,  0.220
  0.592,  0.212,  0.228
  0.591,  0.211,  0.218
  0.585,  0.216,  0.229
  0.583,  0.215,  0.219
  0.578,  0.221,  0.230
  0.575,  0.220,  0.221
  0.571,  0.225,  0.232
  0.568,  0.225,  0.223
  0.564,  0.230,  0.235
  0.560,  0.230,  0.225
  0.557,  0.235,  0.238
  0.553,  0.235,  0.229
  0.551,  0.239,  0.242
  0.546,  0.240,  0.233
  0.545,  0.244,  0.246
  0.540,  0.245,  0.238
  0.539,  0.248,  0.251
  0.533,  0.249,  0.243
  0.533,  0.252,  0.257
  0.528,  0.254,  0.249
  0.528,  0.257,  0.263
  0.522,  0.259,  0.256
  0.524,  0.261,  0.269
  0.517,  0.263,  0.262
  0.520,  0.265,  0.276
  0.513,  0.267,  0.270
  0.516,  0.269,  0.283
  0.509,  0.272,  0.278
  0.513,  0.272,  0.291
  0.505,  0.275,  0.286
  0.510,  0.276,  0.299
  0.502,  0.279,  0.295
  0.508,  0.279,  0.307
  0.500,  0.283,  0.304
  0.506,  0.282,  0.316
  0.498,  0.286,  0.313
  0.505,  0.284,  0.325
  0.497,  0.289,  0.322
  0.504,  0.287,  0.334
  0.496,  0.291,  0.332
  0.504,  0.289,  0.343
  0.496,  0.293,  0.342
  0.505,  0.291,  0.352
  0.497,  0.295,  0.351
  0.506,  0.292,  0.361
  0.498,  0.297,  0.361
  0.507,  0.293,  0.370
  0.499,  0.298,  0.371
  0.509,  0.294,  0.379
  0.502,  0.299,  0.381
  0.512,  0.295,  0.388
  0.504,  0.300,  0.390
  0.515,  0.295,  0.396
  0.508,  0.300,  0.400
  0.519,  0.295,  0.405
  0.512,  0.300,  0.409
  0.523,  0.295,  0.413
  0.516,  0.300,  0.418
  0.527,  0.294,  0.421
  0.521,  0.299,  0.426
  0.532,  0.293,  0.429
  0.526,  0.298,  0.434
  0.537,  0.291,  0.436
  0.532,  0.296,  0.442
  0.543,  0.290,  0.443
  0.538,  0.294,  0.450
  0.549,  0.288,  0.449
  0.544,  0.292,  0.457
  0.555,  0.286,  0.455
  0.551,  0.290,  0.463
  0.562,  0.283,  0.461
  0.558,  0.287,  0.469
  0.568,  0.280,  0.466
  0.565,  0.284,  0.474
  0.575,  0.277,  0.470
  0.573,  0.281,  0.479
  0.583,  0.274,  0.474
  0.581,  0.277,  0.483
  0.590,  0.270,  0.477
  0.588,  0.273,  0.486
  0.597,  0.267,  0.479
  0.596,  0.269,  0.489
  0.605,  0.263,  0.481
  0.605,  0.265,  0.491
  0.612,  0.259,  0.482
  0.613,  0.261,  0.492
  0.620,  0.254,  0.483
  0.621,  0.256,  0.493
  0.627,  0.250,  0.483
  0.629,  0.252,  0.493
  0.635,  0.246,  0.482
  0.637,  0.247,  0.492
  0.642,  0.241,  0.481
  0.645,  0.242,  0.491
  0.649,  0.237,  0.479
  0.652,  0.237,  0.488
  0.656,  0.232,  0.476
  0.660,  0.232,  0.486
  0.663,  0.227,  0.473
  0.667,  0.227,  0.482
  0.669,  0.223,  0.469
  0.674,  0.222,  0.478
  0.675,  0.218,  0.465
  0.680,  0.217,  0.473
  0.681,  0.214,  0.460
  0.686,  0.213,  0.468
  0.686,  0.210,  0.454
  0.692,  0.208,  0.462
  0.691,  0.205,  0.448
  0.698,  0.203,  0.456
  0.696,  0.201,  0.442
  0.702,  0.199,  0.449
  0.700,  0.197,  0.435
  0.707,  0.195,  0.441
  0.704,  0.193,  0.428
  0.711,  0.190,  0.433
  0.707,  0.190,  0.420
  0.714,  0.187,  0.425
  0.710,  0.186,  0.412
  0.717,  0.183,  0.416
  0.712,  0.183,  0.404
  0.720,  0.180,  0.407
  0.713,  0.180,  0.395
  0.721,  0.176,  0.398
  0.715,  0.178,  0.386
  0.723,  0.173,  0.389
  0.715,  0.175,  0.378
  0.723,  0.171,  0.379
  0.715,  0.173,  0.369
  0.723,  0.169,  0.370
  0.715,  0.171,  0.359
  0.723,  0.167,  0.360
  0.714,  0.170,  0.350
  0.722,  0.165,  0.350
  0.712,  0.169,  0.341
  0.720,  0.164,  0.340
  0.710,  0.168,  0.332
  0.718,  0.163,  0.330
  0.708,  0.167,  0.323
  0.715,  0.162,  0.321
  0.705,  0.167,  0.315
  0.712,  0.162,  0.312
  0.701,  0.167,  0.306
  0.708,  0.162,  0.302
  0.697,  0.167,  0.298
  0.704,  0.162,  0.293
  0.693,  0.168,  0.290
  0.699,  0.163,  0.285
  0.688,  0.169,  0.282
  0.694,  0.164,  0.277
  0.683,  0.171,  0.275
  0.688,  0.166,  0.269
  0.677,  0.172,  0.268
  0.682,  0.168,  0.261
  0.671,  0.174,  0.262
  0.676,  0.170,  0.255
  0.665,  0.176,  0.256
  0.669,  0.172,  0.248
  0.658,  0.179,  0.250
  0.662,  0.175,  0.242
  0.651,  0.182,  0.246
  0.654,  0.178,  0.237
  0.644,  0.185,  0.241
  0.647,  0.181,  0.232
  0.637,  0.188,  0.237
  0.639,  0.185,  0.228
  0.630,  0.192,  0.234
  0.631,  0.189,  0.225
  0.622,  0.195,  0.232
  0.623,  0.193,  0.222
  0.615,  0.199,  0.230
  0.615,  0.197,  0.220
  0.607,  0.203,  0.229
  0.607,  0.201,  0.219
  0.600,  0.208,  0.228
  0.599,  0.206,  0.218
  0.598,  0.220,  0.226
  0.597,  0.218,  0.216
  0.591,  0.224,  0.227
  0.589,  0.223,  0.217
  0.583,  0.228,  0.228
  0.581,  0.228,  0.219
  0.576,  0.233,  0.230
  0.573,  0.232,  0.221
  0.569,  0.237,  0.233
  0.565,  0.237,  0.224
  0.562,  0.242,  0.236
  0.558,  0.242,  0.227
  0.556,  0.246,  0.240
  0.551,  0.246,  0.231
  0.549,  0.250,  0.245
  0.544,  0.251,  0.236
  0.544,  0.255,  0.250
  0.538,  0.256,  0.242
  0.538,  0.259,  0.255
  0.532,  0.260,  0.248
  0.533,  0.263,  0.261
  0.527,  0.265,  0.254
  0.528,  0.267,  0.268
  0.522,  0.269,  0.261
  0.524,  0.271,  0.275
  0.517,  0.273,  0.268
  0.520,  0.274,  0.282
  0.513,  0.277,  0.276
  0.517,  0.278,  0.290
  0.509,  0.281,  0.285
  0.514,  0.281,  0.298
  0.506,  0.285,  0.293
  0.512,  0.284,  0.306
  0.504,  0.288,  0.302
  0.510,  0.287,  0.315
  0.502,  0.291,  0.312
  0.509,  0.290,  0.323
  0.501,  0.294,  0.321
  0.508,  0.292,  0.332
  0.500,  0.296,  0.331
  0.508,  0.294,  0.341
  0.500,  0.299,  0.340
  0.509,  0.296,  0.350
  0.501,  0.300,  0.350
  0.510,  0.298,  0.359
  0.502,  0.302,  0.360
  0.511,  0.299,  0.368
  0.503,  0.303,  0.370
  0.513,  0.300,  0.377
  0.505,  0.304,  0.379
  0.516,  0.300,  0.386
  0.508,  0.305,  0.389
  0.519,  0.301,  0.395
  0.512,  0.305,  0.398
  0.523,  0.301,  0.404
  0.515,  0.305,  0.407
  0.527,  0.300,  0.412
  0.520,  0.305,  0.416
  0.531,  0.299,  0.420
  0.525,  0.304,  0.425
  0.536,  0.299,  0.427
  0.530,  0.303,  0.433
  0.541,  0.297,  0.435
  0.536,  0.302,  0.441
  0.547,  0.296,  0.441
  0.542,  0.300,  0.448
  0.553,  0.294,  0.448
  0.548,  0.298,  0.455
  0.560,  0.292,  0.454
  0.555,  0.296,  0.461
  0.566,  0.289,  0.459
  0.562,  0.293,  0.467
  0.573,  0.287,  0.464
  0.570,  0.290,  0.472
  0.580,  0.284,  0.468
  0.578,  0.287,  0.477
  0.588,  0.281,  0.472
  0.586,  0.284,  0.481
  0.595,  0.277,  0.475
  0.594,  0.280,  0.484
  0.603,  0.274,  0.477
  0.602,  0.276,  0.487
  0.610,  0.270,  0.479
  0.610,  0.272,  0.489
  0.618,  0.266,  0.480
  0.618,  0.268,  0.490
  0.626,  0.262,  0.481
  0.626,  0.264,  0.491
  0.633,  0.258,  0.481
  0.635,  0.259,  0.491
  0.641,  0.254,  0.480
  0.643,  0.255,  0.490
  0.648,  0.249,  0.479
  0.651,  0.250,  0.488
  0.655,  0.245,  0.477
  0.658,  0.246,  0.486
  0.662,  0.241,  0.474
  0.666,  0.241,  0.483
  0.669,  0.236,  0.471
  0.673,  0.236,  0.480
  0.676,  0.232,  0.467
  0.680,  0.231,  0.476
  0.682,  0.227,  0.463
  0.687,  0.227,  0.471
  0.688,  0.223,  0.458
  0.693,  0.222,  0.466
  0.693,  0.219,  0.452
  0.699,  0.217,  0.460
  0.698,  0.215,  0.446
  0.705,  0.213,  0.453
  0.703,  0.211,  0.439
  0.710,  0.209,  0.446
  0.707,  0.207,  0.433
  0.714,  0.205,  0.439
  0.711,  0.203,  0.425
  0.718,  0.201,  0.431
  0.714,  0.200,  0.417
  0.722,  0.197,  0.422
  0.717,  0.197,  0.409
  0.725,  0.193,  0.414
  0.719,  0.193,  0.401
  0.727,  0.190,  0.405
  0.721,  0.191,  0.393
  0.729,  0.187,  0.396
  0.722,  0.188,  0.384
  0.731,  0.184,  0.386
  0.723,  0.186,  0.375
  0.731,  0.182,  0.377
  0.723,  0.184,  0.366
  0.731,  0.179,  0.367
  0.723,  0.182,  0.357
  0.731,  0.177,  0.357
  0.722,  0.180,  0.348
  0.730,  0.176,  0.347
  0.720,  0.179,  0.339
  0.728,  0.174,  0.337
  0.718,  0.178,  0.330
  0.726,  0.173,  0.328
  0.715,  0.178,  0.321
  0.723,  0.173,  0.318
  0.712,  0.177,  0.312
  0.720,  0.173,  0.309
  0.709,  0.177,  0.304
  0.716,  0.173,  0.300
  0.705,  0.178,  0.295
  0.712,  0.173,  0.291
  0.700,  0.178,  0.287
  0.707,  0.174,  0.282
  0.695,  0.179,  0.280
  0.701,  0.175,  0.274
  0.690,  0.181,  0.273
  0.696,  0.176,  0.266
  0.684,  0.182,  0.266
  0.690,  0.178,  0.259
  0.678,  0.184,  0.259
  0.683,  0.180,  0.252
  0.672,  0.186,  0.253
  0.676,  0.182,  0.246
  0.665,  0.189,  0.248
  0.669,  0.185,  0.240
  0.658,  0.191,  0.243
  0.661,  0.187,  0.235
  0.651,  0.194,  0.239
  0.654,  0.191,  0.230
  0.644,  0.197,  0.235
  0.646,  0.194,  0.226
  0.636,  0.201,  0.232
  0.638,  0.198,  0.223
  0.629,  0.204,  0.230
  0.630,  0.201,  0.220
  0.621,  0.208,  0.228
  0.621,  0.205,  0.218
  0.613,  0.212,  0.227
  0.613,  0.210,  0.217
  0.606,  0.216,  0.226
  0.605,  0.214,  0.216
  0.604,  0.228,  0.224
  0.603,  0.226,  0.214
  0.596,  0.232,  0.225
  0.594,  0.231,  0.215
  0.589,  0.236,  0.226
  0.586,  0.235,  0.217
  0.581,  0.240,  0.228
  0.578,  0.240,  0.219
  0.574,  0.244,  0.231
  0.571,  0.244,  0.222
  0.567,  0.249,  0.234
  0.563,  0.249,  0.225
  0.561,  0.253,  0.238
  0.556,  0.253,  0.230
  0.554,  0.257,  0.243
  0.549,  0.258,  0.235
  0.548,  0.261,  0.248
  0.543,  0.262,  0.240
  0.543,  0.265,  0.253
  0.537,  0.267,  0.246
  0.538,  0.269,  0.260
  0.531,  0.271,  0.252
  0.533,  0.273,  0.266
  0.526,  0.275,  0.260
  0.528,  0.277,  0.273
  0.521,  0.279,  0.267
  0.525,  0.280,  0.280
  0.517,  0.283,  0.275
  0.521,  0.284,  0.288
  0.514,  0.286,  0.283
  0.518,  0.287,  0.296
  0.510,  0.290,  0.292
  0.516,  0.290,  0.305
  0.508,  0.293,  0.301
  0.514,  0.293,  0.313
  0.506,  0.296,  0.310
  0.513,  0.295,  0.322
  0.505,  0.299,  0.320
  0.512,  0.297,  0.331
  0.504,  0.301,  0.329
  0.512,  0.300,  0.340
  0.504,  0.304,  0.339
  0.513,  0.301,  0.349
  0.504,  0.306,  0.349
  0.514,  0.303,  0.358
  0.505,  0.307,  0.359
  0.515,  0.304,  0.367
  0.507,  0.308,  0.368
  0.517,  0.305,  0.376
  0.509,  0.309,  0.378
  0.520,  0.306,  0.385
  0.512,  0.310,  0.388
  0.523,  0.306,  0.394
  0.515,  0.310,  0.397
  0.527,  0.306,  0.402
  0.519,  0.310,  0.406
  0.531,  0.306,  0.410
  0.524,  0.310,  0.415
  0.535,  0.305,  0.418
  0.529,  0.310,  0.423
  0.540,  0.304,  0.426
  0.534,  0.309,  0.432
  0.546,  0.303,  0.433
  0.540,  0.307,  0.439
  0.551,  0.302,  0.440
  0.546,  0.306,  0.447
  0.558,  0.300,  0.446
  0.553,  0.304,  0.454
  0.564,  0.298,  0.452
  0.560,  0.302,  0.460
  0.571,  0.296,  0.457
  0.567,  0.299,  0.466
  0.578,  0.293,  0.462
  0.575,  0.297,  0.471
  0.585,  0.290,  0.467
  0.582,  0.294,  0.475
  0.593,  0.287,  0.470
  0.590,  0.291,  0.479
  0.600,  0.284,  0.473
  0.599,  0.287,  0.483
  0.608,  0.281,  0.476
  0.607,  0.283,  0.485
  0.616,  0.277,  0.477
  0.615,  0.280,  0.487
  0.624,  0.274,  0.479
  0.624,  0.276,  0.488
  0.631,  0.270,  0.479
  0.632,  0.272,  0.489
  0.639,  0.266,  0.479
  0.640,  0.267,  0.489
  0.647,  0.262,  0.478
  0.649,  0.263,  0.488
  0.654,  0.258,  0.477
  0.657,  0.258,  0.486
  0.662,  0.253,  0.475
  0.665,  0.254,  0.484
  0.669,  0.249,  0.472
  0.672,  0.249,  0.481
  0.676,  0.245,  0.469
  0.680,  0.245,  0.478
  0.682,  0.241,  0.465
  0.687,  0.240,  0.473
  0.689,  0.237,  0.460
  0.694,  0.236,  0.469
  0.695,  0.233,  0.455
  0.700,  0.231,  0.463
  0.700,  0.228,  0.450
  0.706,  0.227,  0.457
  0.705,  0.224,  0.444
  0.712,  0.223,  0.451
  0.710,  0.221,  0.437
  0.717,  0.219,  0.444
  0.715,  0.217,  0.430
  0.722,  0.215,  0.436
  0.718,  0.213,  0.423
  0.726,  0.211,  0.428
  0.722,  0.210,  0.415
  0.729,  0.207,  0.420
  0.725,  0.207,  0.407
  0.733,  0.204,  0.411
  0.727,  0.204,  0.399
  0.735,  0.200,  0.402
  0.729,  0.201,  0.390
  0.737,  0.197,  0.393
  0.730,  0.198,  0.381
  0.738,  0.195,  0.383
  0.731,  0.196,  0.372
  0.739,  0.192,  0.374
  0.731,  0.194,  0.363
  0.739,  0.190,  0.364
  0.730,  0.192,  0.354
  0.739,  0.188,  0.354
  0.729,  0.191,  0.345
  0.738,  0.186,  0.345
  0.728,  0.190,  0.336
  0.736,  0.185,  0.335
  0.726,  0.189,  0.327
  0.734,  0.184,  0.325
  0.723,  0.188,  0.318
  0.731,  0.183,  0.316
  0.720,  0.188,  0.309
  0.728,  0.183,  0.306
  0.716,  0.188,  0.301
  0.724,  0.183,  0.297
  0.712,  0.188,  0.293
  0.719,  0.183,  0.288
  0.708,  0.188,  0.285
  0.714,  0.184,  0.280
  0.703,  0.189,  0.277
  0.709,  0.185,  0.271
  0.697,  0.191,  0.270
  0.703,  0.186,  0.264
  0.692,  0.192,  0.263
  0.697,  0.188,  0.256
  0.685,  0.194,  0.257
  0.690,  0.190,  0.250
  0.679,  0.196,  0.251
  0.683,  0.192,  0.243
  0.672,  0.198,  0.246
  0.676,  0.194,  0.238
  0.665,  0.200,  0.241
  0.668,  0.197,  0.232
  0.658,  0.203,  0.237
  0.661,  0.200,  0.228
  0.650,  0.206,  0.233
  0.653,  0.203,  0.224
  0.643,  0.209,  0.230
  0.644,  0.206,  0.221
  0.635,  0.213,  0.228
  0.636,  0.210,  0.218
  0.627,  0.216,  0.226
  0.628,  0.214,  0.216
  0.619,  0.220,  0.225
  0.619,  0.218,  0.215
  0.612,  0.224,  0.224
  0.611,  0.222,  0.214
  0.610,  0.236,  0.222
  0.608,  0.234,  0.212
  0.602,  0.239,  0.223
  0.600,  0.238,  0.213
  0.594,  0.243,  0.225
  0.592,  0.243,  0.215
  0.587,  0.247,  0.227
  0.584,  0.247,  0.217
  0.580,  0.251,  0.229
  0.576,  0.251,  0.220
  0.572,  0.255,  0.233
  0.568,  0.256,  0.224
  0.566,  0.260,  0.237
  0.561,  0.260,  0.228
  0.559,  0.264,  0.241
  0.554,  0.264,  0.233
  0.553,  0.268,  0.246
  0.547,  0.269,  0.238
  0.547,  0.271,  0.252
  0.541,  0.273,  0.244
  0.542,  0.275,  0.258
  0.536,  0.277,  0.251
  0.537,  0.279,  0.265
  0.530,  0.281,  0.258
  0.533,  0.283,  0.272
  0.526,  0.285,  0.266
  0.529,  0.286,  0.279
  0.521,  0.288,  0.274
  0.525,  0.289,  0.287
  0.518,  0.292,  0.282
  0.523,  0.292,  0.295
  0.514,  0.295,  0.291
  0.520,  0.295,  0.303
  0.512,  0.298,  0.300
  0.518,  0.298,  0.312
  0.510,  0.301,  0.309
  0.517,  0.301,  0.321
  0.509,  0.304,  0.318
  0.516,  0.303,  0.330
  0.508,  0.307,  0.328
  0.516,  0.305,  0.339
  0.508,  0.309,  0.338
  0.517,  0.307,  0.348
  0.508,  0.311,  0.348
  0.518,  0.308,  0.357
  0.509,  0.312,  0.357
  0.519,  0.309,  0.366
  0.511,  0.314,  0.367
  0.521,  0.310,  0.375
  0.513,  0.315,  0.377
  0.524,  0.311,  0.384
  0.516,  0.315,  0.386
  0.527,  0.311,  0.392
  0.519,  0.316,  0.396
  0.531,  0.311,  0.401
  0.523,  0.316,  0.405
  0.535,  0.311,  0.409
  0.528,  0.316,  0.414
  0.539,  0.311,  0.417
  0.533,  0.315,  0.422
  0.544,  0.310,  0.424
  0.538,  0.314,  0.430
  0.550,  0.309,  0.432
  0.544,  0.313,  0.438
  0.556,  0.308,  0.438
  0.550,  0.312,  0.445
  0.562,  0.306,  0.445
  0.557,  0.310,  0.452
  0.569,  0.304,  0.451
  0.564,  0.308,  0.458
  0.576,  0.302,  0.456
  0.572,  0.306,  0.464
  0.583,  0.300,  0.461
  0.579,  0.303,  0.469
  0.590,  0.297,  0.465
  0.587,  0.300,  0.474
  0.598,  0.294,  0.468
  0.595,  0.297,  0.478
  0.605,  0.291,  0.471
  0.604,  0.294,  0.481
  0.613,  0.288,  0.474
  0.612,  0.291,  0.483
  0.621,  0.285,  0.476
  0.621,  0.287,  0.485
  0.629,  0.281,  0.477
  0.629,  0.283,  0.486
  0.637,  0.277,  0.477
  0.638,  0.279,  0.487
  0.645,  0.274,  0.477
  0.646,  0.275,  0.487
  0.653,  0.270,  0.476
  0.655,  0.271,  0.486
  0.660,  0.266,  0.475
  0.663,  0.267,  0.484
  0.668,  0.262,  0.473
  0.671,  0.262,  0.482
  0.675,  0.258,  0.470
  0.679,  0.258,  0.479
  0.682,  0.254,  0.466
  0.686,  0.254,  0.475
  0.689,  0.250,  0.462
  0.694,  0.249,  0.471
  0.695,  0.246,  0.458
  0.701,  0.245,  0.466
  0.701,  0.242,  0.453
  0.707,  0.241,  0.461
  0.707,  0.238,  0.447
  0.713,  0.237,  0.455
  0.713,  0.234,  0.441
  0.719,  0.232,  0.448
  0.717,  0.230,  0.435
  0.724,  0.228,  0.441
  0.722,  0.227,  0.428
  0.729,  0.225,  0.434
  0.726,  0.223,  0.420
  0.733,  0.221,  0.426
  0.729,  0.220,  0.412
  0.737,  0.217,  0.417
  0.732,  0.217,  0.404
  0.740,  0.214,  0.409
  0.735,  0.214,  0.396
  0.743,  0.211,  0.400
  0.736,  0.211,  0.387
  0.745,  0.208,  0.390
  0.738,  0.209,  0.379
  0.746,  0.205,  0.381
  0.738,  0.207,  0.370
  0.747,  0.203,  0.371
  0.739,  0.204,  0.361
  0.747,  0.201,  0.361
  0.738,  0.203,  0.352
  0.747,  0.199,  0.352
  0.737,  0.201,  0.342
  0.746,  0.197,  0.342
  0.736,  0.200,  0.333
  0.744,  0.196,  0.332
  0.734,  0.199,  0.324
  0.742,  0.195,  0.322
  0.731,  0.198,  0.315
  0.739,  0.194,  0.313
  0.728,  0.198,  0.307
  0.735,  0.194,  0.304
  0.724,  0.198,  0.298
  0.732,  0.194,  0.294
  0.720,  0.198,  0.290
  0.727,  0.194,  0.286
  0.715,  0.199,  0.282
  0.722,  0.194,  0.277
  0.710,  0.199,  0.275
  0.717,  0.195,  0.269
  0.705,  0.200,  0.268
  0.711,  0.196,  0.261
  0.699,  0.202,  0.261
  0.704,  0.198,  0.254
  0.693,  0.203,  0.254
  0.698,  0.199,  0.247
  0.686,  0.205,  0.249
  0.690,  0.201,  0.241
  0.679,  0.207,  0.243
  0.683,  0.204,  0.235
  0.672,  0.210,  0.239
  0.675,  0.206,  0.230
  0.665,  0.212,  0.234
  0.667,  0.209,  0.225
  0.657,  0.215,  0.231
  0.659,  0.212,  0.222
  0.649,  0.218,  0.228
  0.651,  0.215,  0.218
  0.641,  0.221,  0.225
  0.642,  0.219,  0.216
  0.633,  0.225,  0.224
  0.634,  0.222,  0.214
  0.626,  0.228,  0.222
  0.625,  0.226,  0.213
  0.618,  0.232,  0.222
  0.617,  0.230,  0.212
  0.616,  0.244,  0.220
  0.614,  0.242,  0.210
  0.608,  0.247,  0.221
  0.606,  0.246,  0.211
  0.600,  0.251,  0.223
  0.597,  0.250,  0.213
  0.592,  0.255,  0.225
  0.589,  0.254,  0.215
  0.585,  0.259,  0.228
  0.581,  0.258,  0.218
  0.578,  0.262,  0.231
  0.573,  0.262,  0.222
  0.571,  0.266,  0.235
  0.566,  0.267,  0.226
  0.564,  0.270,  0.240
  0.559,  0.271,  0.231
  0.558,  0.274,  0.245
  0.552,  0.275,  0.237
  0.552,  0.278,  0.250
  0.546,  0.279,  0.243
  0.547,  0.281,  0.256
  0.540,  0.283,  0.249
  0.542,  0.285,  0.263
  0.535,  0.287,  0.257
  0.537,  0.288,  0.270
  0.530,  0.290,  0.264
  0.533,  0.292,  0.278
  0.525,  0.294,  0.272
  0.530,  0.295,  0.285
  0.522,  0.297,  0.281
  0.527,  0.298,  0.293
  0.518,  0.301,  0.289
  0.524,  0.301,  0.302
  0.516,  0.304,  0.298
  0.522,  0.304,  0.310
  0.514,  0.307,  0.308
  0.521,  0.306,  0.319
  0.512,  0.309,  0.317
  0.520,  0.308,  0.328
  0.512,  0.312,  0.327
  0.520,  0.310,  0.337
  0.511,  0.314,  0.336
  0.520,  0.312,  0.346
  0.512,  0.316,  0.346
  0.521,  0.313,  0.355
  0.513,  0.317,  0.356
  0.523,  0.315,  0.365
  0.514,  0.319,  0.366
  0.525,  0.316,  0.373
  0.517,  0.320,  0.375
  0.528,  0.316,  0.382
  0.520,  0.320,  0.385
  0.531,  0.317,  0.391
  0.523,  0.321,  0.394
  0.535,  0.317,  0.399
  0.527,  0.321,  0.403
  0.539,  0.317,  0.408
  0.532,  0.321,  0.412
  0.544,  0.316,  0.416
  0.537,  0.320,  0.421
  0.549,  0.316,  0.423
  0.542,  0.320,  0.429
  0.554,  0.315,  0.430
  0.548,  0.319,  0.437
  0.560,  0.313,  0.437
  0.555,  0.317,  0.444
  0.567,  0.312,  0.443
  0.561,  0.316,  0.451
  0.573,  0.310,  0.449
  0.569,  0.314,  0.457
  0.580,  0.308,  0.454
  0.576,  0.312,  0.462
  0.588,  0.306,  0.459
  0.584,  0.309,  0.468
  0.595,  0.304,  0.463
  0.592,  0.307,  0.472
  0.603,  0.301,  0.467
  0.600,  0.304,  0.476
  0.611,  0.298,  0.470
  0.609,  0.301,  0.479
  0.619,  0.295,  0.472
  0.617,  0.298,  0.482
  0.627,  0.292,  0.474
  0.626,  0.294,  0.483
  0.635,  0.289,  0.475
  0.635,  0.291,  0.485
  0.643,  0.285,  0.475
  0.643,  0.287,  0.485
  0.651,  0.282,  0.475
  0.652,  0.283,  0.485
  0.659,  0.278,  0.474
  0.661,  0.279,  0.484
  0.666,  0.274,  0.473
  0.669,  0.275,  0.482
  0.674,  0.270,  0.470
  0.677,  0.271,  0.480
  0.682,  0.267,  0.468
  0.685,  0.267,  0.477
  0.689,  0.263,  0.464
  0.693,  0.263,  0.473
  0.696,  0.259,  0.460
  0.700,  0.258,  0.469
  0.702,  0.255,  0.456
  0.707,  0.254,  0.464
  0.708,  0.251,  0.451
  0.714,  0.250,  0.458
  0.714,  0.247,  0.445
  0.720,  0.246,  0.452
  0.720,  0.244,  0.439
  0.726,  0.242,  0.446
  0.725,  0.240,  0.432
  0.732,  0.238,  0.439
  0.729,  0.237,  0.425
  0.736,  0.235,  0.431
  0.733,  0.233,  0.418
  0.741,  0.231,  0.423
  0.737,  0.230,  0.410
  0.745,  0.228,  0.415
  0.740,  0.227,  0.402
  0.748,  0.224,  0.406
  0.742,  0.224,  0.393
  0.750,  0.221,  0.397
  0.744,  0.222,  0.385
  0.753,  0.218,  0.388
  0.745,  0.219,  0.376
  0.754,  0.216,  0.378
  0.746,  0.217,  0.367
  0.755,  0.213,  0.369
  0.746,  0.215,  0.358
  0.755,  0.211,  0.359
  0.746,  0.213,  0.349
  0.755,  0.209,  0.349
  0.745,  0.212,  0.340
  0.753,  0.208,  0.339
  0.743,  0.211,  0.331
  0.752,  0.207,  0.329
  0.741,  0.210,  0.322
  0.750,  0.205,  0.320
  0.739,  0.209,  0.313
  0.747,  0.205,  0.310
  0.735,  0.208,  0.304
  0.743,  0.204,  0.301
  0.732,  0.208,  0.296
  0.739,  0.204,  0.292
  0.727,  0.208,  0.288
  0.735,  0.204,  0.283
  0.723,  0.209,  0.280
  0.730,  0.205,  0.274
  0.718,  0.210,  0.272
  0.724,  0.205,  0.266
  0.712,  0.210,  0.265
  0.718,  0.206,  0.259
  0.706,  0.212,  0.258
  0.712,  0.208,  0.251
  0.700,  0.213,  0.252
  0.705,  0.209,  0.245
  0.693,  0.215,  0.246
  0.698,  0.211,  0.238
  0.686,  0.217,  0.241
  0.690,  0.213,  0.233
  0.679,  0.219,  0.236
  0.682,  0.216,  0.228
  0.671,  0.221,  0.232
  0.674,  0.218,  0.223
  0.664,  0.224,  0.228
  0.666,  0.221,  0.219
  0.656,  0.227,  0.226
  0.657,  0.224,  0.216
  0.648,  0.230,  0.223
  0.649,  0.227,  0.214
  0.640,  0.233,  0.221
  0.640,  0.231,  0.212
  0.632,  0.236,  0.220
  0.632,  0.234,  0.211
  0.624,  0.240,  0.220
  0.623,  0.238,  0.210
  0.621,  0.251,  0.218
  0.620,  0.250,  0.208
  0.613,  0.255,  0.219
  0.611,  0.254,  0.209
  0.605,  0.258,  0.221
  0.603,  0.258,  0.211
  0.598,  0.262,  0.223
  0.594,  0.261,  0.214
  0.590,  0.266,  0.226
  0.586,  0.265,  0.217
  0.583,  0.269,  0.229
  0.578,  0.269,  0.220
  0.576,  0.273,  0.233
  0.571,  0.273,  0.225
  0.569,  0.277,  0.238
  0.564,  0.277,  0.230
  0.563,  0.280,  0.243
  0.557,  0.281,  0.235
  0.557,  0.284,  0.249
  0.550,  0.285,  0.241
  0.551,  0.288,  0.255
  0.544,  0.289,  0.248
  0.546,  0.291,  0.262
  0.539,  0.293,  0.255
  0.542,  0.294,  0.269
  0.534,  0.296,  0.263
  0.537,  0.298,  0.276
  0.530,  0.300,  0.271
  0.534,  0.301,  0.284
  0.526,  0.303,  0.279
  0.531,  0.304,  0.292
  0.522,  0.306,  0.288
  0.528,  0.306,  0.300
  0.520,  0.309,  0.297
  0.526,  0.309,  0.309
  0.518,  0.312,  0.306
  0.525,  0.311,  0.318
  0.516,  0.314,  0.316
  0.524,  0.313,  0.327
  0.515,  0.317,  0.325
  0.524,  0.315,  0.336
  0.515,  0.319,  0.335
  0.524,  0.317,  0.345
  0.516,  0.321,  0.345
  0.525,  0.319,  0.354
  0.517,  0.322,  0.355
  0.527,  0.320,  0.363
  0.518,  0.324,  0.365
  0.529,  0.321,  0.372
  0.520,  0.325,  0.374
  0.532,  0.322,  0.381
  0.523,  0.326,  0.384
  0.535,  0.322,  0.390
  0.527,  0.326,  0.393
  0.539,  0.322,  0.398
  0.531,  0.326,  0.402
  0.543,  0.322,  0.406
  0.535,  0.326,  0.411
  0.548,  0.322,  0.414
  0.541,  0.326,  0.419
  0.553,  0.321,  0.422
  0.546,  0.325,  0.427
  0.559,  0.320,  0.429
  0.552,  0.324,  0.435
  0.565,  0.319,  0.435
  0.559,  0.323,  0.442
  0.571,  0.318,  0.442
  0.566,  0.322,  0.449
  0.578,  0.316,  0.447
  0.573,  0.320,  0.455
  0.585,  0.315,  0.453
  0.581,  0.318,  0.461
  0.592,  0.313,  0.457
  0.589,  0.316,  0.466
  0.600,  0.310,  0.462
  0.597,  0.313,  0.470
  0.608,  0.308,  0.465
  0.605,  0.311,  0.474
  0.616,  0.305,  0.468
  0.614,  0.308,  0.477
  0.624,  0.302,  0.470
  0.623,  0.305,  0.480
  0.632,  0.299,  0.472
  0.631,  0.302,  0.482
  0.640,  0.296,  0.473
  0.640,  0.298,  0.483
  0.648,  0.293,  0.473
  0.649,  0.295,  0.483
  0.657,  0.289,  0.473
  0.658,  0.291,  0.483
  0.665,  0.286,  0.472
  0.667,  0.287,  0.482
  0.673,  0.282,  0.471
  0.675,  0.283,  0.480
  0.680,  0.279,  0.468
  0.684,  0.279,  0.478
  0.688,  0.275,  0.465
  0.692,  0.275,  0.475
  0.695,  0.271,  0.462
  0.699,  0.272,  0.471
  0.702,  0.268,  0.458
  0.707,  0.268,  0.467
  0.709,  0.264,  0.453
  0.714,  0.264,  0.462
  0.715,  0.260,  0.448
  0.721,  0.260,  0.456
  0.721,  0.257,  0.443
  0.727,  0.256,  0.450
  0.727,  0.253,  0.436
  0.733,  0.252,  0.443
  0.732,  0.250,  0.430
  0.739,  0.248,  0.436
  0.736,  0.246,  0.423
  0.744,  0.245,  0.429
  0.741,  0.243,  0.415
  0.748,  0.241,  0.421
  0.744,  0.240,  0.407
  0.752,  0.238,  0.412
  0.747,  0.237,  0.399
  0.755,  0.235,  0.403
  0.750,  0.235,  0.391
  0.758,  0.232,  0.394
  0.752,  0.232,  0.382
  0.760,  0.229,  0.385
  0.753,  0.230,  0.373
  0.762,  0.226,  0.375
  0.754,  0.227,  0.364
  0.763,  0.224,  0.366
  0.754,  0.225,  0.355
  0.763,  0.222,  0.356
  0.754,  0.224,  0.346
  0.762,  0.220,  0.346
  0.753,  0.222,  0.337
  0.761,  0.219,  0.336
  0.751,  0.221,  0.328
  0.760,  0.217,  0.327
  0.749,  0.220,  0.319
  0.757,  0.216,  0.317
  0.746,  0.219,  0.310
  0.755,  0.215,  0.308
  0.743,  0.219,  0.302
  0.751,  0.215,  0.298
  0.739,  0.219,  0.293
  0.747,  0.215,  0.289
  0.735,  0.219,  0.285
  0.742,  0.215,  0.280
  0.730,  0.219,  0.277
  0.737,  0.215,  0.272
  0.725,  0.220,  0.270
  0.732,  0.216,  0.264
  0.719,  0.220,  0.262
  0.726,  0.217,  0.256
  0.713,  0.222,  0.256
  0.719,  0.218,  0.249
  0.707,  0.223,  0.250
  0.712,  0.219,  0.242
  0.700,  0.224,  0.244
  0.705,  0.221,  0.236
  0.693,  0.226,  0.239
  0.697,  0.223,  0.230
  0.686,  0.228,  0.234
  0.689,  0.225,  0.225
  0.678,  0.231,  0.230
  0.681,  0.228,  0.221
  0.670,  0.233,  0.226
  0.673,  0.230,  0.217
  0.662,  0.236,  0.223
  0.664,  0.233,  0.214
  0.654,  0.239,  0.221
  0.655,  0.236,  0.211
  0.646,  0.242,  0.219
  0.646,  0.239,  0.210
  0.638,  0.245,  0.218
  0.638,  0.243,  0.209
  0.630,  0.248,  0.218
  0.629,  0.246,  0.208
  0.627,  0.259,  0.216
  0.626,  0.258,  0.206
  0.619,  0.263,  0.217
  0.617,  0.261,  0.208
  0.611,  0.266,  0.219
  0.608,  0.265,  0.209
  0.603,  0.269,  0.221
  0.600,  0.269,  0.212
  0.595,  0.273,  0.224
  0.592,  0.272,  0.215
  0.588,  0.276,  0.227
  0.584,  0.276,  0.219
  0.581,  0.280,  0.232
  0.576,  0.280,  0.223
  0.574,  0.283,  0.236
  0.569,  0.284,  0.228
  0.567,  0.287,  0.241
  0.562,  0.288,  0.234
  0.561,  0.290,  0.247
  0.555,  0.291,  0.240
  0.556,  0.294,  0.253
  0.549,  0.295,  0.246
  0.551,  0.297,  0.260
  0.543,  0.299,  0.254
  0.546,  0.300,  0.267
  0.538,  0.302,  0.261
  0.542,  0.303,  0.275
  0.534,  0.305,  0.269
  0.538,  0.306,  0.282
  0.530,  0.309,  0.278
  0.535,  0.309,  0.291
  0.526,  0.312,  0.287
  0.532,  0.312,  0.299
  0.524,  0.314,  0.296
  0.530,  0.314,  0.308
  0.522,  0.317,  0.305
  0.529,  0.317,  0.317
  0.520,  0.320,  0.314
  0.528,  0.319,  0.326
  0.519,  0.322,  0.324
  0.528,  0.321,  0.335
  0.519,  0.324,  0.334
  0.528,  0.322,  0.344
  0.519,  0.326,  0.344
  0.529,  0.324,  0.353
  0.520,  0.327,  0.353
  0.531,  0.325,  0.362
  0.522,  0.329,  0.363
  0.533,  0.326,  0.371
  0.524,  0.330,  0.373
  0.536,  0.327,  0.380
  0.527,  0.331,  0.382
  0.539,  0.327,  0.388
  0.531,  0.331,  0.392
  0.543,  0.328,  0.397
  0.535,  0.331,  0.401
  0.547,  0.328,  0.405
  0.539,  0.331,  0.410
  0.552,  0.327,  0.413
  0.545,  0.331,  0.418
  0.557,  0.327,  0.420
  0.550,  0.331,  0.426
  0.563,  0.326,  0.427
  0.556,  0.330,  0.434
  0.569,  0.325,  0.434
  0.563,  0.329,  0.441
  0.575,  0.324,  0.440
  0.570,  0.328,  0.448
  0.582,  0.323,  0.446
  0.578,  0.326,  0.454
  0.590,  0.321,  0.451
  0.585,  0.324,  0.459
  0.597,  0.319,  0.456
  0.593,  0.322,  0.464
  0.605,  0.317,  0.460
  0.602,  0.320,  0.469
  0.613,  0.315,  0.463
  0.610,  0.317,  0.473
  0.621,  0.312,  0.466
  0.619,  0.315,  0.476
  0.629,  0.309,  0.468
  0.628,  0.312,  0.478
  0.637,  0.307,  0.470
  0.637,  0.309,  0.480
  0.646,  0.304,  0.471
  0.646,  0.306,  0.481
  0.654,  0.301,  0.471
  0.655,  0.302,  0.481
  0.662,  0.297,  0.471
  0.664,  0.299,  0.481
  0.671,  0.294,  0.470
  0.673,  0.295,  0.480
  0.679,  0.291,  0.468
  0.681,  0.292,  0.478
  0.687,  0.287,  0.466
  0.690,  0.288,  0.476
  0.694,  0.284,  0.463
  0.698,  0.284,  0.472
  0.702,  0.280,  0.460
  0.706,  0.280,  0.469
  0.709,  0.277,  0.456
  0.714,  0.277,  0.464
  0.716,  0.273,  0.451
  0.721,  0.273,  0.459
  0.722,  0.270,  0.446
  0.728,  0.269,  0.454
  0.728,  0.266,  0.440
  0.735,  0.265,  0.448
  0.734,  0.263,  0.434
  0.741,  0.262,  0.441
  0.739,  0.260,  0.427
  0.746,  0.258,  0.434
  0.744,  0.256,  0.420
  0.751,  0.255,  0.426
  0.748,  0.253,  0.413
  0.756,  0.251,  0.418
  0.752,  0.250,  0.405
  0.760,  0.248,  0.410
  0.755,  0.247,  0.397
  0.763,  0.245,  0.401
  0.757,  0.245,  0.388
  0.766,  0.242,  0.392
  0.759,  0.242,  0.380
  0.768,  0.240,  0.382
  0.761,  0.240,  0.371
  0.770,  0.237,  0.373
  0.761,  0.238,  0.362
  0.770,  0.235,  0.363
  0.762,  0.236,  0.353
  0.771,  0.233,  0.353
  0.761,  0.234,  0.344
  0.770,  0.231,  0.344
  0.760,  0.233,  0.334
  0.769,  0.229,  0.334
  0.759,  0.232,  0.325
  0.768,  0.228,  0.324
  0.757,  0.231,  0.316
  0.765,  0.227,  0.314
  0.754,  0.230,  0.308
  0.762,  0.226,  0.305
  0.751,  0.229,  0.299
  0.759,  0.225,  0.296
  0.747,  0.229,  0.291
  0.755,  0.225,  0.286
  0.743,  0.229,  0.282
  0.750,  0.225,  0.278
  0.738,  0.229,  0.275
  0.745,  0.225,  0.269
  0.733,  0.230,  0.267
  0.739,  0.226,  0.261
  0.727,  0.230,  0.260
  0.733,  0.227,  0.254
  0.721,  0.231,  0.253
  0.726,  0.228,  0.246
  0.714,  0.233,  0.247
  0.719,  0.229,  0.240
  0.707,  0.234,  0.241
  0.712,  0.231,  0.234
  0.700,  0.236,  0.236
  0.704,  0.232,  0.228
  0.692,  0.238,  0.232
  0.696,  0.235,  0.223
  0.685,  0.240,  0.227
  0.688,  0.237,  0.219
  0.677,  0.242,  0.224
  0.679,  0.239,  0.215
  0.669,  0.245,  0.221
  0.671,  0.242,  0.212
  0.660,  0.247,  0.219
  0.662,  0.245,  0.209
  0.652,  0.250,  0.217
  0.653,  0.248,  0.207
  0.644,  0.253,  0.216
  0.644,  0.251,  0.206
  0.635,  0.256,  0.216
  0.635,  0.254,  0.206
  0.633,  0.267,  0.214
  0.632,  0.266,  0.204
  0.625,  0.270,  0.215
  0.623,  0.269,  0.206
  0.616,  0.273,  0.217
  0.614,  0.273,  0.207
  0.608,  0.277,  0.219
  0.605,  0.276,  0.210
  0.601,  0.280,  0.222
  0.597,  0.280,  0.213
  0.593,  0.283,  0.226
  0.589,  0.283,  0.217
  0.586,  0.287,  0.230
  0.581,  0.287,  0.221
  0.579,  0.290,  0.235
  0.573,  0.290,  0.226
  0.572,  0.293,  0.240
  0.566,  0.294,  0.232
  0.566,  0.297,  0.246
  0.560,  0.298,  0.238
  0.560,  0.300,  0.252
  0.553,  0.301,  0.245
  0.555,  0.303,  0.259
  0.548,  0.304,  0.252
  0.550,  0.306,  0.266
  0.543,  0.308,  0.260
  0.546,  0.309,  0.273
  0.538,  0.311,  0.268
  0.542,  0.312,  0.281
  0.534,  0.314,  0.276
  0.539,  0.315,  0.289
  0.530,  0.317,  0.285
  0.536,  0.317,  0.298
  0.528,  0.320,  0.294
  0.534,  0.320,  0.306
  0.525,  0.322,  0.304
  0.533,  0.322,  0.315
  0.524,  0.325,  0.313
  0.532,  0.324,  0.324
  0.523,  0.327,  0.323
  0.532,  0.326,  0.333
  0.523,  0.329,  0.333
  0.532,  0.328,  0.342
  0.523,  0.331,  0.342
  0.533,  0.329,  0.351
  0.524,  0.332,  0.352
  0.535,  0.330,  0.361
  0.526,  0.334,  0.362
  0.537,  0.331,  0.369
  0.528,  0.335,  0.372
  0.540,  0.332,  0.378
  0.531,  0.336,  0.381
  0.543,  0.333,  0.387
  0.535,  0.336,  0.390
  0.547,  0.333,  0.395
  0.539,  0.337,  0.399
  0.551,  0.333,  0.404
  0.543,  0.337,  0.408
  0.556,  0.333,  0.411
  0.549,  0.337,  0.417
  0.561,  0.333,  0.419
  0.554,  0.336,  0.425
  0.567,  0.332,  0.426
  0.561,  0.336,  0.432
  0.573,  0.331,  0.432
  0.567,  0.335,  0.439
  0.580,  0.330,  0.439
  0.575,  0.333,  0.446
  0.587,  0.329,  0.444
  0.582,  0.332,  0.452
  0.594,  0.327,  0.450
  0.590,  0.330,  0.458
  0.602,  0.325,  0.454
  0.598,  0.328,  0.463
  0.610,  0.324,  0.458
  0.607,  0.326,  0.467
  0.618,  0.321,  0.462
  0.615,  0.324,  0.471
  0.626,  0.319,  0.464
  0.624,  0.322,  0.474
  0.634,  0.317,  0.467
  0.633,  0.319,  0.476
  0.643,  0.314,  0.468
  0.642,  0.316,  0.478
  0.651,  0.311,  0.469
  0.651,  0.313,  0.479
  0.660,  0.308,  0.469
  0.660,  0.310,  0.479
  0.668,  0.305,  0.469
  0.670,  0.307,  0.479
  0.677,  0.302,  0.468
  0.679,  0.303,  0.478
  0.685,  0.299,  0.466
  0.687,  0.300,  0.476
  0.693,  0.296,  0.464
  0.696,  0.296,  0.473
  0.701,  0.292,  0.461
  0.704,  0.293,  0.470
  0.708,  0.289,  0.458
  0.713,  0.289,  0.467
  0.715,  0.286,  0.453
  0.720,  0.286,  0.462
  0.722,  0.282,  0.449
  0.728,  0.282,  0.457
  0.729,  0.279,  0.444
  0.735,  0.278,  0.451
  0.735,  0.276,  0.438
  0.742,  0.275,  0.445
  0.741,  0.272,  0.432
  0.748,  0.271,  0.438
  0.746,  0.269,  0.425
  0.754,  0.268,  0.431
  0.751,  0.266,  0.418
  0.759,  0.265,  0.424
  0.755,  0.263,  0.410
  0.763,  0.261,  0.415
  0.759,  0.260,  0.402
  0.767,  0.258,  0.407
  0.762,  0.258,  0.394
  0.771,  0.255,  0.398
  0.765,  0.255,  0.386
  0.774,  0.253,  0.389
  0.767,  0.253,  0.377
  0.776,  0.250,  0.380
  0.768,  0.250,  0.368
  0.777,  0.248,  0.370
  0.769,  0.248,  0.359
  0.778,  0.245,  0.361
  0.769,  0.246,  0.350
  0.779,  0.243,  0.351
  0.769,  0.245,  0.341
  0.778,  0.242,  0.341
  0.768,  0.243,  0.332
  0.777,  0.240,  0.331
  0.767,  0.242,  0.323
  0.776,  0.239,  0.321
  0.764,  0.241,  0.314
  0.773,  0.237,  0.312
  0.762,  0.240,  0.305
  0.770,  0.237,  0.302
  0.758,  0.240,  0.296
  0.767,  0.236,  0.293
  0.755,  0.239,  0.288
  0.763,  0.236,  0.284
  0.750,  0.239,  0.280
  0.758,  0.236,  0.275
  0.745,  0.239,  0.272
  0.753,  0.236,  0.267
  0.740,  0.240,  0.265
  0.747,  0.236,  0.259
  0.734,  0.240,  0.257
  0.741,  0.237,  0.251
  0.728,  0.241,  0.251
  0.734,  0.238,  0.244
  0.721,  0.242,  0.245
  0.727,  0.239,  0.237
  0.714,  0.244,  0.239
  0.719,  0.240,  0.231
  0.707,  0.245,  0.234
  0.711,  0.242,  0.226
  0.699,  0.247,  0.229
  0.703,  0.244,  0.221
  0.692,  0.249,  0.225
  0.695,  0.246,  0.216
  0.683,  0.251,  0.222
  0.686,  0.248,  0.212
  0.675,  0.253,  0.219
  0.677,  0.251,  0.209
  0.667,  0.256,  0.217
  0.668,  0.254,  0.207
  0.658,  0.258,  0.215
  0.659,  0.256,  0.205
  0.650,  0.261,  0.214
  0.650,  0.259,  0.204
  0.641,  0.264,  0.214
  0.641,  0.262,  0.204
  0.639,  0.275,  0.212
  0.637,  0.274,  0.202
  0.630,  0.278,  0.213
  0.628,  0.277,  0.204
  0.622,  0.281,  0.215
  0.619,  0.280,  0.205
  0.614,  0.284,  0.217
  0.611,  0.283,  0.208
  0.606,  0.287,  0.220
  0.602,  0.287,  0.211
  0.598,  0.290,  0.224
  0.594,  0.290,  0.215
  0.591,  0.294,  0.228
  0.586,  0.293,  0.220
  0.584,  0.297,  0.233
  0.578,  0.297,  0.225
  0.577,  0.300,  0.238
  0.571,  0.300,  0.230
  0.571,  0.303,  0.244
  0.564,  0.304,  0.237
  0.565,  0.306,  0.250
  0.558,  0.307,  0.243
  0.560,  0.309,  0.257
  0.552,  0.310,  0.251
  0.555,  0.312,  0.264
  0.547,  0.314,  0.258
  0.550,  0.315,  0.272
  0.542,  0.317,  0.266
  0.546,  0.318,  0.280
  0.538,  0.320,  0.275
  0.543,  0.320,  0.288
  0.534,  0.322,  0.284
  0.540,  0.323,  0.296
  0.532,  0.325,  0.293
  0.538,  0.325,  0.305
  0.529,  0.328,  0.302
  0.537,  0.327,  0.314
  0.528,  0.330,  0.312
  0.536,  0.329,  0.323
  0.527,  0.332,  0.322
  0.536,  0.331,  0.332
  0.526,  0.334,  0.331
  0.536,  0.333,  0.341
  0.527,  0.336,  0.341
  0.537,  0.334,  0.350
  0.528,  0.338,  0.351
  0.539,  0.336,  0.359
  0.529,  0.339,  0.361
  0.541,  0.337,  0.368
  0.532,  0.340,  0.370
  0.543,  0.338,  0.377
  0.535,  0.341,  0.380
  0.547,  0.338,  0.386
  0.538,  0.342,  0.389
  0.551,  0.339,  0.394
  0.543,  0.342,  0.398
  0.555,  0.339,  0.402
  0.547,  0.342,  0.407
  0.560,  0.339,  0.410
  0.553,  0.342,  0.415
  0.565,  0.338,  0.417
  0.558,  0.342,  0.423
  0.571,  0.338,  0.424
  0.565,  0.341,  0.431
  0.578,  0.337,  0.431
  0.572,  0.340,  0.438
  0.584,  0.336,  0.437
  0.579,  0.339,  0.445
  0.591,  0.335,  0.443
  0.586,  0.338,  0.451
  0.599,  0.334,  0.448
  0.594,  0.337,  0.456
  0.607,  0.332,  0.453
  0.603,  0.335,  0.461
  0.615,  0.330,  0.457
  0.611,  0.333,  0.465
  0.623,  0.328,  0.460
  0.620,  0.331,  0.469
  0.631,  0.326,  0.463
  0.629,  0.328,  0.472
  0.640,  0.324,  0.465
  0.638,  0.326,  0.474
  0.648,  0.321,  0.466
  0.648,  0.323,  0.476
  0.657,  0.319,  0.467
  0.657,  0.321,  0.477
  0.665,  0.316,  0.467
  0.666,  0.318,  0.477
  0.674,  0.313,  0.467
  0.675,  0.315,  0.477
  0.682,  0.310,  0.466
  0.685,  0.311,  0.476
  0.691,  0.307,  0.464
  0.693,  0.308,  0.474
  0.699,  0.304,  0.462
  0.702,  0.305,  0.471
  0.707,  0.301,  0.459
  0.711,  0.302,  0.468
  0.715,  0.298,  0.455
  0.719,  0.298,  0.464
  0.722,  0.295,  0.451
  0.727,  0.295,  0.460
  0.729,  0.291,  0.446
  0.735,  0.291,  0.455
  0.736,  0.288,  0.441
  0.742,  0.288,  0.449
  0.742,  0.285,  0.435
  0.749,  0.284,  0.443
  0.748,  0.282,  0.429
  0.755,  0.281,  0.436
  0.753,  0.279,  0.422
  0.761,  0.278,  0.429
  0.758,  0.276,  0.415
  0.766,  0.275,  0.421
  0.763,  0.273,  0.408
  0.771,  0.272,  0.413
  0.766,  0.270,  0.400
  0.775,  0.269,  0.404
  0.770,  0.268,  0.392
  0.778,  0.266,  0.396
  0.772,  0.265,  0.383
  0.781,  0.263,  0.386
  0.775,  0.263,  0.374
  0.784,  0.261,  0.377
  0.776,  0.261,  0.366
  0.785,  0.258,  0.368
  0.777,  0.259,  0.357
  0.786,  0.256,  0.358
  0.777,  0.257,  0.347
  0.786,  0.254,  0.348
  0.777,  0.255,  0.338
  0.786,  0.252,  0.338
  0.776,  0.254,  0.329
  0.785,  0.251,  0.328
  0.774,  0.252,  0.320
  0.783,  0.249,  0.319
  0.772,  0.251,  0.311
  0.781,  0.248,  0.309
  0.769,  0.251,  0.302
  0.778,  0.247,  0.300
  0.766,  0.250,  0.294
  0.775,  0.247,  0.290
  0.762,  0.250,  0.285
  0.770,  0.246,  0.281
  0.758,  0.249,  0.277
  0.766,  0.246,  0.272
  0.753,  0.250,  0.269
  0.760,  0.246,  0.264
  0.747,  0.250,  0.262
  0.754,  0.246,  0.256
  0.742,  0.250,  0.255
  0.748,  0.247,  0.248
  0.735,  0.251,  0.248
  0.741,  0.248,  0.241
  0.728,  0.252,  0.242
  0.734,  0.249,  0.235
  0.721,  0.253,  0.237
  0.726,  0.250,  0.229
  0.714,  0.255,  0.231
  0.718,  0.252,  0.223
  0.706,  0.256,  0.227
  0.710,  0.253,  0.218
  0.698,  0.258,  0.223
  0.701,  0.255,  0.214
  0.690,  0.260,  0.219
  0.693,  0.257,  0.210
  0.682,  0.262,  0.217
  0.684,  0.260,  0.207
  0.673,  0.264,  0.214
  0.675,  0.262,  0.205
  0.665,  0.267,  0.213
  0.665,  0.265,  0.203
  0.656,  0.270,  0.212
  0.656,  0.268,  0.202
  0.647,  0.272,  0.212
  0.647,  0.271,  0.202
  0.645,  0.283,  0.210
  0.643,  0.281,  0.201
  0.636,  0.286,  0.211
  0.634,  0.284,  0.202
  0.628,  0.289,  0.213
  0.625,  0.287,  0.204
  0.619,  0.291,  0.216
  0.616,  0.291,  0.206
  0.611,  0.294,  0.219
  0.607,  0.294,  0.209
  0.603,  0.297,  0.222
  0.599,  0.297,  0.213
  0.596,  0.300,  0.226
  0.591,  0.300,  0.218
  0.589,  0.303,  0.231
  0.583,  0.303,  0.223
  0.582,  0.306,  0.237
  0.576,  0.307,  0.229
  0.575,  0.309,  0.242
  0.569,  0.310,  0.235
  0.569,  0.312,  0.249
  0.562,  0.313,  0.242
  0.564,  0.315,  0.255
  0.556,  0.316,  0.249
  0.559,  0.318,  0.263
  0.551,  0.319,  0.257
  0.555,  0.321,  0.270
  0.546,  0.322,  0.265
  0.551,  0.323,  0.278
  0.542,  0.325,  0.274
  0.547,  0.326,  0.286
  0.538,  0.328,  0.282
  0.545,  0.328,  0.295
  0.535,  0.330,  0.292
  0.542,  0.331,  0.304
  0.533,  0.333,  0.301
  0.541,  0.333,  0.312
  0.531,  0.335,  0.311
  0.540,  0.335,  0.321
  0.530,  0.337,  0.320
  0.540,  0.337,  0.331
  0.530,  0.339,  0.330
  0.540,  0.338,  0.340
  0.531,  0.341,  0.340
  0.541,  0.340,  0.349
  0.532,  0.343,  0.350
  0.542,  0.341,  0.358
  0.533,  0.344,  0.359
  0.545,  0.342,  0.367
  0.536,  0.345,  0.369
  0.547,  0.343,  0.376
  0.539,  0.346,  0.379
  0.551,  0.344,  0.384
  0.542,  0.347,  0.388
  0.555,  0.344,  0.393
  0.546,  0.347,  0.397
  0.559,  0.344,  0.401
  0.551,  0.347,  0.406
  0.564,  0.344,  0.409
  0.557,  0.347,  0.414
  0.570,  0.344,  0.416
  0.563,  0.347,  0.422
  0.576,  0.344,  0.423
  0.569,  0.347,  0.429
  0.582,  0.343,  0.430
  0.576,  0.346,  0.437
  0.589,  0.342,  0.436
  0.583,  0.345,  0.443
  0.596,  0.341,  0.441
  0.591,  0.344,  0.449
  0.604,  0.340,  0.446
  0.599,  0.343,  0.455
  0.611,  0.338,  0.451
  0.608,  0.341,  0.460
  0.620,  0.337,  0.455
  0.616,  0.339,  0.464
  0.628,  0.335,  0.458
  0.625,  0.338,  0.467
  0.636,  0.333,  0.461
  0.634,  0.335,  0.470
  0.645,  0.331,  0.463
  0.644,  0.333,  0.473
  0.654,  0.329,  0.465
  0.653,  0.331,  0.474
  0.662,  0.326,  0.465
  0.662,  0.328,  0.475
  0.671,  0.324,  0.466
  0.672,  0.325,  0.475
  0.680,  0.321,  0.465
  0.681,  0.322,  0.475
  0.688,  0.318,  0.464
  0.690,  0.320,  0.474
  0.697,  0.315,  0.462
  0.700,  0.316,  0.472
  0.705,  0.313,  0.460
  0.709,  0.313,  0.469
  0.713,  0.310,  0.457
  0.717,  0.310,  0.466
  0.721,  0.307,  0.453
  0.726,  0.307,  0.462
  0.729,  0.304,  0.449
  0.734,  0.304,  0.458
  0.736,  0.301,  0.444
  0.742,  0.301,  0.452
  0.743,  0.298,  0.439
  0.749,  0.297,  0.447
  0.749,  0.295,  0.433
  0.756,  0.294,  0.440
  0.755,  0.292,  0.427
  0.762,  0.291,  0.434
  0.761,  0.289,  0.420
  0.768,  0.288,  0.426
  0.766,  0.286,  0.413
  0.773,  0.285,  0.418
  0.770,  0.283,  0.405
  0.778,  0.282,  0.410
  0.774,  0.281,  0.397
  0.782,  0.279,  0.402
  0.777,  0.278,  0.389
  0.786,  0.276,  0.393
  0.780,  0.276,  0.380
  0.789,  0.274,  0.384
  0.782,  0.273,  0.372
  0.791,  0.271,  0.374
  0.784,  0.271,  0.363
  0.793,  0.269,  0.365
  0.785,  0.269,  0.354
  0.794,  0.267,  0.355
  0.785,  0.267,  0.345
  0.794,  0.265,  0.345
  0.785,  0.266,  0.336
  0.794,  0.263,  0.336
  0.784,  0.264,  0.327
  0.793,  0.261,  0.326
  0.782,  0.263,  0.318
  0.791,  0.260,  0.316
  0.780,  0.262,  0.309
  0.789,  0.259,  0.306
  0.777,  0.261,  0.300
  0.786,  0.258,  0.297
  0.774,  0.260,  0.291
  0.782,  0.257,  0.288
  0.770,  0.260,  0.283
  0.778,  0.257,  0.279
  0.765,  0.260,  0.275
  0.773,  0.257,  0.270
  0.760,  0.260,  0.267
  0.768,  0.256,  0.261
  0.755,  0.260,  0.259
  0.762,  0.257,  0.253
  0.749,  0.260,  0.252
  0.756,  0.257,  0.246
  0.742,  0.261,  0.246
  0.749,  0.258,  0.239
  0.736,  0.262,  0.240
  0.741,  0.259,  0.232
  0.728,  0.263,  0.234
  0.734,  0.260,  0.226
  0.721,  0.264,  0.229
  0.725,  0.261,  0.221
  0.713,  0.266,  0.225
  0.717,  0.263,  0.216
  0.705,  0.267,  0.221
  0.708,  0.265,  0.212
  0.697,  0.269,  0.217
  0.699,  0.266,  0.208
  0.688,  0.271,  0.214
  0.690,  0.269,  0.205
  0.680,  0.273,  0.212
  0.681,  0.271,  0.203
  0.671,  0.275,  0.211
  0.672,  0.273,  0.201
  0.662,  0.278,  0.210
  0.662,  0.276,  0.200
  0.653,  0.280,  0.210
  0.653,  0.279,  0.200
  0.650,  0.291,  0.208
  0.649,  0.289,  0.199
  0.642,  0.293,  0.209
  0.640,  0.292,  0.200
  0.633,  0.296,  0.211
  0.630,  0.295,  0.202
  0.625,  0.299,  0.214
  0.621,  0.298,  0.204
  0.616,  0.301,  0.217
  0.612,  0.301,  0.208
  0.608,  0.304,  0.220
  0.604,  0.304,  0.212
  0.601,  0.307,  0.225
  0.596,  0.307,  0.216
  0.594,  0.310,  0.230
  0.588,  0.310,  0.221
  0.587,  0.313,  0.235
  0.580,  0.313,  0.227
  0.580,  0.316,  0.241
  0.573,  0.316,  0.233
  0.574,  0.318,  0.247
  0.567,  0.319,  0.240
  0.568,  0.321,  0.254
  0.561,  0.322,  0.248
  0.563,  0.324,  0.261
  0.555,  0.325,  0.255
  0.559,  0.327,  0.269
  0.550,  0.328,  0.264
  0.555,  0.329,  0.277
  0.546,  0.331,  0.272
  0.551,  0.332,  0.285
  0.542,  0.333,  0.281
  0.549,  0.334,  0.294
  0.539,  0.336,  0.290
  0.546,  0.336,  0.302
  0.537,  0.338,  0.300
  0.545,  0.338,  0.311
  0.535,  0.340,  0.309
  0.544,  0.340,  0.320
  0.534,  0.342,  0.319
  0.544,  0.342,  0.329
  0.534,  0.344,  0.329
  0.544,  0.344,  0.338
  0.534,  0.346,  0.339
  0.545,  0.345,  0.347
  0.535,  0.348,  0.348
  0.546,  0.346,  0.357
  0.537,  0.349,  0.358
  0.549,  0.347,  0.366
  0.539,  0.350,  0.368
  0.551,  0.348,  0.374
  0.542,  0.351,  0.377
  0.555,  0.349,  0.383
  0.546,  0.352,  0.387
  0.559,  0.349,  0.391
  0.550,  0.352,  0.396
  0.563,  0.350,  0.399
  0.555,  0.353,  0.404
  0.568,  0.350,  0.407
  0.561,  0.353,  0.413
  0.574,  0.350,  0.414
  0.567,  0.353,  0.421
  0.580,  0.349,  0.421
  0.573,  0.352,  0.428
  0.586,  0.349,  0.428
  0.580,  0.352,  0.435
  0.593,  0.348,  0.434
  0.588,  0.351,  0.442
  0.601,  0.347,  0.440
  0.595,  0.350,  0.448
  0.608,  0.346,  0.445
  0.604,  0.349,  0.453
  0.616,  0.345,  0.449
  0.612,  0.348,  0.458
  0.624,  0.343,  0.453
  0.621,  0.346,  0.462
  0.633,  0.342,  0.456
  0.630,  0.344,  0.466
  0.641,  0.340,  0.459
  0.639,  0.342,  0.469
  0.650,  0.338,  0.461
  0.649,  0.340,  0.471
  0.659,  0.336,  0.463
  0.658,  0.338,  0.472
  0.668,  0.334,  0.463
  0.668,  0.336,  0.473
  0.677,  0.331,  0.464
  0.677,  0.333,  0.473
  0.686,  0.329,  0.463
  0.687,  0.330,  0.473
  0.694,  0.326,  0.462
  0.696,  0.328,  0.472
  0.703,  0.324,  0.460
  0.706,  0.325,  0.470
  0.711,  0.321,  0.458
  0.715,  0.322,  0.467
  0.720,  0.318,  0.455
  0.724,  0.319,  0.464
  0.728,  0.315,  0.451
  0.732,  0.316,  0.460
  0.735,  0.313,  0.447
  0.740,  0.313,  0.455
  0.743,  0.310,  0.442
  0.748,  0.310,  0.450
  0.750,  0.307,  0.437
  0.756,  0.307,  0.444
  0.756,  0.304,  0.431
  0.763,  0.304,  0.438
  0.762,  0.301,  0.424
  0.769,  0.301,  0.431
  0.768,  0.298,  0.417
  0.775,  0.298,  0.424
  0.773,  0.296,  0.410
  0.781,  0.295,  0.416
  0.777,  0.293,  0.403
  0.786,  0.292,  0.408
  0.781,  0.291,  0.395
  0.790,  0.289,  0.399
  0.785,  0.288,  0.386
  0.794,  0.287,  0.390
  0.788,  0.286,  0.378
  0.797,  0.284,  0.381
  0.790,  0.284,  0.369
  0.799,  0.282,  0.372
  0.791,  0.282,  0.360
  0.801,  0.279,  0.362
  0.792,  0.280,  0.351
  0.802,  0.277,  0.352
  0.793,  0.278,  0.342
  0.802,  0.275,  0.343
  0.792,  0.276,  0.333
  0.802,  0.274,  0.333
  0.791,  0.275,  0.324
  0.801,  0.272,  0.323
  0.790,  0.273,  0.315
  0.799,  0.271,  0.313
  0.788,  0.272,  0.306
  0.797,  0.270,  0.304
  0.785,  0.272,  0.297
  0.794,  0.269,  0.294
  0.781,  0.271,  0.289
  0.790,  0.268,  0.285
  0.777,  0.270,  0.280
  0.786,  0.267,  0.276
  0.773,  0.270,  0.272
  0.781,  0.267,  0.267
  0.768,  0.270,  0.264
  0.776,  0.267,  0.259
  0.762,  0.270,  0.257
  0.770,  0.267,  0.251
  0.756,  0.270,  0.250
  0.763,  0.267,  0.243
  0.750,  0.271,  0.243
  0.756,  0.268,  0.236
  0.743,  0.272,  0.237
  0.749,  0.269,  0.230
  0.736,  0.272,  0.232
  0.741,  0.270,  0.224
  0.728,  0.274,  0.227
  0.733,  0.271,  0.218
  0.720,  0.275,  0.222
  0.724,  0.272,  0.213
  0.712,  0.276,  0.218
  0.715,  0.274,  0.209
  0.703,  0.278,  0.215
  0.706,  0.276,  0.206
  0.695,  0.280,  0.212
  0.697,  0.277,  0.203
  0.686,  0.282,  0.210
  0.687,  0.280,  0.201
  0.677,  0.284,  0.209
  0.678,  0.282,  0.199
  0.668,  0.286,  0.208
  0.668,  0.284,  0.198
  0.659,  0.288,  0.208
  0.659,  0.287,  0.198
  0.656,  0.299,  0.206
  0.655,  0.297,  0.197
  0.647,  0.301,  0.208
  0.645,  0.300,  0.198
  0.639,  0.304,  0.209
  0.636,  0.302,  0.200
  0.630,  0.306,  0.212
  0.627,  0.305,  0.203
  0.622,  0.309,  0.215
  0.618,  0.308,  0.206
  0.614,  0.311,  0.219
  0.609,  0.311,  0.210
  0.606,  0.314,  0.223
  0.601,  0.314,  0.215
  0.598,  0.317,  0.228
  0.593,  0.317,  0.220
  0.591,  0.319,  0.233
  0.585,  0.319,  0.226
  0.585,  0.322,  0.239
  0.578,  0.322,  0.232
  0.579,  0.325,  0.246
  0.571,  0.325,  0.239
  0.573,  0.327,  0.252
  0.565,  0.328,  0.246
  0.568,  0.330,  0.260
  0.560,  0.331,  0.254
  0.563,  0.332,  0.267
  0.555,  0.333,  0.262
  0.559,  0.335,  0.275
  0.550,  0.336,  0.271
  0.556,  0.337,  0.284
  0.546,  0.339,  0.280
  0.553,  0.339,  0.292
  0.543,  0.341,  0.289
  0.550,  0.342,  0.301
  0.541,  0.343,  0.298
  0.549,  0.344,  0.310
  0.539,  0.346,  0.308
  0.548,  0.345,  0.319
  0.538,  0.348,  0.318
  0.547,  0.347,  0.328
  0.538,  0.349,  0.327
  0.548,  0.349,  0.337
  0.538,  0.351,  0.337
  0.549,  0.350,  0.346
  0.539,  0.353,  0.347
  0.550,  0.352,  0.355
  0.541,  0.354,  0.357
  0.552,  0.353,  0.364
  0.543,  0.355,  0.367
  0.555,  0.354,  0.373
  0.546,  0.356,  0.376
  0.559,  0.354,  0.382
  0.550,  0.357,  0.385
  0.563,  0.355,  0.390
  0.554,  0.358,  0.394
  0.567,  0.355,  0.398
  0.559,  0.358,  0.403
  0.572,  0.355,  0.406
  0.565,  0.358,  0.411
  0.578,  0.355,  0.413
  0.571,  0.358,  0.419
  0.584,  0.355,  0.420
  0.577,  0.358,  0.427
  0.591,  0.355,  0.427
  0.584,  0.358,  0.434
  0.598,  0.354,  0.433
  0.592,  0.357,  0.440
  0.605,  0.353,  0.438
  0.600,  0.356,  0.446
  0.613,  0.352,  0.443
  0.608,  0.355,  0.452
  0.621,  0.351,  0.448
  0.617,  0.354,  0.456
  0.629,  0.350,  0.451
  0.626,  0.353,  0.461
  0.638,  0.349,  0.455
  0.635,  0.351,  0.464
  0.647,  0.347,  0.457
  0.645,  0.349,  0.467
  0.655,  0.345,  0.459
  0.654,  0.347,  0.469
  0.664,  0.343,  0.461
  0.664,  0.345,  0.471
  0.673,  0.341,  0.462
  0.673,  0.343,  0.471
  0.683,  0.339,  0.462
  0.683,  0.341,  0.472
  0.691,  0.337,  0.461
  0.693,  0.338,  0.471
  0.700,  0.334,  0.460
  0.702,  0.336,  0.470
  0.709,  0.332,  0.458
  0.712,  0.333,  0.468
  0.718,  0.329,  0.456
  0.721,  0.330,  0.465
  0.726,  0.327,  0.452
  0.730,  0.328,  0.462
  0.734,  0.324,  0.449
  0.739,  0.325,  0.458
  0.742,  0.322,  0.444
  0.747,  0.322,  0.453
  0.749,  0.319,  0.440
  0.755,  0.319,  0.448
  0.756,  0.316,  0.434
  0.763,  0.316,  0.442
  0.763,  0.314,  0.428
  0.770,  0.313,  0.436
  0.769,  0.311,  0.422
  0.777,  0.310,  0.429
  0.775,  0.308,  0.415
  0.783,  0.308,  0.421
  0.780,  0.306,  0.408
  0.788,  0.305,  0.413
  0.785,  0.303,  0.400
  0.793,  0.302,  0.405
  0.789,  0.301,  0.392
  0.798,  0.299,  0.397
  0.792,  0.298,  0.384
  0.801,  0.297,  0.388
  0.795,  0.296,  0.375
  0.804,  0.294,  0.379
  0.797,  0.294,  0.367
  0.807,  0.292,  0.369
  0.799,  0.292,  0.358
  0.809,  0.290,  0.360
  0.800,  0.290,  0.349
  0.810,  0.288,  0.350
  0.800,  0.288,  0.340
  0.810,  0.286,  0.340
  0.800,  0.287,  0.330
  0.810,  0.284,  0.330
  0.799,  0.285,  0.321
  0.809,  0.283,  0.320
  0.798,  0.284,  0.312
  0.807,  0.281,  0.311
  0.795,  0.283,  0.303
  0.805,  0.280,  0.301
  0.793,  0.282,  0.294
  0.802,  0.279,  0.291
  0.789,  0.281,  0.286
  0.798,  0.278,  0.282
  0.785,  0.281,  0.278
  0.794,  0.278,  0.273
  0.781,  0.280,  0.269
  0.789,  0.277,  0.265
  0.775,  0.280,  0.262
  0.783,  0.277,  0.256
  0.770,  0.280,  0.254
  0.777,  0.277,  0.248
  0.764,  0.280,  0.247
  0.771,  0.277,  0.241
  0.757,  0.281,  0.241
  0.763,  0.278,  0.234
  0.750,  0.281,  0.235
  0.756,  0.279,  0.227
  0.743,  0.282,  0.229
  0.748,  0.279,  0.221
  0.735,  0.283,  0.224
  0.740,  0.280,  0.216
  0.727,  0.284,  0.220
  0.731,  0.282,  0.211
  0.718,  0.285,  0.216
  0.722,  0.283,  0.207
  0.710,  0.287,  0.213
  0.713,  0.285,  0.203
  0.701,  0.289,  0.210
  0.703,  0.286,  0.201
  0.692,  0.290,  0.208
  0.694,  0.288,  0.198
  0.683,  0.292,  0.207
  0.684,  0.290,  0.197
  0.674,  0.294,  0.206
  0.674,  0.292,  0.196
  0.665,  0.296,  0.206
  0.665,  0.295,  0.196
  0.653,  0.307,  0.195
  0.655,  0.309,  0.205
  0.663,  0.305,  0.195
  0.664,  0.306,  0.204
  0.673,  0.303,  0.195
  0.673,  0.305,  0.205
  0.682,  0.301,  0.195
  0.682,  0.303,  0.205
  0.692,  0.299,  0.197
  0.691,  0.301,  0.207
  0.702,  0.297,  0.199
  0.699,  0.299,  0.209
  0.711,  0.296,  0.202
  0.708,  0.298,  0.211
  0.720,  0.294,  0.205
  0.717,  0.297,  0.215
  0.729,  0.293,  0.210
  0.725,  0.296,  0.218
  0.738,  0.292,  0.214
  0.733,  0.295,  0.223
  0.746,  0.291,  0.220
  0.741,  0.294,  0.228
  0.754,  0.291,  0.226
  0.748,  0.293,  0.233
  0.761,  0.290,  0.232
  0.755,  0.293,  0.239
  0.769,  0.290,  0.239
  0.762,  0.293,  0.246
  0.775,  0.290,  0.247
  0.768,  0.293,  0.253
  0.781,  0.290,  0.255
  0.773,  0.293,  0.260
  0.787,  0.290,  0.263
  0.779,  0.293,  0.268
  0.792,  0.291,  0.272
  0.783,  0.293,  0.276
  0.796,  0.292,  0.281
  0.787,  0.294,  0.284
  0.800,  0.292,  0.290
  0.790,  0.295,  0.293
  0.803,  0.293,  0.299
  0.793,  0.296,  0.302
  0.805,  0.295,  0.309
  0.796,  0.297,  0.311
  0.807,  0.296,  0.319
  0.797,  0.298,  0.320
  0.808,  0.298,  0.328
  0.798,  0.300,  0.329
  0.808,  0.299,  0.338
  0.798,  0.301,  0.338
  0.808,  0.301,  0.348
  0.798,  0.303,  0.347
  0.807,  0.303,  0.358
  0.797,  0.305,  0.356
  0.805,  0.305,  0.367
  0.795,  0.307,  0.365
  0.802,  0.307,  0.377
  0.793,  0.309,  0.374
  0.799,  0.310,  0.386
  0.790,  0.311,  0.382
  0.796,  0.312,  0.395
  0.787,  0.313,  0.391
  0.791,  0.315,  0.404
  0.783,  0.316,  0.399
  0.786,  0.317,  0.412
  0.778,  0.318,  0.406
  0.781,  0.320,  0.420
  0.773,  0.320,  0.413
  0.775,  0.322,  0.427
  0.767,  0.323,  0.420
  0.768,  0.325,  0.434
  0.761,  0.325,  0.427
  0.761,  0.328,  0.440
  0.755,  0.328,  0.433
  0.753,  0.330,  0.446
  0.748,  0.330,  0.438
  0.745,  0.333,  0.452
  0.740,  0.333,  0.443
  0.737,  0.336,  0.456
  0.732,  0.335,  0.447
  0.728,  0.338,  0.460
  0.724,  0.338,  0.451
  0.719,  0.341,  0.464
  0.716,  0.340,  0.454
  0.710,  0.343,  0.466
  0.708,  0.342,  0.457
  0.701,  0.346,  0.468
  0.699,  0.344,  0.459
  0.691,  0.348,  0.470
  0.690,  0.347,  0.460
  0.682,  0.350,  0.470
  0.681,  0.349,  0.460
  0.672,  0.352,  0.470
  0.672,  0.351,  0.460
  0.662,  0.354,  0.469
  0.663,  0.352,  0.460
  0.653,  0.356,  0.468
  0.654,  0.354,  0.458
  0.643,  0.358,  0.466
  0.645,  0.356,  0.456
  0.634,  0.359,  0.463
  0.637,  0.357,  0.454
  0.625,  0.361,  0.460
  0.628,  0.358,  0.450
  0.616,  0.362,  0.455
  0.620,  0.359,  0.447
  0.607,  0.363,  0.451
  0.612,  0.360,  0.442
  0.599,  0.364,  0.445
  0.604,  0.361,  0.437
  0.591,  0.364,  0.439
  0.597,  0.362,  0.432
  0.583,  0.365,  0.433
  0.590,  0.362,  0.426
  0.576,  0.365,  0.426
  0.583,  0.362,  0.419
  0.570,  0.365,  0.418
  0.577,  0.362,  0.412
  0.564,  0.365,  0.410
  0.571,  0.362,  0.405
  0.558,  0.365,  0.402
  0.566,  0.362,  0.397
  0.553,  0.364,  0.393
  0.562,  0.362,  0.389
  0.549,  0.364,  0.384
  0.558,  0.361,  0.381
  0.545,  0.363,  0.375
  0.554,  0.360,  0.372
  0.542,  0.362,  0.366
  0.551,  0.359,  0.363
  0.540,  0.360,  0.356
  0.549,  0.358,  0.354
  0.538,  0.359,  0.346
  0.548,  0.357,  0.345
  0.537,  0.358,  0.336
  0.547,  0.355,  0.336
  0.537,  0.356,  0.327
  0.546,  0.354,  0.327
  0.537,  0.354,  0.317
  0.547,  0.352,  0.318
  0.538,  0.352,  0.307
  0.548,  0.350,  0.309
  0.540,  0.350,  0.298
  0.549,  0.348,  0.300
  0.542,  0.348,  0.288
  0.552,  0.346,  0.291
  0.545,  0.345,  0.279
  0.554,  0.344,  0.283
  0.549,  0.343,  0.270
  0.558,  0.342,  0.274
  0.553,  0.340,  0.261
  0.562,  0.340,  0.266
  0.558,  0.338,  0.253
  0.567,  0.337,  0.259
  0.564,  0.335,  0.245
  0.572,  0.335,  0.251
  0.570,  0.333,  0.238
  0.577,  0.332,  0.245
  0.577,  0.330,  0.231
  0.584,  0.330,  0.238
  0.584,  0.327,  0.225
  0.590,  0.327,  0.232
  0.591,  0.325,  0.219
  0.597,  0.325,  0.227
  0.599,  0.322,  0.213
  0.605,  0.322,  0.222
  0.608,  0.319,  0.209
  0.612,  0.320,  0.218
  0.616,  0.317,  0.205
  0.620,  0.318,  0.214
  0.625,  0.314,  0.201
  0.629,  0.315,  0.211
  0.634,  0.312,  0.199
  0.637,  0.313,  0.208
  0.644,  0.309,  0.197
  0.646,  0.311,  0.206
  0.652,  0.317,  0.194
  0.653,  0.318,  0.204
  0.661,  0.315,  0.193
  0.662,  0.317,  0.203
  0.671,  0.313,  0.193
  0.671,  0.315,  0.203
  0.681,  0.311,  0.194
  0.680,  0.313,  0.204
  0.690,  0.310,  0.196
  0.689,  0.312,  0.205
  0.700,  0.308,  0.198
  0.698,  0.310,  0.207
  0.709,  0.307,  0.201
  0.706,  0.309,  0.210
  0.718,  0.306,  0.204
  0.715,  0.308,  0.213
  0.727,  0.305,  0.208
  0.723,  0.307,  0.217
  0.736,  0.304,  0.213
  0.731,  0.307,  0.221
  0.744,  0.304,  0.218
  0.739,  0.306,  0.226
  0.752,  0.303,  0.224
  0.746,  0.306,  0.232
  0.759,  0.303,  0.231
  0.753,  0.305,  0.238
  0.767,  0.303,  0.238
  0.760,  0.305,  0.244
  0.773,  0.303,  0.245
  0.766,  0.305,  0.251
  0.779,  0.303,  0.253
  0.771,  0.305,  0.259
  0.785,  0.303,  0.261
  0.776,  0.306,  0.266
  0.790,  0.304,  0.270
  0.781,  0.306,  0.274
  0.794,  0.305,  0.279
  0.785,  0.307,  0.283
  0.797,  0.306,  0.288
  0.788,  0.308,  0.291
  0.801,  0.307,  0.298
  0.791,  0.309,  0.300
  0.803,  0.308,  0.307
  0.793,  0.310,  0.309
  0.805,  0.309,  0.317
  0.795,  0.311,  0.318
  0.806,  0.311,  0.327
  0.796,  0.313,  0.327
  0.806,  0.313,  0.337
  0.796,  0.314,  0.336
  0.806,  0.314,  0.346
  0.796,  0.316,  0.345
  0.804,  0.316,  0.356
  0.795,  0.318,  0.354
  0.803,  0.318,  0.366
  0.793,  0.320,  0.363
  0.800,  0.320,  0.375
  0.791,  0.322,  0.372
  0.797,  0.323,  0.384
  0.788,  0.324,  0.381
  0.794,  0.325,  0.393
  0.785,  0.326,  0.389
  0.789,  0.327,  0.402
  0.781,  0.328,  0.397
  0.784,  0.330,  0.410
  0.776,  0.330,  0.405
  0.779,  0.332,  0.418
  0.771,  0.332,  0.412
  0.773,  0.335,  0.426
  0.765,  0.335,  0.419
  0.766,  0.337,  0.432
  0.759,  0.337,  0.425
  0.759,  0.339,  0.439
  0.753,  0.339,  0.431
  0.752,  0.342,  0.445
  0.746,  0.342,  0.437
  0.744,  0.344,  0.450
  0.738,  0.344,  0.442
  0.735,  0.347,  0.455
  0.731,  0.346,  0.446
  0.727,  0.349,  0.459
  0.723,  0.348,  0.450
  0.718,  0.351,  0.462
  0.714,  0.350,  0.453
  0.709,  0.354,  0.465
  0.706,  0.352,  0.455
  0.699,  0.356,  0.467
  0.697,  0.354,  0.457
  0.690,  0.358,  0.468
  0.688,  0.356,  0.459
  0.680,  0.360,  0.469
  0.679,  0.358,  0.459
  0.670,  0.362,  0.469
  0.671,  0.360,  0.459
  0.661,  0.363,  0.468
  0.662,  0.361,  0.459
  0.651,  0.365,  0.467
  0.653,  0.363,  0.457
  0.642,  0.366,  0.465
  0.644,  0.364,  0.455
  0.632,  0.368,  0.462
  0.635,  0.365,  0.453
  0.623,  0.369,  0.458
  0.627,  0.367,  0.449
  0.614,  0.370,  0.454
  0.618,  0.367,  0.446
  0.606,  0.371,  0.450
  0.610,  0.368,  0.441
  0.597,  0.371,  0.444
  0.603,  0.369,  0.436
  0.590,  0.372,  0.438
  0.595,  0.369,  0.431
  0.582,  0.372,  0.432
  0.588,  0.369,  0.425
  0.575,  0.372,  0.425
  0.582,  0.370,  0.418
  0.568,  0.372,  0.417
  0.576,  0.370,  0.411
  0.562,  0.372,  0.410
  0.570,  0.369,  0.404
  0.557,  0.371,  0.401
  0.565,  0.369,  0.396
  0.552,  0.371,  0.393
  0.561,  0.368,  0.388
  0.548,  0.370,  0.384
  0.557,  0.368,  0.380
  0.544,  0.369,  0.374
  0.553,  0.367,  0.371
  0.541,  0.368,  0.365
  0.550,  0.366,  0.362
  0.539,  0.367,  0.355
  0.548,  0.365,  0.354
  0.537,  0.365,  0.346
  0.547,  0.363,  0.344
  0.536,  0.364,  0.336
  0.546,  0.362,  0.335
  0.536,  0.362,  0.326
  0.545,  0.360,  0.326
  0.536,  0.360,  0.316
  0.546,  0.359,  0.317
  0.537,  0.358,  0.306
  0.547,  0.357,  0.308
  0.539,  0.356,  0.297
  0.548,  0.355,  0.299
  0.541,  0.354,  0.287
  0.550,  0.353,  0.290
  0.544,  0.352,  0.278
  0.553,  0.351,  0.282
  0.548,  0.350,  0.269
  0.557,  0.349,  0.274
  0.552,  0.347,  0.260
  0.561,  0.347,  0.266
  0.557,  0.345,  0.252
  0.565,  0.345,  0.258
  0.563,  0.343,  0.244
  0.571,  0.342,  0.251
  0.569,  0.340,  0.237
  0.576,  0.340,  0.244
  0.575,  0.338,  0.230
  0.582,  0.338,  0.237
  0.583,  0.335,  0.224
  0.589,  0.335,  0.231
  0.590,  0.333,  0.218
  0.596,  0.333,  0.226
  0.598,  0.330,  0.212
  0.603,  0.331,  0.221
  0.606,  0.328,  0.208
  0.611,  0.329,  0.217
  0.615,  0.326,  0.204
  0.619,  0.326,  0.213
  0.624,  0.323,  0.200
  0.627,  0.324,  0.210
  0.633,  0.321,  0.197
  0.636,  0.322,  0.207
  0.642,  0.319,  0.195
  0.644,  0.320,  0.205
  0.650,  0.327,  0.193
  0.652,  0.328,  0.203
  0.660,  0.325,  0.192
  0.661,  0.327,  0.202
  0.669,  0.323,  0.192
  0.669,  0.325,  0.202
  0.679,  0.322,  0.193
  0.678,  0.324,  0.203
  0.689,  0.321,  0.194
  0.687,  0.322,  0.204
  0.698,  0.319,  0.196
  0.696,  0.321,  0.206
  0.707,  0.318,  0.199
  0.705,  0.320,  0.208
  0.716,  0.317,  0.203
  0.713,  0.320,  0.212
  0.725,  0.317,  0.207
  0.721,  0.319,  0.215
  0.734,  0.316,  0.211
  0.729,  0.318,  0.220
  0.742,  0.316,  0.217
  0.737,  0.318,  0.225
  0.750,  0.315,  0.223
  0.744,  0.318,  0.230
  0.758,  0.315,  0.229
  0.751,  0.317,  0.236
  0.765,  0.315,  0.236
  0.758,  0.318,  0.243
  0.771,  0.315,  0.243
  0.764,  0.318,  0.250
  0.777,  0.316,  0.251
  0.769,  0.318,  0.257
  0.783,  0.316,  0.260
  0.774,  0.319,  0.265
  0.787,  0.317,  0.268
  0.779,  0.319,  0.273
  0.792,  0.318,  0.277
  0.783,  0.320,  0.281
  0.795,  0.319,  0.286
  0.786,  0.321,  0.290
  0.798,  0.320,  0.296
  0.789,  0.322,  0.298
  0.801,  0.321,  0.305
  0.791,  0.323,  0.307
  0.802,  0.323,  0.315
  0.793,  0.324,  0.316
  0.803,  0.324,  0.325
  0.794,  0.326,  0.325
  0.804,  0.326,  0.335
  0.794,  0.327,  0.335
  0.803,  0.328,  0.345
  0.794,  0.329,  0.344
  0.802,  0.329,  0.354
  0.793,  0.331,  0.353
  0.801,  0.331,  0.364
  0.791,  0.332,  0.362
  0.798,  0.333,  0.374
  0.789,  0.334,  0.370
  0.795,  0.335,  0.383
  0.786,  0.336,  0.379
  0.792,  0.338,  0.392
  0.783,  0.338,  0.387
  0.787,  0.340,  0.400
  0.779,  0.340,  0.395
  0.782,  0.342,  0.409
  0.774,  0.342,  0.403
  0.777,  0.344,  0.417
  0.769,  0.345,  0.410
  0.771,  0.347,  0.424
  0.764,  0.347,  0.417
  0.764,  0.349,  0.431
  0.757,  0.349,  0.424
  0.757,  0.351,  0.437
  0.751,  0.351,  0.430
  0.750,  0.353,  0.443
  0.744,  0.353,  0.435
  0.742,  0.356,  0.449
  0.737,  0.355,  0.440
  0.734,  0.358,  0.453
  0.729,  0.357,  0.445
  0.725,  0.360,  0.457
  0.721,  0.359,  0.448
  0.716,  0.362,  0.461
  0.713,  0.361,  0.452
  0.707,  0.364,  0.464
  0.704,  0.363,  0.454
  0.698,  0.366,  0.466
  0.696,  0.365,  0.456
  0.688,  0.368,  0.467
  0.687,  0.366,  0.457
  0.679,  0.369,  0.468
  0.678,  0.368,  0.458
  0.669,  0.371,  0.468
  0.669,  0.369,  0.458
  0.659,  0.372,  0.467
  0.660,  0.371,  0.457
  0.650,  0.374,  0.466
  0.651,  0.372,  0.456
  0.640,  0.375,  0.464
  0.642,  0.373,  0.454
  0.631,  0.376,  0.461
  0.634,  0.374,  0.452
  0.622,  0.377,  0.457
  0.625,  0.375,  0.448
  0.613,  0.378,  0.453
  0.617,  0.375,  0.445
  0.605,  0.378,  0.449
  0.609,  0.376,  0.440
  0.596,  0.379,  0.443
  0.602,  0.376,  0.435
  0.588,  0.379,  0.437
  0.594,  0.377,  0.430
  0.581,  0.379,  0.431
  0.587,  0.377,  0.424
  0.574,  0.379,  0.424
  0.581,  0.377,  0.417
  0.567,  0.379,  0.417
  0.575,  0.377,  0.410
  0.561,  0.378,  0.409
  0.569,  0.376,  0.403
  0.556,  0.378,  0.400
  0.564,  0.376,  0.395
  0.551,  0.377,  0.392
  0.559,  0.375,  0.387
  0.547,  0.376,  0.383
  0.555,  0.374,  0.379
  0.543,  0.375,  0.374
  0.552,  0.373,  0.370
  0.540,  0.374,  0.364
  0.549,  0.372,  0.362
  0.538,  0.373,  0.354
  0.547,  0.371,  0.353
  0.536,  0.372,  0.345
  0.546,  0.370,  0.344
  0.535,  0.370,  0.335
  0.545,  0.368,  0.335
  0.535,  0.368,  0.325
  0.544,  0.367,  0.325
  0.535,  0.367,  0.315
  0.545,  0.365,  0.316
  0.536,  0.365,  0.305
  0.546,  0.364,  0.307
  0.538,  0.363,  0.296
  0.547,  0.362,  0.298
  0.540,  0.361,  0.286
  0.549,  0.360,  0.290
  0.543,  0.359,  0.277
  0.552,  0.358,  0.281
  0.547,  0.357,  0.268
  0.556,  0.356,  0.273
  0.551,  0.354,  0.260
  0.560,  0.354,  0.265
  0.556,  0.352,  0.251
  0.564,  0.352,  0.257
  0.562,  0.350,  0.243
  0.569,  0.350,  0.250
  0.568,  0.348,  0.236
  0.575,  0.348,  0.243
  0.574,  0.345,  0.229
  0.581,  0.346,  0.236
  0.581,  0.343,  0.223
  0.588,  0.343,  0.230
  0.589,  0.341,  0.217
  0.595,  0.341,  0.225
  0.597,  0.339,  0.211
  0.602,  0.339,  0.220
  0.605,  0.337,  0.207
  0.610,  0.337,  0.215
  0.614,  0.334,  0.202
  0.618,  0.335,  0.212
  0.622,  0.332,  0.199
  0.626,  0.333,  0.208
  0.632,  0.330,  0.196
  0.634,  0.332,  0.206
  0.641,  0.328,  0.194
  0.643,  0.330,  0.204
  0.649,  0.336,  0.192
  0.650,  0.338,  0.201
  0.658,  0.335,  0.191
  0.659,  0.337,  0.201
  0.668,  0.334,  0.191
  0.668,  0.335,  0.201
  0.677,  0.332,  0.191
  0.677,  0.334,  0.201
  0.687,  0.331,  0.193
  0.686,  0.333,  0.203
  0.696,  0.330,  0.195
  0.694,  0.332,  0.204
  0.706,  0.330,  0.198
  0.703,  0.332,  0.207
  0.715,  0.329,  0.201
  0.711,  0.331,  0.210
  0.723,  0.328,  0.205
  0.719,  0.330,  0.214
  0.732,  0.328,  0.210
  0.727,  0.330,  0.218
  0.740,  0.328,  0.215
  0.735,  0.330,  0.223
  0.748,  0.328,  0.221
  0.742,  0.330,  0.229
  0.756,  0.328,  0.227
  0.749,  0.330,  0.235
  0.763,  0.328,  0.234
  0.756,  0.330,  0.241
  0.769,  0.328,  0.242
  0.762,  0.330,  0.248
  0.775,  0.329,  0.250
  0.767,  0.331,  0.255
  0.780,  0.329,  0.258
  0.772,  0.331,  0.263
  0.785,  0.330,  0.267
  0.777,  0.332,  0.271
  0.790,  0.331,  0.276
  0.781,  0.333,  0.279
  0.793,  0.332,  0.285
  0.784,  0.334,  0.288
  0.796,  0.333,  0.294
  0.787,  0.335,  0.297
  0.799,  0.335,  0.304
  0.789,  0.336,  0.306
  0.800,  0.336,  0.314
  0.791,  0.337,  0.315
  0.801,  0.337,  0.323
  0.792,  0.339,  0.324
  0.802,  0.339,  0.333
  0.792,  0.340,  0.333
  0.801,  0.341,  0.343
  0.792,  0.342,  0.342
  0.800,  0.343,  0.353
  0.791,  0.344,  0.351
  0.799,  0.344,  0.362
  0.789,  0.345,  0.360
  0.796,  0.346,  0.372
  0.787,  0.347,  0.369
  0.793,  0.348,  0.381
  0.784,  0.349,  0.377
  0.790,  0.350,  0.390
  0.781,  0.351,  0.386
  0.785,  0.352,  0.399
  0.777,  0.353,  0.394
  0.780,  0.355,  0.407
  0.772,  0.355,  0.402
  0.775,  0.357,  0.415
  0.767,  0.357,  0.409
  0.769,  0.359,  0.422
  0.762,  0.359,  0.416
  0.762,  0.361,  0.429
  0.756,  0.361,  0.422
  0.755,  0.363,  0.436
  0.749,  0.362,  0.428
  0.748,  0.365,  0.442
  0.742,  0.364,  0.434
  0.740,  0.367,  0.447
  0.735,  0.366,  0.439
  0.732,  0.369,  0.452
  0.727,  0.368,  0.443
  0.723,  0.371,  0.456
  0.719,  0.370,  0.447
  0.714,  0.373,  0.460
  0.711,  0.371,  0.450
  0.705,  0.374,  0.462
  0.703,  0.373,  0.453
  0.696,  0.376,  0.464
  0.694,  0.375,  0.455
  0.687,  0.377,  0.466
  0.685,  0.376,  0.456
  0.677,  0.379,  0.467
  0.676,  0.377,  0.457
  0.668,  0.380,  0.467
  0.668,  0.379,  0.457
  0.658,  0.381,  0.466
  0.659,  0.380,  0.456
  0.648,  0.383,  0.465
  0.650,  0.381,  0.455
  0.639,  0.383,  0.463
  0.641,  0.382,  0.453
  0.630,  0.384,  0.460
  0.633,  0.382,  0.450
  0.621,  0.385,  0.456
  0.624,  0.383,  0.447
  0.612,  0.386,  0.452
  0.616,  0.384,  0.444
  0.603,  0.386,  0.448
  0.608,  0.384,  0.439
  0.595,  0.386,  0.442
  0.600,  0.384,  0.434
  0.587,  0.386,  0.436
  0.593,  0.384,  0.429
  0.580,  0.386,  0.430
  0.586,  0.384,  0.423
  0.573,  0.386,  0.423
  0.580,  0.384,  0.416
  0.566,  0.386,  0.416
  0.574,  0.384,  0.409
  0.560,  0.385,  0.408
  0.568,  0.383,  0.402
  0.555,  0.385,  0.400
  0.563,  0.383,  0.394
  0.550,  0.384,  0.391
  0.558,  0.382,  0.386
  0.546,  0.383,  0.382
  0.554,  0.381,  0.378
  0.542,  0.382,  0.373
  0.551,  0.380,  0.370
  0.539,  0.381,  0.363
  0.548,  0.379,  0.361
  0.537,  0.379,  0.354
  0.546,  0.378,  0.352
  0.535,  0.378,  0.344
  0.544,  0.376,  0.343
  0.534,  0.376,  0.334
  0.544,  0.375,  0.334
  0.534,  0.375,  0.324
  0.543,  0.374,  0.325
  0.534,  0.373,  0.314
  0.544,  0.372,  0.315
  0.535,  0.371,  0.305
  0.545,  0.370,  0.306
  0.537,  0.369,  0.295
  0.546,  0.369,  0.297
  0.539,  0.368,  0.286
  0.548,  0.367,  0.289
  0.542,  0.366,  0.276
  0.551,  0.365,  0.280
  0.546,  0.364,  0.267
  0.555,  0.363,  0.272
  0.550,  0.361,  0.259
  0.559,  0.361,  0.264
  0.555,  0.359,  0.250
  0.563,  0.359,  0.256
  0.560,  0.357,  0.242
  0.568,  0.357,  0.249
  0.566,  0.355,  0.235
  0.574,  0.355,  0.242
  0.573,  0.353,  0.228
  0.580,  0.353,  0.235
  0.580,  0.351,  0.222
  0.586,  0.351,  0.229
  0.587,  0.349,  0.216
  0.593,  0.350,  0.224
  0.595,  0.347,  0.210
  0.601,  0.348,  0.219
  0.604,  0.345,  0.205
  0.608,  0.346,  0.214
  0.612,  0.343,  0.201
  0.616,  0.344,  0.210
  0.621,  0.341,  0.198
  0.624,  0.342,  0.207
  0.630,  0.340,  0.195
  0.633,  0.341,  0.205
  0.639,  0.338,  0.193
  0.641,  0.339,  0.203
  0.647,  0.346,  0.190
  0.649,  0.348,  0.200
  0.657,  0.345,  0.190
  0.657,  0.347,  0.199
  0.666,  0.344,  0.189
  0.666,  0.346,  0.199
  0.676,  0.343,  0.190
  0.675,  0.345,  0.200
  0.685,  0.342,  0.191
  0.684,  0.344,  0.201
  0.695,  0.341,  0.193
  0.693,  0.343,  0.203
  0.704,  0.341,  0.196
  0.701,  0.343,  0.206
  0.713,  0.340,  0.200
  0.709,  0.342,  0.209
  0.722,  0.340,  0.204
  0.718,  0.342,  0.212
  0.730,  0.340,  0.208
  0.726,  0.342,  0.217
  0.738,  0.340,  0.214
  0.733,  0.342,  0.222
  0.746,  0.340,  0.219
  0.740,  0.342,  0.227
  0.754,  0.340,  0.226
  0.747,  0.342,  0.233
  0.761,  0.340,  0.233
  0.754,  0.342,  0.240
  0.767,  0.341,  0.240
  0.760,  0.343,  0.246
  0.773,  0.342,  0.248
  0.765,  0.343,  0.254
  0.778,  0.342,  0.256
  0.770,  0.344,  0.261
  0.783,  0.343,  0.265
  0.775,  0.345,  0.269
  0.788,  0.344,  0.274
  0.779,  0.346,  0.278
  0.791,  0.345,  0.283
  0.782,  0.347,  0.286
  0.794,  0.347,  0.292
  0.785,  0.348,  0.295
  0.797,  0.348,  0.302
  0.787,  0.349,  0.304
  0.798,  0.349,  0.312
  0.789,  0.350,  0.313
  0.799,  0.351,  0.322
  0.790,  0.352,  0.322
  0.800,  0.352,  0.332
  0.790,  0.353,  0.331
  0.799,  0.354,  0.341
  0.790,  0.355,  0.340
  0.798,  0.356,  0.351
  0.789,  0.357,  0.349
  0.797,  0.358,  0.361
  0.787,  0.358,  0.358
  0.794,  0.359,  0.370
  0.785,  0.360,  0.367
  0.791,  0.361,  0.380
  0.782,  0.362,  0.376
  0.788,  0.363,  0.389
  0.779,  0.363,  0.384
  0.783,  0.365,  0.397
  0.775,  0.365,  0.392
  0.778,  0.367,  0.406
  0.770,  0.367,  0.400
  0.773,  0.369,  0.413
  0.765,  0.369,  0.407
  0.767,  0.371,  0.421
  0.760,  0.370,  0.414
  0.760,  0.373,  0.428
  0.754,  0.372,  0.421
  0.753,  0.375,  0.434
  0.747,  0.374,  0.427
  0.746,  0.376,  0.440
  0.740,  0.376,  0.432
  0.738,  0.378,  0.446
  0.733,  0.377,  0.437
  0.730,  0.380,  0.451
  0.725,  0.379,  0.442
  0.722,  0.381,  0.455
  0.718,  0.380,  0.446
  0.713,  0.383,  0.458
  0.709,  0.382,  0.449
  0.704,  0.385,  0.461
  0.701,  0.383,  0.452
  0.694,  0.386,  0.463
  0.692,  0.385,  0.454
  0.685,  0.387,  0.465
  0.684,  0.386,  0.455
  0.676,  0.388,  0.465
  0.675,  0.387,  0.456
  0.666,  0.390,  0.465
  0.666,  0.388,  0.456
  0.657,  0.391,  0.465
  0.657,  0.389,  0.455
  0.647,  0.391,  0.464
  0.648,  0.390,  0.454
  0.638,  0.392,  0.461
  0.640,  0.390,  0.452
  0.628,  0.393,  0.459
  0.631,  0.391,  0.449
  0.619,  0.393,  0.455
  0.623,  0.391,  0.446
  0.611,  0.393,  0.451
  0.615,  0.392,  0.442
  0.602,  0.394,  0.447
  0.607,  0.392,  0.438
  0.594,  0.394,  0.441
  0.599,  0.392,  0.433
  0.586,  0.394,  0.436
  0.592,  0.392,  0.428
  0.579,  0.393,  0.429
  0.585,  0.391,  0.422
  0.572,  0.393,  0.422
  0.578,  0.391,  0.415
  0.565,  0.393,  0.415
  0.572,  0.391,  0.409
  0.559,  0.392,  0.407
  0.567,  0.390,  0.401
  0.554,  0.391,  0.399
  0.562,  0.389,  0.394
  0.549,  0.390,  0.390
  0.557,  0.389,  0.386
  0.545,  0.389,  0.381
  0.553,  0.388,  0.377
  0.541,  0.388,  0.372
  0.550,  0.387,  0.369
  0.538,  0.387,  0.362
  0.547,  0.386,  0.360
  0.536,  0.386,  0.353
  0.545,  0.384,  0.351
  0.534,  0.384,  0.343
  0.543,  0.383,  0.342
  0.533,  0.383,  0.333
  0.543,  0.382,  0.333
  0.533,  0.381,  0.323
  0.542,  0.380,  0.324
  0.533,  0.379,  0.314
  0.543,  0.379,  0.315
  0.534,  0.378,  0.304
  0.543,  0.377,  0.306
  0.536,  0.376,  0.294
  0.545,  0.375,  0.297
  0.538,  0.374,  0.285
  0.547,  0.374,  0.288
  0.541,  0.372,  0.275
  0.550,  0.372,  0.279
  0.545,  0.370,  0.266
  0.553,  0.370,  0.271
  0.549,  0.368,  0.258
  0.557,  0.368,  0.263
  0.554,  0.367,  0.249
  0.562,  0.367,  0.255
  0.559,  0.365,  0.242
  0.567,  0.365,  0.248
  0.565,  0.363,  0.234
  0.572,  0.363,  0.241
  0.572,  0.361,  0.227
  0.579,  0.361,  0.234
  0.579,  0.359,  0.221
  0.585,  0.360,  0.228
  0.586,  0.357,  0.215
  0.592,  0.358,  0.223
  0.594,  0.355,  0.209
  0.599,  0.356,  0.218
  0.602,  0.354,  0.204
  0.607,  0.355,  0.213
  0.611,  0.352,  0.200
  0.615,  0.353,  0.209
  0.620,  0.350,  0.197
  0.623,  0.352,  0.206
  0.629,  0.349,  0.194
  0.631,  0.350,  0.203
  0.638,  0.348,  0.192
  0.640,  0.349,  0.201
  0.646,  0.356,  0.189
  0.647,  0.358,  0.199
  0.655,  0.355,  0.188
  0.656,  0.357,  0.198
  0.665,  0.354,  0.188
  0.665,  0.356,  0.198
  0.674,  0.354,  0.189
  0.673,  0.355,  0.199
  0.683,  0.353,  0.190
  0.682,  0.355,  0.200
  0.693,  0.352,  0.192
  0.691,  0.354,  0.202
  0.702,  0.352,  0.195
  0.699,  0.354,  0.204
  0.711,  0.352,  0.198
  0.708,  0.354,  0.207
  0.720,  0.352,  0.202
  0.716,  0.354,  0.211
  0.728,  0.352,  0.207
  0.724,  0.354,  0.215
  0.736,  0.352,  0.212
  0.731,  0.354,  0.220
  0.744,  0.352,  0.218
  0.739,  0.354,  0.226
  0.752,  0.353,  0.224
  0.745,  0.354,  0.232
  0.759,  0.353,  0.231
  0.752,  0.355,  0.238
  0.765,  0.354,  0.239
  0.758,  0.355,  0.245
  0.771,  0.354,  0.246
  0.763,  0.356,  0.252
  0.776,  0.355,  0.255
  0.768,  0.357,  0.260
  0.781,  0.356,  0.263
  0.773,  0.358,  0.268
  0.785,  0.357,  0.272
  0.777,  0.359,  0.276
  0.789,  0.359,  0.281
  0.780,  0.360,  0.285
  0.792,  0.360,  0.291
  0.783,  0.361,  0.293
  0.794,  0.361,  0.300
  0.785,  0.362,  0.302
  0.796,  0.363,  0.310
  0.787,  0.364,  0.311
  0.797,  0.364,  0.320
  0.788,  0.365,  0.320
  0.797,  0.366,  0.330
  0.788,  0.366,  0.330
  0.797,  0.367,  0.340
  0.788,  0.368,  0.339
  0.796,  0.369,  0.349
  0.787,  0.369,  0.348
  0.794,  0.371,  0.359
  0.785,  0.371,  0.357
  0.792,  0.372,  0.369
  0.783,  0.373,  0.366
  0.789,  0.374,  0.378
  0.780,  0.374,  0.374
  0.785,  0.376,  0.387
  0.777,  0.376,  0.383
  0.781,  0.378,  0.396
  0.773,  0.378,  0.391
  0.776,  0.379,  0.404
  0.768,  0.379,  0.398
  0.771,  0.381,  0.412
  0.763,  0.381,  0.406
  0.765,  0.383,  0.419
  0.758,  0.382,  0.413
  0.759,  0.385,  0.426
  0.752,  0.384,  0.419
  0.752,  0.386,  0.433
  0.745,  0.386,  0.425
  0.744,  0.388,  0.439
  0.739,  0.387,  0.431
  0.736,  0.389,  0.444
  0.731,  0.388,  0.436
  0.728,  0.391,  0.449
  0.724,  0.390,  0.440
  0.720,  0.392,  0.453
  0.716,  0.391,  0.444
  0.711,  0.394,  0.457
  0.708,  0.392,  0.448
  0.702,  0.395,  0.460
  0.699,  0.394,  0.450
  0.693,  0.396,  0.462
  0.691,  0.395,  0.452
  0.684,  0.397,  0.463
  0.682,  0.396,  0.454
  0.674,  0.398,  0.464
  0.673,  0.396,  0.454
  0.665,  0.399,  0.464
  0.665,  0.397,  0.454
  0.655,  0.400,  0.464
  0.656,  0.398,  0.454
  0.646,  0.400,  0.462
  0.647,  0.398,  0.453
  0.636,  0.401,  0.460
  0.638,  0.399,  0.451
  0.627,  0.401,  0.458
  0.630,  0.399,  0.448
  0.618,  0.401,  0.454
  0.621,  0.399,  0.445
  0.609,  0.401,  0.450
  0.613,  0.400,  0.441
  0.601,  0.401,  0.446
  0.605,  0.400,  0.437
  0.593,  0.401,  0.440
  0.598,  0.399,  0.432
  0.585,  0.401,  0.435
  0.591,  0.399,  0.427
  0.578,  0.401,  0.428
  0.584,  0.399,  0.421
  0.571,  0.400,  0.421
  0.577,  0.398,  0.415
  0.564,  0.399,  0.414
  0.571,  0.398,  0.408
  0.558,  0.399,  0.406
  0.566,  0.397,  0.400
  0.553,  0.398,  0.398
  0.561,  0.396,  0.393
  0.548,  0.397,  0.389
  0.556,  0.395,  0.385
  0.544,  0.396,  0.380
  0.552,  0.394,  0.376
  0.540,  0.395,  0.371
  0.549,  0.393,  0.368
  0.537,  0.393,  0.362
  0.546,  0.392,  0.359
  0.535,  0.392,  0.352
  0.544,  0.391,  0.350
  0.533,  0.391,  0.342
  0.542,  0.390,  0.341
  0.532,  0.389,  0.332
  0.541,  0.388,  0.332
  0.532,  0.387,  0.323
  0.541,  0.387,  0.323
  0.532,  0.386,  0.313
  0.541,  0.385,  0.314
  0.533,  0.384,  0.303
  0.542,  0.384,  0.305
  0.535,  0.383,  0.293
  0.544,  0.382,  0.296
  0.537,  0.381,  0.284
  0.546,  0.380,  0.287
  0.540,  0.379,  0.275
  0.549,  0.379,  0.278
  0.544,  0.377,  0.266
  0.552,  0.377,  0.270
  0.548,  0.375,  0.257
  0.556,  0.376,  0.262
  0.553,  0.374,  0.249
  0.561,  0.374,  0.254
  0.558,  0.372,  0.241
  0.566,  0.372,  0.247
  0.564,  0.370,  0.233
  0.571,  0.371,  0.240
  0.571,  0.369,  0.226
  0.577,  0.369,  0.233
  0.578,  0.367,  0.220
  0.584,  0.368,  0.227
  0.585,  0.365,  0.214
  0.591,  0.366,  0.222
  0.593,  0.364,  0.208
  0.598,  0.365,  0.217
  0.601,  0.362,  0.203
  0.605,  0.363,  0.212
  0.609,  0.361,  0.199
  0.613,  0.362,  0.208
  0.618,  0.359,  0.196
  0.621,  0.361,  0.205
  0.627,  0.358,  0.193
  0.630,  0.360,  0.202
  0.636,  0.357,  0.191
  0.638,  0.358,  0.200
  0.644,  0.366,  0.188
  0.645,  0.367,  0.198
  0.653,  0.365,  0.187
  0.654,  0.367,  0.197
  0.663,  0.365,  0.187
  0.663,  0.366,  0.197
  0.672,  0.364,  0.187
  0.672,  0.366,  0.197
  0.682,  0.364,  0.189
  0.680,  0.365,  0.198
  0.691,  0.363,  0.191
  0.689,  0.365,  0.200
  0.700,  0.363,  0.193
  0.698,  0.365,  0.203
  0.709,  0.363,  0.197
  0.706,  0.365,  0.206
  0.718,  0.363,  0.201
  0.714,  0.365,  0.210
  0.726,  0.364,  0.205
  0.722,  0.365,  0.214
  0.734,  0.364,  0.210
  0.729,  0.366,  0.219
  0.742,  0.364,  0.216
  0.737,  0.366,  0.224
  0.750,  0.365,  0.223
  0.743,  0.367,  0.230
  0.757,  0.366,  0.230
  0.750,  0.367,  0.236
  0.763,  0.366,  0.237
  0.756,  0.368,  0.243
  0.769,  0.367,  0.245
  0.761,  0.369,  0.250
  0.774,  0.368,  0.253
  0.766,  0.370,  0.258
  0.779,  0.369,  0.262
  0.771,  0.371,  0.266
  0.783,  0.370,  0.270
  0.775,  0.372,  0.274
  0.787,  0.372,  0.280
  0.778,  0.373,  0.283
  0.790,  0.373,  0.289
  0.781,  0.374,  0.292
  0.792,  0.374,  0.299
  0.783,  0.375,  0.301
  0.794,  0.376,  0.308
  0.785,  0.377,  0.310
  0.795,  0.377,  0.318
  0.786,  0.378,  0.319
  0.795,  0.379,  0.328
  0.786,  0.379,  0.328
  0.795,  0.380,  0.338
  0.786,  0.381,  0.337
  0.794,  0.382,  0.348
  0.785,  0.382,  0.346
  0.792,  0.384,  0.357
  0.783,  0.384,  0.355
  0.790,  0.385,  0.367
  0.781,  0.385,  0.364
  0.787,  0.387,  0.376
  0.778,  0.387,  0.373
  0.783,  0.389,  0.385
  0.775,  0.388,  0.381
  0.779,  0.390,  0.394
  0.771,  0.390,  0.389
  0.774,  0.392,  0.402
  0.766,  0.391,  0.397
  0.769,  0.393,  0.410
  0.761,  0.393,  0.404
  0.763,  0.395,  0.418
  0.756,  0.394,  0.411
  0.757,  0.396,  0.425
  0.750,  0.396,  0.418
  0.750,  0.398,  0.431
  0.744,  0.397,  0.424
  0.742,  0.399,  0.437
  0.737,  0.398,  0.429
  0.735,  0.401,  0.443
  0.730,  0.400,  0.434
  0.727,  0.402,  0.448
  0.722,  0.401,  0.439
  0.718,  0.403,  0.452
  0.714,  0.402,  0.443
  0.709,  0.404,  0.456
  0.706,  0.403,  0.446
  0.700,  0.405,  0.458
  0.698,  0.404,  0.449
  0.691,  0.406,  0.461
  0.689,  0.405,  0.451
  0.682,  0.407,  0.462
  0.681,  0.405,  0.452
  0.673,  0.408,  0.463
  0.672,  0.406,  0.453
  0.663,  0.408,  0.463
  0.663,  0.407,  0.453
  0.654,  0.409,  0.463
  0.654,  0.407,  0.453
  0.644,  0.409,  0.461
  0.646,  0.407,  0.452
  0.635,  0.409,  0.459
  0.637,  0.408,  0.450
  0.626,  0.409,  0.457
  0.628,  0.408,  0.447
  0.617,  0.409,  0.453
  0.620,  0.408,  0.444
  0.608,  0.409,  0.449
  0.612,  0.408,  0.440
  0.600,  0.409,  0.445
  0.604,  0.407,  0.436
  0.592,  0.409,  0.439
  0.597,  0.407,  0.431
  0.584,  0.408,  0.434
  0.589,  0.407,  0.426
  0.576,  0.408,  0.427
  0.583,  0.406,  0.420
  0.569,  0.407,  0.420
  0.576,  0.406,  0.414
  0.563,  0.406,  0.413
  0.570,  0.405,  0.407
  0.557,  0.405,  0.405
  0.565,  0.404,  0.399
  0.552,  0.404,  0.397
  0.560,  0.403,  0.392
  0.547,  0.403,  0.388
  0.555,  0.402,  0.384
  0.543,  0.402,  0.379
  0.551,  0.401,  0.376
  0.539,  0.401,  0.370
  0.548,  0.400,  0.367
  0.536,  0.400,  0.361
  0.545,  0.399,  0.358
  0.534,  0.398,  0.351
  0.543,  0.397,  0.349
  0.532,  0.397,  0.342
  0.541,  0.396,  0.340
  0.531,  0.395,  0.332
  0.540,  0.395,  0.331
  0.531,  0.394,  0.322
  0.540,  0.393,  0.322
  0.531,  0.392,  0.312
  0.540,  0.392,  0.313
  0.532,  0.391,  0.302
  0.541,  0.390,  0.304
  0.534,  0.389,  0.293
  0.543,  0.389,  0.295
  0.536,  0.387,  0.283
  0.545,  0.387,  0.286
  0.539,  0.386,  0.274
  0.548,  0.386,  0.277
  0.543,  0.384,  0.265
  0.551,  0.384,  0.269
  0.547,  0.382,  0.256
  0.555,  0.383,  0.261
  0.552,  0.381,  0.248
  0.560,  0.381,  0.253
  0.557,  0.379,  0.240
  0.565,  0.380,  0.246
  0.563,  0.378,  0.232
  0.570,  0.378,  0.239
  0.569,  0.376,  0.225
  0.576,  0.377,  0.232
  0.576,  0.375,  0.219
  0.582,  0.376,  0.226
  0.584,  0.373,  0.212
  0.589,  0.374,  0.221
  0.591,  0.372,  0.207
  0.596,  0.373,  0.215
  0.599,  0.371,  0.202
  0.604,  0.372,  0.211
  0.608,  0.370,  0.198
  0.612,  0.371,  0.207
  0.617,  0.369,  0.194
  0.620,  0.370,  0.204
  0.626,  0.368,  0.192
  0.628,  0.369,  0.201
  0.635,  0.367,  0.189
  0.637,  0.368,  0.199
  0.643,  0.376,  0.187
  0.644,  0.377,  0.196
  0.652,  0.375,  0.186
  0.653,  0.377,  0.196
  0.661,  0.375,  0.186
  0.661,  0.376,  0.195
  0.671,  0.375,  0.186
  0.670,  0.376,  0.196
  0.680,  0.375,  0.187
  0.679,  0.376,  0.197
  0.689,  0.374,  0.189
  0.687,  0.376,  0.199
  0.698,  0.375,  0.192
  0.696,  0.376,  0.201
  0.707,  0.375,  0.195
  0.704,  0.376,  0.204
  0.716,  0.375,  0.199
  0.712,  0.377,  0.208
  0.724,  0.376,  0.204
  0.720,  0.377,  0.212
  0.733,  0.376,  0.209
  0.728,  0.378,  0.217
  0.740,  0.377,  0.215
  0.735,  0.378,  0.223
  0.748,  0.377,  0.221
  0.741,  0.379,  0.228
  0.755,  0.378,  0.228
  0.748,  0.380,  0.235
  0.761,  0.379,  0.235
  0.754,  0.380,  0.242
  0.767,  0.380,  0.243
  0.759,  0.381,  0.249
  0.772,  0.381,  0.251
  0.764,  0.382,  0.256
  0.777,  0.382,  0.260
  0.769,  0.383,  0.264
  0.781,  0.384,  0.269
  0.773,  0.385,  0.273
  0.785,  0.385,  0.278
  0.776,  0.386,  0.281
  0.788,  0.386,  0.287
  0.779,  0.387,  0.290
  0.790,  0.388,  0.297
  0.781,  0.388,  0.299
  0.792,  0.389,  0.307
  0.783,  0.390,  0.308
  0.793,  0.391,  0.317
  0.784,  0.391,  0.317
  0.793,  0.392,  0.326
  0.784,  0.392,  0.326
  0.793,  0.394,  0.336
  0.784,  0.394,  0.335
  0.792,  0.395,  0.346
  0.783,  0.395,  0.345
  0.790,  0.397,  0.356
  0.781,  0.397,  0.353
  0.788,  0.398,  0.365
  0.779,  0.398,  0.362
  0.785,  0.400,  0.375
  0.776,  0.400,  0.371
  0.781,  0.401,  0.384
  0.773,  0.401,  0.379
  0.777,  0.403,  0.392
  0.769,  0.402,  0.387
  0.772,  0.404,  0.401
  0.765,  0.404,  0.395
  0.767,  0.406,  0.409
  0.760,  0.405,  0.403
  0.761,  0.407,  0.416
  0.754,  0.406,  0.410
  0.755,  0.408,  0.423
  0.748,  0.407,  0.416
  0.748,  0.410,  0.430
  0.742,  0.409,  0.422
  0.741,  0.411,  0.436
  0.735,  0.410,  0.428
  0.733,  0.412,  0.441
  0.728,  0.411,  0.433
  0.725,  0.413,  0.446
  0.720,  0.412,  0.438
  0.716,  0.414,  0.451
  0.712,  0.413,  0.442
  0.708,  0.415,  0.454
  0.704,  0.413,  0.445
  0.699,  0.415,  0.457
  0.696,  0.414,  0.448
  0.690,  0.416,  0.459
  0.688,  0.415,  0.450
  0.680,  0.417,  0.461
  0.679,  0.415,  0.451
  0.671,  0.417,  0.462
  0.670,  0.416,  0.452
  0.662,  0.417,  0.462
  0.662,  0.416,  0.452
  0.652,  0.418,  0.461
  0.653,  0.416,  0.452
  0.643,  0.418,  0.460
  0.644,  0.416,  0.450
  0.634,  0.418,  0.458
  0.636,  0.416,  0.449
  0.625,  0.418,  0.456
  0.627,  0.416,  0.446
  0.616,  0.417,  0.452
  0.619,  0.416,  0.443
  0.607,  0.417,  0.448
  0.611,  0.416,  0.439
  0.598,  0.417,  0.444
  0.603,  0.415,  0.435
  0.590,  0.416,  0.439
  0.595,  0.415,  0.430
  0.583,  0.416,  0.433
  0.588,  0.414,  0.425
  0.575,  0.415,  0.426
  0.581,  0.414,  0.419
  0.568,  0.414,  0.420
  0.575,  0.413,  0.413
  0.562,  0.413,  0.412
  0.569,  0.412,  0.406
  0.556,  0.412,  0.404
  0.564,  0.411,  0.399
  0.551,  0.411,  0.396
  0.559,  0.410,  0.391
  0.546,  0.410,  0.388
  0.554,  0.409,  0.383
  0.542,  0.409,  0.379
  0.550,  0.408,  0.375
  0.538,  0.407,  0.369
  0.547,  0.407,  0.366
  0.535,  0.406,  0.360
  0.544,  0.405,  0.357
  0.533,  0.405,  0.350
  0.542,  0.404,  0.349
  0.531,  0.403,  0.341
  0.540,  0.403,  0.339
  0.530,  0.402,  0.331
  0.539,  0.401,  0.330
  0.530,  0.400,  0.321
  0.539,  0.400,  0.321
  0.530,  0.399,  0.311
  0.539,  0.398,  0.312
  0.531,  0.397,  0.301
  0.540,  0.397,  0.303
  0.533,  0.396,  0.292
  0.542,  0.396,  0.294
  0.535,  0.394,  0.282
  0.544,  0.394,  0.285
  0.538,  0.392,  0.273
  0.547,  0.393,  0.277
  0.541,  0.391,  0.264
  0.550,  0.391,  0.268
  0.546,  0.389,  0.255
  0.554,  0.390,  0.260
  0.550,  0.388,  0.247
  0.558,  0.389,  0.252
  0.556,  0.387,  0.239
  0.563,  0.387,  0.245
  0.562,  0.385,  0.231
  0.569,  0.386,  0.238
  0.568,  0.384,  0.224
  0.575,  0.385,  0.231
  0.575,  0.383,  0.217
  0.581,  0.384,  0.225
  0.582,  0.382,  0.211
  0.588,  0.383,  0.219
  0.590,  0.380,  0.206
  0.595,  0.382,  0.214
  0.598,  0.379,  0.201
  0.603,  0.381,  0.210
  0.607,  0.378,  0.197
  0.610,  0.380,  0.206
  0.615,  0.378,  0.193
  0.619,  0.379,  0.203
  0.624,  0.377,  0.190
  0.627,  0.378,  0.200
  0.633,  0.376,  0.188
  0.635,  0.378,  0.198
  0.641,  0.385,  0.185
  0.642,  0.387,  0.195
  0.650,  0.385,  0.184
  0.651,  0.387,  0.194
  0.660,  0.385,  0.184
  0.660,  0.387,  0.194
  0.669,  0.385,  0.185
  0.668,  0.387,  0.195
  0.678,  0.385,  0.186
  0.677,  0.387,  0.196
  0.688,  0.386,  0.188
  0.686,  0.387,  0.197
  0.697,  0.386,  0.190
  0.694,  0.387,  0.200
  0.706,  0.386,  0.194
  0.702,  0.388,  0.203
  0.714,  0.387,  0.198
  0.710,  0.388,  0.207
  0.723,  0.387,  0.202
  0.718,  0.389,  0.211
  0.731,  0.388,  0.207
  0.726,  0.389,  0.216
  0.738,  0.389,  0.213
  0.733,  0.390,  0.221
  0.746,  0.390,  0.219
  0.740,  0.391,  0.227
  0.753,  0.391,  0.226
  0.746,  0.392,  0.233
  0.759,  0.392,  0.234
  0.752,  0.393,  0.240
  0.765,  0.393,  0.241
  0.757,  0.394,  0.247
  0.770,  0.394,  0.250
  0.762,  0.395,  0.255
  0.775,  0.396,  0.258
  0.767,  0.396,  0.263
  0.779,  0.397,  0.267
  0.771,  0.397,  0.271
  0.783,  0.398,  0.276
  0.774,  0.399,  0.280
  0.786,  0.400,  0.286
  0.777,  0.400,  0.288
  0.788,  0.401,  0.295
  0.779,  0.401,  0.297
  0.790,  0.402,  0.305
  0.781,  0.403,  0.306
  0.791,  0.404,  0.315
  0.781,  0.404,  0.315
  0.791,  0.405,  0.325
  0.782,  0.405,  0.325
  0.791,  0.407,  0.335
  0.782,  0.407,  0.334
  0.790,  0.408,  0.344
  0.781,  0.408,  0.343
  0.788,  0.410,  0.354
  0.779,  0.410,  0.352
  0.786,  0.411,  0.364
  0.777,  0.411,  0.361
  0.783,  0.413,  0.373
  0.774,  0.412,  0.369
  0.779,  0.414,  0.382
  0.771,  0.414,  0.378
  0.775,  0.415,  0.391
  0.767,  0.415,  0.386
  0.770,  0.417,  0.399
  0.763,  0.416,  0.394
  0.765,  0.418,  0.407
  0.758,  0.417,  0.401
  0.759,  0.419,  0.415
  0.752,  0.418,  0.408
  0.753,  0.420,  0.422
  0.746,  0.419,  0.415
  0.746,  0.421,  0.428
  0.740,  0.420,  0.421
  0.739,  0.422,  0.435
  0.733,  0.421,  0.427
  0.731,  0.423,  0.440
  0.726,  0.422,  0.432
  0.723,  0.424,  0.445
  0.719,  0.423,  0.436
  0.715,  0.425,  0.449
  0.711,  0.423,  0.440
  0.706,  0.425,  0.453
  0.703,  0.424,  0.444
  0.697,  0.426,  0.456
  0.694,  0.424,  0.446
  0.688,  0.426,  0.458
  0.686,  0.425,  0.448
  0.679,  0.426,  0.460
  0.678,  0.425,  0.450
  0.670,  0.427,  0.461
  0.669,  0.425,  0.451
  0.660,  0.427,  0.461
  0.660,  0.425,  0.451
  0.651,  0.427,  0.460
  0.651,  0.425,  0.450
  0.641,  0.427,  0.459
  0.643,  0.425,  0.449
  0.632,  0.426,  0.457
  0.634,  0.425,  0.447
  0.623,  0.426,  0.455
  0.626,  0.425,  0.445
  0.614,  0.426,  0.451
  0.618,  0.424,  0.442
  0.606,  0.425,  0.447
  0.610,  0.424,  0.438
  0.597,  0.424,  0.443
  0.602,  0.423,  0.434
  0.589,  0.424,  0.438
  0.594,  0.422,  0.429
  0.581,  0.423,  0.432
  0.587,  0.422,  0.424
  0.574,  0.422,  0.425
  0.580,  0.421,  0.418
  0.567,  0.421,  0.419
  0.574,  0.420,  0.412
  0.561,  0.420,  0.411
  0.568,  0.419,  0.405
  0.555,  0.419,  0.404
  0.562,  0.418,  0.398
  0.550,  0.418,  0.395
  0.558,  0.417,  0.390
  0.545,  0.416,  0.387
  0.553,  0.416,  0.382
  0.541,  0.415,  0.378
  0.549,  0.414,  0.374
  0.537,  0.414,  0.369
  0.546,  0.413,  0.365
  0.534,  0.412,  0.359
  0.543,  0.412,  0.357
  0.532,  0.411,  0.350
  0.541,  0.411,  0.348
  0.530,  0.409,  0.340
  0.539,  0.409,  0.339
  0.529,  0.408,  0.330
  0.538,  0.408,  0.330
  0.529,  0.406,  0.320
  0.538,  0.406,  0.320
  0.529,  0.405,  0.310
  0.538,  0.405,  0.311
  0.530,  0.404,  0.301
  0.539,  0.404,  0.302
  0.532,  0.402,  0.291
  0.541,  0.402,  0.293
  0.534,  0.401,  0.281
  0.543,  0.401,  0.284
  0.537,  0.399,  0.272
  0.546,  0.400,  0.276
  0.540,  0.398,  0.263
  0.549,  0.398,  0.267
  0.545,  0.396,  0.254
  0.553,  0.397,  0.259
  0.549,  0.395,  0.246
  0.557,  0.396,  0.251
  0.555,  0.394,  0.238
  0.562,  0.395,  0.244
  0.561,  0.393,  0.230
  0.568,  0.394,  0.237
  0.567,  0.392,  0.223
  0.574,  0.393,  0.230
  0.574,  0.391,  0.216
  0.580,  0.392,  0.224
  0.581,  0.390,  0.210
  0.587,  0.391,  0.218
  0.589,  0.389,  0.205
  0.594,  0.390,  0.213
  0.597,  0.388,  0.200
  0.601,  0.389,  0.209
  0.605,  0.387,  0.196
  0.609,  0.389,  0.205
  0.614,  0.387,  0.192
  0.617,  0.388,  0.201
  0.623,  0.386,  0.189
  0.625,  0.388,  0.199
  0.632,  0.386,  0.187
  0.634,  0.387,  0.197
  0.639,  0.395,  0.184
  0.641,  0.397,  0.194
  0.649,  0.395,  0.183
  0.649,  0.397,  0.193
  0.658,  0.395,  0.183
  0.658,  0.397,  0.193
  0.667,  0.396,  0.183
  0.667,  0.397,  0.193
  0.677,  0.396,  0.185
  0.675,  0.397,  0.194
  0.686,  0.397,  0.186
  0.684,  0.398,  0.196
  0.695,  0.397,  0.189
  0.692,  0.398,  0.198
  0.704,  0.398,  0.192
  0.700,  0.399,  0.201
  0.712,  0.398,  0.196
  0.708,  0.400,  0.205
  0.721,  0.399,  0.201
  0.716,  0.401,  0.209
  0.729,  0.400,  0.206
  0.724,  0.401,  0.214
  0.736,  0.401,  0.212
  0.731,  0.402,  0.219
  0.744,  0.402,  0.218
  0.738,  0.403,  0.225
  0.751,  0.403,  0.225
  0.744,  0.404,  0.232
  0.757,  0.405,  0.232
  0.750,  0.405,  0.238
  0.763,  0.406,  0.240
  0.755,  0.407,  0.246
  0.768,  0.407,  0.248
  0.760,  0.408,  0.253
  0.773,  0.409,  0.257
  0.765,  0.409,  0.261
  0.777,  0.410,  0.265
  0.769,  0.410,  0.269
  0.781,  0.411,  0.275
  0.772,  0.412,  0.278
  0.784,  0.413,  0.284
  0.775,  0.413,  0.287
  0.786,  0.414,  0.294
  0.777,  0.414,  0.296
  0.788,  0.416,  0.303
  0.778,  0.416,  0.305
  0.789,  0.417,  0.313
  0.779,  0.417,  0.314
  0.789,  0.419,  0.323
  0.780,  0.418,  0.323
  0.789,  0.420,  0.333
  0.779,  0.420,  0.332
  0.788,  0.422,  0.343
  0.779,  0.421,  0.341
  0.786,  0.423,  0.352
  0.777,  0.422,  0.350
  0.784,  0.424,  0.362
  0.775,  0.424,  0.359
  0.781,  0.426,  0.371
  0.772,  0.425,  0.368
  0.777,  0.427,  0.380
  0.769,  0.426,  0.376
  0.773,  0.428,  0.389
  0.765,  0.427,  0.384
  0.769,  0.429,  0.398
  0.761,  0.428,  0.392
  0.763,  0.430,  0.406
  0.756,  0.429,  0.400
  0.757,  0.431,  0.413
  0.750,  0.430,  0.407
  0.751,  0.432,  0.420
  0.744,  0.431,  0.413
  0.744,  0.433,  0.427
  0.738,  0.432,  0.419
  0.737,  0.434,  0.433
  0.731,  0.432,  0.425
  0.729,  0.434,  0.439
  0.724,  0.433,  0.430
  0.721,  0.435,  0.444
  0.717,  0.434,  0.435
  0.713,  0.435,  0.448
  0.709,  0.434,  0.439
  0.704,  0.436,  0.451
  0.701,  0.434,  0.442
  0.696,  0.436,  0.454
  0.693,  0.435,  0.445
  0.686,  0.436,  0.457
  0.684,  0.435,  0.447
  0.677,  0.436,  0.458
  0.676,  0.435,  0.449
  0.668,  0.436,  0.459
  0.667,  0.435,  0.449
  0.659,  0.436,  0.460
  0.659,  0.435,  0.450
  0.649,  0.436,  0.459
  0.650,  0.434,  0.449
  0.640,  0.435,  0.458
  0.641,  0.434,  0.448
  0.631,  0.435,  0.456
  0.633,  0.434,  0.446
  0.622,  0.434,  0.453
  0.624,  0.433,  0.444
  0.613,  0.434,  0.450
  0.616,  0.432,  0.441
  0.604,  0.433,  0.446
  0.608,  0.432,  0.437
  0.596,  0.432,  0.442
  0.600,  0.431,  0.433
  0.588,  0.431,  0.437
  0.593,  0.430,  0.428
  0.580,  0.430,  0.431
  0.586,  0.429,  0.423
  0.573,  0.429,  0.425
  0.579,  0.428,  0.417
  0.566,  0.428,  0.418
  0.573,  0.427,  0.411
  0.560,  0.427,  0.410
  0.567,  0.426,  0.404
  0.554,  0.426,  0.403
  0.561,  0.425,  0.397
  0.549,  0.424,  0.394
  0.556,  0.424,  0.389
  0.544,  0.423,  0.386
  0.552,  0.422,  0.381
  0.540,  0.422,  0.377
  0.548,  0.421,  0.373
  0.536,  0.420,  0.368
  0.545,  0.420,  0.365
  0.533,  0.419,  0.358
  0.542,  0.418,  0.356
  0.531,  0.417,  0.349
  0.540,  0.417,  0.347
  0.529,  0.416,  0.339
  0.538,  0.416,  0.338
  0.528,  0.414,  0.329
  0.537,  0.414,  0.329
  0.528,  0.413,  0.319
  0.537,  0.413,  0.320
  0.528,  0.411,  0.310
  0.537,  0.412,  0.310
  0.529,  0.410,  0.300
  0.538,  0.410,  0.301
  0.531,  0.409,  0.290
  0.540,  0.409,  0.292
  0.533,  0.407,  0.280
  0.542,  0.408,  0.283
  0.536,  0.406,  0.271
  0.545,  0.407,  0.275
  0.539,  0.405,  0.262
  0.548,  0.405,  0.266
  0.543,  0.403,  0.253
  0.552,  0.404,  0.258
  0.548,  0.402,  0.245
  0.556,  0.403,  0.250
  0.554,  0.401,  0.237
  0.561,  0.402,  0.243
  0.559,  0.400,  0.229
  0.566,  0.401,  0.236
  0.566,  0.399,  0.222
  0.572,  0.401,  0.229
  0.573,  0.398,  0.215
  0.579,  0.400,  0.223
  0.580,  0.398,  0.209
  0.585,  0.399,  0.217
  0.587,  0.397,  0.204
  0.592,  0.398,  0.212
  0.595,  0.397,  0.199
  0.600,  0.398,  0.208
  0.604,  0.396,  0.195
  0.608,  0.397,  0.204
  0.612,  0.396,  0.191
  0.616,  0.397,  0.200
  0.621,  0.395,  0.188
  0.624,  0.397,  0.197
  0.630,  0.395,  0.186
  0.632,  0.397,  0.195
  0.638,  0.405,  0.183
  0.639,  0.407,  0.193
  0.647,  0.405,  0.182
  0.648,  0.407,  0.192
  0.656,  0.406,  0.182
  0.656,  0.407,  0.191
  0.666,  0.406,  0.182
  0.665,  0.408,  0.192
  0.675,  0.407,  0.183
  0.674,  0.408,  0.193
  0.684,  0.408,  0.185
  0.682,  0.409,  0.195
  0.693,  0.408,  0.188
  0.690,  0.410,  0.197
  0.702,  0.409,  0.191
  0.699,  0.410,  0.200
  0.711,  0.410,  0.195
  0.707,  0.411,  0.204
  0.719,  0.411,  0.199
  0.714,  0.412,  0.208
  0.727,  0.412,  0.204
  0.722,  0.413,  0.213
  0.734,  0.414,  0.210
  0.729,  0.414,  0.218
  0.742,  0.415,  0.216
  0.736,  0.416,  0.224
  0.749,  0.416,  0.223
  0.742,  0.417,  0.230
  0.755,  0.417,  0.230
  0.748,  0.418,  0.237
  0.761,  0.419,  0.238
  0.753,  0.419,  0.244
  0.766,  0.420,  0.246
  0.758,  0.421,  0.252
  0.771,  0.422,  0.255
  0.763,  0.422,  0.260
  0.775,  0.423,  0.264
  0.767,  0.423,  0.268
  0.779,  0.425,  0.273
  0.770,  0.425,  0.276
  0.782,  0.426,  0.282
  0.773,  0.426,  0.285
  0.784,  0.428,  0.292
  0.775,  0.427,  0.294
  0.786,  0.429,  0.302
  0.776,  0.429,  0.303
  0.787,  0.430,  0.312
  0.777,  0.430,  0.312
  0.787,  0.432,  0.321
  0.778,  0.431,  0.321
  0.787,  0.433,  0.331
  0.777,  0.433,  0.330
  0.786,  0.435,  0.341
  0.777,  0.434,  0.340
  0.784,  0.436,  0.351
  0.775,  0.435,  0.349
  0.782,  0.437,  0.360
  0.773,  0.436,  0.357
  0.779,  0.438,  0.370
  0.770,  0.438,  0.366
  0.775,  0.440,  0.379
  0.767,  0.439,  0.375
  0.771,  0.441,  0.388
  0.763,  0.440,  0.383
  0.767,  0.442,  0.396
  0.759,  0.440,  0.391
  0.761,  0.443,  0.404
  0.754,  0.441,  0.398
  0.755,  0.443,  0.412
  0.748,  0.442,  0.405
  0.749,  0.444,  0.419
  0.743,  0.443,  0.412
  0.742,  0.445,  0.425
  0.736,  0.443,  0.418
  0.735,  0.445,  0.432
  0.730,  0.444,  0.424
  0.728,  0.446,  0.437
  0.722,  0.444,  0.429
  0.720,  0.446,  0.442
  0.715,  0.445,  0.433
  0.711,  0.446,  0.446
  0.707,  0.445,  0.437
  0.703,  0.446,  0.450
  0.699,  0.445,  0.441
  0.694,  0.446,  0.453
  0.691,  0.445,  0.444
  0.685,  0.446,  0.456
  0.683,  0.445,  0.446
  0.676,  0.446,  0.457
  0.674,  0.445,  0.447
  0.667,  0.446,  0.458
  0.666,  0.444,  0.448
  0.657,  0.445,  0.458
  0.657,  0.444,  0.448
  0.648,  0.445,  0.458
  0.649,  0.443,  0.448
  0.639,  0.444,  0.457
  0.640,  0.443,  0.447
  0.630,  0.444,  0.455
  0.631,  0.442,  0.445
  0.621,  0.443,  0.452
  0.623,  0.442,  0.443
  0.612,  0.442,  0.449
  0.615,  0.441,  0.440
  0.603,  0.441,  0.445
  0.607,  0.440,  0.436
  0.595,  0.440,  0.441
  0.599,  0.439,  0.432
  0.587,  0.439,  0.436
  0.592,  0.438,  0.427
  0.579,  0.438,  0.430
  0.585,  0.437,  0.422
  0.572,  0.436,  0.424
  0.578,  0.436,  0.416
  0.565,  0.435,  0.417
  0.572,  0.434,  0.410
  0.559,  0.434,  0.410
  0.566,  0.433,  0.403
  0.553,  0.432,  0.402
  0.560,  0.432,  0.396
  0.548,  0.431,  0.394
  0.555,  0.430,  0.388
  0.543,  0.429,  0.385
  0.551,  0.429,  0.380
  0.539,  0.428,  0.376
  0.547,  0.428,  0.372
  0.535,  0.426,  0.367
  0.544,  0.426,  0.364
  0.532,  0.425,  0.358
  0.541,  0.425,  0.355
  0.530,  0.424,  0.348
  0.539,  0.424,  0.346
  0.528,  0.422,  0.338
  0.537,  0.422,  0.337
  0.527,  0.421,  0.328
  0.536,  0.421,  0.328
  0.527,  0.419,  0.319
  0.536,  0.420,  0.319
  0.527,  0.418,  0.309
  0.536,  0.418,  0.310
  0.528,  0.416,  0.299
  0.537,  0.417,  0.300
  0.530,  0.415,  0.289
  0.539,  0.416,  0.291
  0.532,  0.414,  0.280
  0.541,  0.415,  0.283
  0.535,  0.413,  0.270
  0.543,  0.414,  0.274
  0.538,  0.412,  0.261
  0.547,  0.413,  0.265
  0.542,  0.410,  0.252
  0.551,  0.412,  0.257
  0.547,  0.409,  0.244
  0.555,  0.411,  0.249
  0.552,  0.409,  0.236
  0.560,  0.410,  0.242
  0.558,  0.408,  0.228
  0.565,  0.409,  0.235
  0.564,  0.407,  0.221
  0.571,  0.408,  0.228
  0.571,  0.406,  0.214
  0.577,  0.408,  0.222
  0.578,  0.406,  0.208
  0.584,  0.407,  0.216
  0.586,  0.405,  0.203
  0.591,  0.407,  0.211
  0.594,  0.405,  0.198
  0.599,  0.407,  0.207
  0.602,  0.405,  0.194
  0.606,  0.406,  0.203
  0.611,  0.405,  0.190
  0.614,  0.406,  0.199
  0.620,  0.405,  0.187
  0.622,  0.406,  0.196
  0.629,  0.405,  0.184
  0.631,  0.406,  0.194
  0.636,  0.415,  0.182
  0.638,  0.416,  0.191
  0.646,  0.415,  0.181
  0.646,  0.417,  0.190
  0.655,  0.416,  0.180
  0.655,  0.417,  0.190
  0.664,  0.417,  0.181
  0.663,  0.418,  0.191
  0.673,  0.418,  0.182
  0.672,  0.419,  0.192
  0.682,  0.419,  0.184
  0.680,  0.420,  0.193
  0.691,  0.420,  0.186
  0.689,  0.421,  0.196
  0.700,  0.421,  0.189
  0.697,  0.422,  0.199
  0.709,  0.422,  0.193
  0.705,  0.423,  0.202
  0.717,  0.423,  0.198
  0.713,  0.424,  0.206
  0.725,  0.424,  0.203
  0.720,  0.425,  0.211
  0.733,  0.426,  0.208
  0.727,  0.426,  0.216
  0.740,  0.427,  0.215
  0.734,  0.428,  0.222
  0.747,  0.429,  0.222
  0.740,  0.429,  0.228
  0.753,  0.430,  0.229
  0.746,  0.431,  0.235
  0.759,  0.432,  0.237
  0.751,  0.432,  0.242
  0.764,  0.433,  0.245
  0.756,  0.433,  0.250
  0.769,  0.435,  0.253
  0.761,  0.435,  0.258
  0.773,  0.436,  0.262
  0.765,  0.436,  0.266
  0.777,  0.438,  0.271
  0.768,  0.438,  0.275
  0.779,  0.439,  0.281
  0.771,  0.439,  0.283
  0.782,  0.441,  0.290
  0.773,  0.440,  0.292
  0.783,  0.442,  0.300
  0.774,  0.442,  0.301
  0.785,  0.444,  0.310
  0.775,  0.443,  0.310
  0.785,  0.445,  0.320
  0.776,  0.444,  0.320
  0.785,  0.447,  0.330
  0.775,  0.446,  0.329
  0.784,  0.448,  0.339
  0.774,  0.447,  0.338
  0.782,  0.449,  0.349
  0.773,  0.448,  0.347
  0.780,  0.450,  0.359
  0.771,  0.449,  0.356
  0.777,  0.451,  0.368
  0.768,  0.450,  0.365
  0.773,  0.452,  0.377
  0.765,  0.451,  0.373
  0.769,  0.453,  0.386
  0.761,  0.452,  0.381
  0.765,  0.454,  0.394
  0.757,  0.453,  0.389
  0.759,  0.455,  0.402
  0.752,  0.453,  0.396
  0.754,  0.455,  0.410
  0.747,  0.454,  0.404
  0.747,  0.456,  0.417
  0.741,  0.454,  0.410
  0.741,  0.456,  0.424
  0.734,  0.455,  0.416
  0.733,  0.457,  0.430
  0.728,  0.455,  0.422
  0.726,  0.457,  0.436
  0.721,  0.455,  0.427
  0.718,  0.457,  0.441
  0.713,  0.455,  0.432
  0.710,  0.457,  0.445
  0.706,  0.455,  0.436
  0.701,  0.457,  0.449
  0.698,  0.455,  0.440
  0.692,  0.457,  0.452
  0.690,  0.455,  0.442
  0.683,  0.456,  0.454
  0.681,  0.455,  0.445
  0.674,  0.456,  0.456
  0.673,  0.454,  0.446
  0.665,  0.455,  0.457
  0.664,  0.454,  0.447
  0.656,  0.455,  0.457
  0.656,  0.453,  0.447
  0.647,  0.454,  0.457
  0.647,  0.453,  0.447
  0.637,  0.453,  0.456
  0.639,  0.452,  0.446
  0.628,  0.452,  0.454
  0.630,  0.451,  0.444
  0.619,  0.451,  0.451
  0.622,  0.450,  0.442
  0.610,  0.450,  0.448
  0.614,  0.449,  0.439
  0.602,  0.449,  0.444
  0.606,  0.448,  0.435
  0.594,  0.448,  0.440
  0.598,  0.447,  0.431
  0.586,  0.446,  0.435
  0.591,  0.445,  0.426
  0.578,  0.445,  0.429
  0.583,  0.444,  0.421
  0.571,  0.443,  0.423
  0.577,  0.443,  0.415
  0.564,  0.442,  0.416
  0.570,  0.442,  0.409
  0.558,  0.441,  0.409
  0.565,  0.440,  0.402
  0.552,  0.439,  0.401
  0.559,  0.439,  0.395
  0.546,  0.437,  0.393
  0.554,  0.437,  0.387
  0.542,  0.436,  0.384
  0.550,  0.436,  0.380
  0.538,  0.434,  0.375
  0.546,  0.434,  0.371
  0.534,  0.433,  0.366
  0.543,  0.433,  0.363
  0.531,  0.431,  0.357
  0.540,  0.432,  0.354
  0.529,  0.430,  0.347
  0.538,  0.430,  0.345
  0.527,  0.428,  0.337
  0.536,  0.429,  0.336
  0.526,  0.427,  0.328
  0.535,  0.428,  0.327
  0.526,  0.425,  0.318
  0.535,  0.426,  0.318
  0.526,  0.424,  0.308
  0.535,  0.425,  0.309
  0.527,  0.423,  0.298
  0.536,  0.424,  0.300
  0.528,  0.422,  0.288
  0.538,  0.423,  0.291
  0.531,  0.420,  0.279
  0.540,  0.422,  0.282
  0.534,  0.419,  0.269
  0.542,  0.421,  0.273
  0.537,  0.418,  0.260
  0.546,  0.420,  0.265
  0.541,  0.417,  0.252
  0.549,  0.419,  0.256
  0.546,  0.417,  0.243
  0.554,  0.418,  0.248
  0.551,  0.416,  0.235
  0.559,  0.417,  0.241
  0.557,  0.415,  0.227
  0.564,  0.417,  0.234
  0.563,  0.415,  0.220
  0.570,  0.416,  0.227
  0.570,  0.414,  0.213
  0.576,  0.416,  0.221
  0.577,  0.414,  0.207
  0.583,  0.416,  0.215
  0.585,  0.414,  0.202
  0.590,  0.415,  0.210
  0.593,  0.414,  0.197
  0.597,  0.415,  0.205
  0.601,  0.414,  0.192
  0.605,  0.415,  0.201
  0.609,  0.414,  0.189
  0.613,  0.415,  0.198
  0.618,  0.414,  0.186
  0.621,  0.416,  0.195
  0.627,  0.414,  0.183
  0.629,  0.416,  0.193
  0.635,  0.425,  0.180
  0.636,  0.426,  0.190
  0.644,  0.425,  0.179
  0.645,  0.427,  0.189
  0.653,  0.426,  0.179
  0.653,  0.428,  0.189
  0.662,  0.427,  0.179
  0.662,  0.429,  0.189
  0.671,  0.428,  0.180
  0.670,  0.430,  0.190
  0.681,  0.430,  0.182
  0.679,  0.431,  0.192
  0.690,  0.431,  0.185
  0.687,  0.432,  0.194
  0.698,  0.432,  0.188
  0.695,  0.433,  0.197
  0.707,  0.434,  0.192
  0.703,  0.434,  0.201
  0.715,  0.435,  0.196
  0.711,  0.436,  0.205
  0.723,  0.437,  0.201
  0.718,  0.437,  0.210
  0.731,  0.438,  0.207
  0.725,  0.439,  0.215
  0.738,  0.440,  0.213
  0.732,  0.440,  0.221
  0.745,  0.441,  0.220
  0.738,  0.442,  0.227
  0.751,  0.443,  0.227
  0.744,  0.443,  0.234
  0.757,  0.445,  0.235
  0.749,  0.445,  0.241
  0.762,  0.446,  0.243
  0.754,  0.446,  0.248
  0.767,  0.448,  0.252
  0.759,  0.448,  0.256
  0.771,  0.449,  0.260
  0.763,  0.449,  0.264
  0.774,  0.451,  0.270
  0.766,  0.451,  0.273
  0.777,  0.453,  0.279
  0.769,  0.452,  0.282
  0.780,  0.454,  0.289
  0.771,  0.454,  0.291
  0.781,  0.456,  0.298
  0.772,  0.455,  0.300
  0.782,  0.457,  0.308
  0.773,  0.456,  0.309
  0.783,  0.458,  0.318
  0.774,  0.458,  0.318
  0.782,  0.460,  0.328
  0.773,  0.459,  0.327
  0.782,  0.461,  0.338
  0.772,  0.460,  0.336
  0.780,  0.462,  0.347
  0.771,  0.461,  0.345
  0.778,  0.463,  0.357
  0.769,  0.462,  0.354
  0.775,  0.464,  0.366
  0.766,  0.463,  0.363
  0.771,  0.465,  0.376
  0.763,  0.464,  0.371
  0.767,  0.466,  0.384
  0.759,  0.464,  0.380
  0.763,  0.467,  0.393
  0.755,  0.465,  0.387
  0.757,  0.467,  0.401
  0.750,  0.465,  0.395
  0.752,  0.468,  0.409
  0.745,  0.466,  0.402
  0.745,  0.468,  0.416
  0.739,  0.466,  0.409
  0.739,  0.468,  0.423
  0.733,  0.466,  0.415
  0.732,  0.468,  0.429
  0.726,  0.467,  0.421
  0.724,  0.468,  0.434
  0.719,  0.467,  0.426
  0.716,  0.468,  0.439
  0.712,  0.466,  0.431
  0.708,  0.468,  0.444
  0.704,  0.466,  0.435
  0.699,  0.467,  0.447
  0.696,  0.466,  0.438
  0.691,  0.467,  0.451
  0.688,  0.465,  0.441
  0.682,  0.466,  0.453
  0.680,  0.465,  0.443
  0.673,  0.466,  0.455
  0.671,  0.464,  0.445
  0.663,  0.465,  0.456
  0.663,  0.463,  0.446
  0.654,  0.464,  0.456
  0.654,  0.463,  0.446
  0.645,  0.463,  0.456
  0.646,  0.462,  0.446
  0.636,  0.462,  0.455
  0.637,  0.461,  0.445
  0.627,  0.461,  0.453
  0.629,  0.460,  0.443
  0.618,  0.459,  0.450
  0.620,  0.458,  0.441
  0.609,  0.458,  0.447
  0.612,  0.457,  0.438
  0.601,  0.457,  0.443
  0.604,  0.456,  0.434
  0.592,  0.455,  0.439
  0.597,  0.455,  0.430
  0.584,  0.454,  0.434
  0.589,  0.453,  0.425
  0.577,  0.452,  0.428
  0.582,  0.452,  0.420
  0.570,  0.451,  0.422
  0.576,  0.450,  0.414
  0.563,  0.449,  0.415
  0.569,  0.449,  0.408
  0.557,  0.447,  0.408
  0.563,  0.447,  0.401
  0.551,  0.446,  0.400
  0.558,  0.446,  0.394
  0.545,  0.444,  0.392
  0.553,  0.444,  0.387
  0.541,  0.442,  0.383
  0.549,  0.443,  0.379
  0.537,  0.441,  0.375
  0.545,  0.441,  0.370
  0.533,  0.439,  0.365
  0.542,  0.440,  0.362
  0.530,  0.438,  0.356
  0.539,  0.438,  0.353
  0.528,  0.436,  0.346
  0.537,  0.437,  0.344
  0.526,  0.435,  0.337
  0.535,  0.435,  0.335
  0.525,  0.433,  0.327
  0.534,  0.434,  0.326
  0.525,  0.432,  0.317
  0.534,  0.433,  0.317
  0.525,  0.431,  0.307
  0.534,  0.432,  0.308
  0.526,  0.429,  0.297
  0.535,  0.430,  0.299
  0.527,  0.428,  0.288
  0.536,  0.429,  0.290
  0.530,  0.427,  0.278
  0.539,  0.428,  0.281
  0.533,  0.426,  0.269
  0.541,  0.427,  0.272
  0.536,  0.425,  0.259
  0.544,  0.427,  0.264
  0.540,  0.424,  0.251
  0.548,  0.426,  0.255
  0.545,  0.424,  0.242
  0.553,  0.425,  0.248
  0.550,  0.423,  0.234
  0.557,  0.425,  0.240
  0.556,  0.423,  0.226
  0.563,  0.424,  0.233
  0.562,  0.422,  0.219
  0.569,  0.424,  0.226
  0.569,  0.422,  0.212
  0.575,  0.424,  0.220
  0.576,  0.422,  0.206
  0.581,  0.424,  0.214
  0.583,  0.422,  0.201
  0.588,  0.424,  0.209
  0.591,  0.422,  0.196
  0.596,  0.424,  0.204
  0.600,  0.423,  0.191
  0.603,  0.424,  0.200
  0.608,  0.423,  0.188
  0.611,  0.424,  0.197
  0.617,  0.423,  0.184
  0.619,  0.425,  0.194
  0.626,  0.424,  0.182
  0.628,  0.425,  0.192
  0.633,  0.434,  0.179
  0.635,  0.436,  0.189
  0.642,  0.435,  0.178
  0.643,  0.437,  0.188
  0.651,  0.437,  0.178
  0.652,  0.438,  0.188
  0.661,  0.438,  0.178
  0.660,  0.439,  0.188
  0.670,  0.439,  0.179
  0.669,  0.440,  0.189
  0.679,  0.441,  0.181
  0.677,  0.442,  0.190
  0.688,  0.442,  0.183
  0.685,  0.443,  0.193
  0.696,  0.444,  0.186
  0.693,  0.444,  0.196
  0.705,  0.445,  0.190
  0.701,  0.446,  0.199
  0.713,  0.447,  0.195
  0.709,  0.447,  0.203
  0.721,  0.449,  0.200
  0.716,  0.449,  0.208
  0.729,  0.450,  0.205
  0.723,  0.451,  0.213
  0.736,  0.452,  0.212
  0.730,  0.452,  0.219
  0.743,  0.454,  0.218
  0.736,  0.454,  0.225
  0.749,  0.456,  0.226
  0.742,  0.456,  0.232
  0.755,  0.457,  0.233
  0.747,  0.457,  0.239
  0.760,  0.459,  0.241
  0.752,  0.459,  0.247
  0.765,  0.461,  0.250
  0.757,  0.460,  0.255
  0.769,  0.463,  0.259
  0.760,  0.462,  0.263
  0.772,  0.464,  0.268
  0.764,  0.464,  0.271
  0.775,  0.466,  0.277
  0.766,  0.465,  0.280
  0.778,  0.467,  0.287
  0.769,  0.467,  0.289
  0.779,  0.469,  0.297
  0.770,  0.468,  0.298
  0.780,  0.470,  0.306
  0.771,  0.469,  0.307
  0.781,  0.472,  0.316
  0.771,  0.471,  0.316
  0.780,  0.473,  0.326
  0.771,  0.472,  0.325
  0.779,  0.474,  0.336
  0.770,  0.473,  0.335
  0.778,  0.475,  0.346
  0.769,  0.474,  0.344
  0.776,  0.476,  0.355
  0.767,  0.475,  0.353
  0.773,  0.477,  0.365
  0.764,  0.475,  0.361
  0.769,  0.478,  0.374
  0.761,  0.476,  0.370
  0.765,  0.478,  0.383
  0.757,  0.477,  0.378
  0.761,  0.479,  0.391
  0.753,  0.477,  0.386
  0.755,  0.479,  0.399
  0.748,  0.478,  0.393
  0.750,  0.480,  0.407
  0.743,  0.478,  0.401
  0.743,  0.480,  0.414
  0.737,  0.478,  0.407
  0.737,  0.480,  0.421
  0.731,  0.478,  0.414
  0.730,  0.480,  0.427
  0.724,  0.478,  0.419
  0.722,  0.479,  0.433
  0.717,  0.478,  0.425
  0.714,  0.479,  0.438
  0.710,  0.477,  0.429
  0.706,  0.479,  0.442
  0.702,  0.477,  0.433
  0.698,  0.478,  0.446
  0.694,  0.476,  0.437
  0.689,  0.477,  0.449
  0.686,  0.476,  0.440
  0.680,  0.476,  0.452
  0.678,  0.475,  0.442
  0.671,  0.475,  0.453
  0.670,  0.474,  0.444
  0.662,  0.474,  0.454
  0.661,  0.473,  0.445
  0.653,  0.473,  0.455
  0.653,  0.472,  0.445
  0.644,  0.472,  0.454
  0.644,  0.471,  0.445
  0.635,  0.471,  0.453
  0.636,  0.470,  0.444
  0.625,  0.469,  0.452
  0.627,  0.468,  0.442
  0.617,  0.468,  0.449
  0.619,  0.467,  0.440
  0.608,  0.466,  0.446
  0.611,  0.465,  0.437
  0.599,  0.465,  0.442
  0.603,  0.464,  0.433
  0.591,  0.463,  0.438
  0.595,  0.462,  0.429
  0.583,  0.461,  0.433
  0.588,  0.461,  0.424
  0.576,  0.460,  0.427
  0.581,  0.459,  0.419
  0.568,  0.458,  0.421
  0.574,  0.458,  0.413
  0.562,  0.456,  0.414
  0.568,  0.456,  0.407
  0.555,  0.454,  0.407
  0.562,  0.454,  0.400
  0.550,  0.452,  0.399
  0.557,  0.453,  0.393
  0.544,  0.451,  0.391
  0.552,  0.451,  0.386
  0.540,  0.449,  0.383
  0.548,  0.449,  0.378
  0.536,  0.447,  0.374
  0.544,  0.448,  0.370
  0.532,  0.446,  0.365
  0.541,  0.446,  0.361
  0.529,  0.444,  0.355
  0.538,  0.445,  0.352
  0.527,  0.442,  0.346
  0.536,  0.443,  0.344
  0.525,  0.441,  0.336
  0.534,  0.442,  0.334
  0.524,  0.440,  0.326
  0.533,  0.441,  0.325
  0.524,  0.438,  0.316
  0.533,  0.439,  0.316
  0.524,  0.437,  0.306
  0.533,  0.438,  0.307
  0.525,  0.436,  0.296
  0.534,  0.437,  0.298
  0.526,  0.435,  0.287
  0.535,  0.436,  0.289
  0.529,  0.434,  0.277
  0.537,  0.435,  0.280
  0.531,  0.433,  0.268
  0.540,  0.434,  0.271
  0.535,  0.432,  0.259
  0.543,  0.434,  0.263
  0.539,  0.431,  0.250
  0.547,  0.433,  0.254
  0.544,  0.431,  0.241
  0.551,  0.433,  0.247
  0.549,  0.431,  0.233
  0.556,  0.432,  0.239
  0.555,  0.430,  0.225
  0.562,  0.432,  0.232
  0.561,  0.430,  0.218
  0.567,  0.432,  0.225
  0.567,  0.430,  0.211
  0.574,  0.432,  0.219
  0.575,  0.430,  0.205
  0.580,  0.432,  0.213
  0.582,  0.430,  0.200
  0.587,  0.432,  0.208
  0.590,  0.431,  0.195
  0.594,  0.433,  0.203
  0.598,  0.431,  0.190
  0.602,  0.433,  0.199
  0.607,  0.432,  0.186
  0.610,  0.434,  0.196
  0.615,  0.433,  0.183
  0.618,  0.434,  0.193
  0.624,  0.433,  0.181
  0.626,  0.435,  0.190
  0.632,  0.444,  0.178
  0.633,  0.446,  0.188
  0.641,  0.446,  0.177
  0.641,  0.447,  0.187
  0.650,  0.447,  0.176
  0.650,  0.448,  0.186
  0.659,  0.448,  0.177
  0.658,  0.450,  0.187
  0.668,  0.450,  0.178
  0.667,  0.451,  0.187
  0.677,  0.452,  0.179
  0.675,  0.453,  0.189
  0.686,  0.453,  0.182
  0.683,  0.454,  0.191
  0.695,  0.455,  0.185
  0.691,  0.456,  0.194
  0.703,  0.457,  0.189
  0.699,  0.458,  0.198
  0.711,  0.459,  0.193
  0.707,  0.459,  0.202
  0.719,  0.461,  0.198
  0.714,  0.461,  0.206
  0.727,  0.463,  0.204
  0.721,  0.463,  0.212
  0.734,  0.465,  0.210
  0.728,  0.465,  0.217
  0.741,  0.466,  0.217
  0.734,  0.466,  0.224
  0.747,  0.468,  0.224
  0.740,  0.468,  0.230
  0.753,  0.470,  0.232
  0.745,  0.470,  0.238
  0.758,  0.472,  0.240
  0.750,  0.472,  0.245
  0.763,  0.474,  0.248
  0.755,  0.473,  0.253
  0.767,  0.476,  0.257
  0.758,  0.475,  0.261
  0.770,  0.477,  0.266
  0.762,  0.477,  0.270
  0.773,  0.479,  0.276
  0.764,  0.478,  0.278
  0.775,  0.481,  0.285
  0.767,  0.480,  0.287
  0.777,  0.482,  0.295
  0.768,  0.481,  0.296
  0.778,  0.484,  0.305
  0.769,  0.482,  0.305
  0.779,  0.485,  0.315
  0.769,  0.484,  0.315
  0.778,  0.486,  0.325
  0.769,  0.485,  0.324
  0.777,  0.487,  0.334
  0.768,  0.486,  0.333
  0.776,  0.488,  0.344
  0.767,  0.487,  0.342
  0.774,  0.489,  0.354
  0.765,  0.487,  0.351
  0.771,  0.490,  0.363
  0.762,  0.488,  0.360
  0.767,  0.491,  0.372
  0.759,  0.489,  0.368
  0.763,  0.491,  0.381
  0.755,  0.489,  0.376
  0.759,  0.491,  0.390
  0.751,  0.489,  0.384
  0.753,  0.492,  0.398
  0.746,  0.490,  0.392
  0.748,  0.492,  0.406
  0.741,  0.490,  0.399
  0.742,  0.492,  0.413
  0.735,  0.490,  0.406
  0.735,  0.491,  0.420
  0.729,  0.490,  0.412
  0.728,  0.491,  0.426
  0.722,  0.489,  0.418
  0.720,  0.491,  0.431
  0.715,  0.489,  0.423
  0.713,  0.490,  0.436
  0.708,  0.488,  0.428
  0.704,  0.489,  0.441
  0.701,  0.488,  0.432
  0.696,  0.488,  0.445
  0.693,  0.487,  0.435
  0.687,  0.488,  0.448
  0.685,  0.486,  0.438
  0.679,  0.486,  0.450
  0.677,  0.485,  0.441
  0.670,  0.485,  0.452
  0.668,  0.484,  0.442
  0.660,  0.484,  0.453
  0.660,  0.483,  0.443
  0.651,  0.483,  0.454
  0.651,  0.481,  0.444
  0.642,  0.481,  0.453
  0.643,  0.480,  0.443
  0.633,  0.479,  0.452
  0.634,  0.478,  0.442
  0.624,  0.478,  0.451
  0.626,  0.477,  0.441
  0.615,  0.476,  0.448
  0.618,  0.475,  0.439
  0.607,  0.474,  0.445
  0.610,  0.474,  0.436
  0.598,  0.473,  0.441
  0.602,  0.472,  0.432
  0.590,  0.471,  0.437
  0.594,  0.470,  0.428
  0.582,  0.469,  0.432
  0.587,  0.468,  0.423
  0.574,  0.467,  0.426
  0.580,  0.467,  0.418
  0.567,  0.465,  0.420
  0.573,  0.465,  0.413
  0.561,  0.463,  0.413
  0.567,  0.463,  0.406
  0.554,  0.461,  0.406
  0.561,  0.461,  0.400
  0.549,  0.459,  0.398
  0.556,  0.460,  0.392
  0.543,  0.457,  0.390
  0.551,  0.458,  0.385
  0.539,  0.456,  0.382
  0.547,  0.456,  0.377
  0.534,  0.454,  0.373
  0.543,  0.455,  0.369
  0.531,  0.452,  0.364
  0.539,  0.453,  0.360
  0.528,  0.450,  0.354
  0.537,  0.451,  0.352
  0.526,  0.449,  0.345
  0.535,  0.450,  0.343
  0.524,  0.447,  0.335
  0.533,  0.448,  0.334
  0.523,  0.446,  0.325
  0.532,  0.447,  0.325
  0.523,  0.445,  0.315
  0.532,  0.446,  0.315
  0.523,  0.443,  0.305
  0.532,  0.445,  0.306
  0.524,  0.442,  0.296
  0.533,  0.444,  0.297
  0.525,  0.441,  0.286
  0.534,  0.443,  0.288
  0.528,  0.440,  0.276
  0.536,  0.442,  0.279
  0.530,  0.440,  0.267
  0.539,  0.441,  0.270
  0.534,  0.439,  0.258
  0.542,  0.441,  0.262
  0.538,  0.438,  0.249
  0.546,  0.440,  0.254
  0.543,  0.438,  0.240
  0.550,  0.440,  0.246
  0.548,  0.438,  0.232
  0.555,  0.440,  0.238
  0.553,  0.438,  0.224
  0.560,  0.440,  0.231
  0.560,  0.438,  0.217
  0.566,  0.440,  0.224
  0.566,  0.438,  0.210
  0.572,  0.440,  0.218
  0.573,  0.438,  0.204
  0.579,  0.440,  0.212
  0.581,  0.439,  0.199
  0.586,  0.441,  0.207
  0.589,  0.439,  0.193
  0.593,  0.441,  0.202
  0.597,  0.440,  0.189
  0.601,  0.442,  0.198
  0.605,  0.441,  0.185
  0.608,  0.443,  0.194
  0.614,  0.442,  0.182
  0.616,  0.444,  0.192
  0.623,  0.443,  0.180
  0.625,  0.445,  0.189
  0.631,  0.456,  0.186
  0.630,  0.454,  0.177
  0.623,  0.454,  0.188
  0.621,  0.453,  0.178
  0.615,  0.453,  0.190
  0.612,  0.451,  0.181
  0.607,  0.452,  0.193
  0.604,  0.450,  0.184
  0.599,  0.451,  0.197
  0.595,  0.449,  0.188
  0.592,  0.450,  0.201
  0.587,  0.448,  0.192
  0.584,  0.449,  0.206
  0.579,  0.447,  0.197
  0.578,  0.448,  0.211
  0.572,  0.446,  0.203
  0.571,  0.448,  0.217
  0.565,  0.446,  0.209
  0.565,  0.448,  0.223
  0.558,  0.446,  0.216
  0.559,  0.447,  0.230
  0.552,  0.445,  0.223
  0.554,  0.447,  0.237
  0.547,  0.445,  0.231
  0.549,  0.447,  0.245
  0.541,  0.445,  0.239
  0.545,  0.448,  0.253
  0.537,  0.445,  0.248
  0.541,  0.448,  0.261
  0.533,  0.446,  0.257
  0.538,  0.448,  0.269
  0.529,  0.446,  0.266
  0.535,  0.449,  0.278
  0.527,  0.447,  0.275
  0.533,  0.450,  0.287
  0.524,  0.448,  0.285
  0.532,  0.450,  0.296
  0.523,  0.449,  0.295
  0.531,  0.451,  0.305
  0.522,  0.450,  0.305
  0.531,  0.453,  0.314
  0.522,  0.451,  0.315
  0.531,  0.454,  0.324
  0.522,  0.452,  0.324
  0.532,  0.455,  0.333
  0.523,  0.454,  0.334
  0.534,  0.456,  0.342
  0.525,  0.455,  0.344
  0.536,  0.458,  0.351
  0.527,  0.457,  0.354
  0.538,  0.460,  0.359
  0.530,  0.458,  0.363
  0.542,  0.461,  0.368
  0.533,  0.460,  0.372
  0.546,  0.463,  0.376
  0.538,  0.462,  0.381
  0.550,  0.465,  0.384
  0.542,  0.464,  0.389
  0.555,  0.467,  0.392
  0.548,  0.466,  0.398
  0.560,  0.468,  0.399
  0.553,  0.468,  0.405
  0.566,  0.470,  0.405
  0.560,  0.470,  0.412
  0.572,  0.472,  0.412
  0.566,  0.472,  0.419
  0.579,  0.474,  0.417
  0.573,  0.474,  0.425
  0.586,  0.476,  0.422
  0.581,  0.476,  0.431
  0.593,  0.478,  0.427
  0.589,  0.478,  0.436
  0.601,  0.480,  0.431
  0.597,  0.480,  0.440
  0.608,  0.482,  0.435
  0.605,  0.482,  0.444
  0.616,  0.484,  0.438
  0.614,  0.484,  0.447
  0.625,  0.486,  0.440
  0.623,  0.486,  0.449
  0.633,  0.487,  0.441
  0.632,  0.488,  0.451
  0.641,  0.489,  0.442
  0.641,  0.490,  0.452
  0.650,  0.491,  0.443
  0.650,  0.492,  0.452
  0.658,  0.492,  0.442
  0.659,  0.493,  0.452
  0.667,  0.494,  0.441
  0.668,  0.495,  0.451
  0.675,  0.495,  0.439
  0.677,  0.496,  0.449
  0.683,  0.496,  0.437
  0.686,  0.498,  0.447
  0.691,  0.497,  0.434
  0.694,  0.499,  0.443
  0.699,  0.498,  0.431
  0.703,  0.500,  0.440
  0.706,  0.499,  0.426
  0.711,  0.501,  0.435
  0.714,  0.500,  0.422
  0.719,  0.502,  0.430
  0.721,  0.501,  0.416
  0.726,  0.503,  0.424
  0.727,  0.501,  0.411
  0.733,  0.503,  0.418
  0.733,  0.501,  0.404
  0.740,  0.504,  0.411
  0.739,  0.502,  0.398
  0.746,  0.504,  0.404
  0.744,  0.502,  0.390
  0.752,  0.504,  0.396
  0.749,  0.502,  0.383
  0.757,  0.504,  0.388
  0.753,  0.502,  0.375
  0.761,  0.504,  0.380
  0.757,  0.501,  0.367
  0.765,  0.503,  0.371
  0.760,  0.501,  0.358
  0.769,  0.503,  0.361
  0.763,  0.500,  0.349
  0.772,  0.502,  0.352
  0.765,  0.499,  0.340
  0.774,  0.501,  0.342
  0.766,  0.499,  0.331
  0.775,  0.500,  0.333
  0.767,  0.498,  0.322
  0.776,  0.499,  0.323
  0.767,  0.497,  0.313
  0.776,  0.498,  0.313
  0.767,  0.495,  0.304
  0.776,  0.497,  0.303
  0.766,  0.494,  0.295
  0.775,  0.496,  0.293
  0.765,  0.493,  0.286
  0.773,  0.494,  0.283
  0.762,  0.491,  0.277
  0.771,  0.492,  0.274
  0.760,  0.490,  0.268
  0.768,  0.491,  0.265
  0.756,  0.488,  0.260
  0.765,  0.489,  0.255
  0.753,  0.486,  0.251
  0.760,  0.487,  0.247
  0.748,  0.484,  0.243
  0.756,  0.485,  0.238
  0.743,  0.483,  0.236
  0.751,  0.483,  0.230
  0.738,  0.481,  0.229
  0.745,  0.481,  0.222
  0.732,  0.479,  0.222
  0.739,  0.479,  0.215
  0.726,  0.477,  0.216
  0.732,  0.477,  0.208
  0.719,  0.475,  0.210
  0.725,  0.475,  0.202
  0.712,  0.473,  0.205
  0.717,  0.473,  0.197
  0.705,  0.471,  0.200
  0.709,  0.471,  0.192
  0.698,  0.469,  0.196
  0.701,  0.469,  0.187
  0.690,  0.467,  0.193
  0.693,  0.467,  0.183
  0.682,  0.465,  0.190
  0.684,  0.465,  0.180
  0.673,  0.464,  0.188
  0.675,  0.463,  0.178
  0.665,  0.462,  0.186
  0.666,  0.461,  0.176
  0.657,  0.460,  0.185
  0.657,  0.459,  0.175
  0.648,  0.458,  0.185
  0.648,  0.457,  0.175
  0.640,  0.457,  0.185
  0.639,  0.456,  0.175
  0.630,  0.465,  0.185
  0.629,  0.464,  0.175
  0.622,  0.464,  0.187
  0.620,  0.462,  0.177
  0.614,  0.462,  0.189
  0.611,  0.461,  0.180
  0.606,  0.461,  0.192
  0.602,  0.459,  0.183
  0.598,  0.460,  0.196
  0.594,  0.458,  0.187
  0.590,  0.459,  0.200
  0.586,  0.457,  0.191
  0.583,  0.458,  0.205
  0.578,  0.456,  0.196
  0.576,  0.457,  0.210
  0.571,  0.455,  0.202
  0.570,  0.456,  0.216
  0.564,  0.454,  0.208
  0.564,  0.455,  0.222
  0.557,  0.453,  0.215
  0.558,  0.455,  0.229
  0.551,  0.453,  0.223
  0.553,  0.455,  0.236
  0.545,  0.453,  0.230
  0.548,  0.455,  0.244
  0.540,  0.452,  0.238
  0.544,  0.455,  0.252
  0.536,  0.452,  0.247
  0.540,  0.455,  0.260
  0.532,  0.453,  0.256
  0.537,  0.455,  0.269
  0.528,  0.453,  0.265
  0.534,  0.456,  0.277
  0.525,  0.454,  0.275
  0.532,  0.456,  0.286
  0.523,  0.454,  0.284
  0.531,  0.457,  0.295
  0.522,  0.455,  0.294
  0.530,  0.458,  0.304
  0.521,  0.456,  0.304
  0.530,  0.459,  0.314
  0.521,  0.457,  0.314
  0.530,  0.460,  0.323
  0.521,  0.458,  0.324
  0.531,  0.462,  0.332
  0.522,  0.460,  0.333
  0.533,  0.463,  0.341
  0.524,  0.461,  0.343
  0.535,  0.465,  0.350
  0.526,  0.463,  0.353
  0.537,  0.466,  0.359
  0.529,  0.465,  0.362
  0.541,  0.468,  0.367
  0.532,  0.467,  0.371
  0.544,  0.470,  0.375
  0.537,  0.469,  0.380
  0.549,  0.472,  0.383
  0.541,  0.471,  0.389
  0.554,  0.473,  0.391
  0.546,  0.473,  0.397
  0.559,  0.475,  0.398
  0.552,  0.475,  0.404
  0.565,  0.478,  0.404
  0.558,  0.477,  0.411
  0.571,  0.480,  0.411
  0.565,  0.479,  0.418
  0.578,  0.482,  0.416
  0.572,  0.482,  0.424
  0.584,  0.484,  0.422
  0.580,  0.484,  0.430
  0.592,  0.486,  0.426
  0.587,  0.486,  0.435
  0.599,  0.488,  0.430
  0.596,  0.488,  0.439
  0.607,  0.490,  0.434
  0.604,  0.491,  0.443
  0.615,  0.492,  0.436
  0.613,  0.493,  0.446
  0.623,  0.494,  0.439
  0.621,  0.495,  0.448
  0.632,  0.496,  0.440
  0.630,  0.497,  0.450
  0.640,  0.498,  0.441
  0.639,  0.499,  0.451
  0.648,  0.500,  0.441
  0.648,  0.501,  0.451
  0.657,  0.502,  0.441
  0.657,  0.503,  0.451
  0.665,  0.503,  0.440
  0.666,  0.505,  0.450
  0.673,  0.505,  0.438
  0.675,  0.507,  0.448
  0.681,  0.506,  0.436
  0.684,  0.508,  0.445
  0.689,  0.508,  0.433
  0.693,  0.510,  0.442
  0.697,  0.509,  0.429
  0.701,  0.511,  0.438
  0.705,  0.510,  0.425
  0.709,  0.512,  0.434
  0.712,  0.511,  0.420
  0.717,  0.513,  0.429
  0.719,  0.512,  0.415
  0.724,  0.514,  0.423
  0.725,  0.513,  0.409
  0.731,  0.515,  0.417
  0.731,  0.513,  0.403
  0.738,  0.515,  0.410
  0.737,  0.514,  0.396
  0.744,  0.516,  0.402
  0.742,  0.514,  0.389
  0.750,  0.516,  0.395
  0.747,  0.514,  0.381
  0.755,  0.516,  0.386
  0.751,  0.514,  0.373
  0.759,  0.516,  0.378
  0.755,  0.514,  0.365
  0.763,  0.516,  0.369
  0.758,  0.513,  0.356
  0.767,  0.516,  0.360
  0.761,  0.513,  0.348
  0.769,  0.515,  0.350
  0.763,  0.512,  0.339
  0.772,  0.514,  0.341
  0.764,  0.512,  0.330
  0.773,  0.514,  0.331
  0.765,  0.511,  0.321
  0.774,  0.513,  0.321
  0.765,  0.510,  0.311
  0.774,  0.512,  0.311
  0.765,  0.508,  0.302
  0.774,  0.510,  0.301
  0.764,  0.507,  0.293
  0.773,  0.509,  0.291
  0.762,  0.506,  0.284
  0.771,  0.507,  0.282
  0.760,  0.504,  0.275
  0.769,  0.506,  0.272
  0.758,  0.503,  0.266
  0.766,  0.504,  0.263
  0.754,  0.501,  0.258
  0.763,  0.502,  0.254
  0.750,  0.499,  0.250
  0.758,  0.500,  0.245
  0.746,  0.497,  0.242
  0.754,  0.498,  0.236
  0.741,  0.495,  0.234
  0.749,  0.496,  0.228
  0.736,  0.493,  0.227
  0.743,  0.494,  0.221
  0.730,  0.491,  0.221
  0.737,  0.492,  0.213
  0.724,  0.489,  0.214
  0.730,  0.489,  0.207
  0.717,  0.487,  0.209
  0.723,  0.487,  0.201
  0.710,  0.485,  0.203
  0.715,  0.485,  0.195
  0.703,  0.483,  0.199
  0.708,  0.483,  0.190
  0.696,  0.481,  0.195
  0.699,  0.480,  0.186
  0.688,  0.479,  0.191
  0.691,  0.478,  0.182
  0.680,  0.476,  0.189
  0.682,  0.476,  0.179
  0.672,  0.474,  0.186
  0.674,  0.474,  0.177
  0.663,  0.472,  0.185
  0.665,  0.472,  0.175
  0.655,  0.471,  0.184
  0.656,  0.470,  0.174
  0.647,  0.469,  0.184
  0.647,  0.468,  0.174
  0.638,  0.467,  0.184
  0.638,  0.466,  0.174
  0.628,  0.475,  0.184
  0.627,  0.474,  0.174
  0.620,  0.473,  0.186
  0.618,  0.472,  0.176
  0.612,  0.472,  0.188
  0.609,  0.470,  0.178
  0.604,  0.470,  0.191
  0.601,  0.468,  0.182
  0.596,  0.469,  0.195
  0.593,  0.467,  0.186
  0.589,  0.467,  0.199
  0.585,  0.465,  0.190
  0.582,  0.466,  0.204
  0.577,  0.464,  0.195
  0.575,  0.465,  0.209
  0.569,  0.463,  0.201
  0.568,  0.464,  0.215
  0.562,  0.462,  0.207
  0.562,  0.463,  0.221
  0.556,  0.461,  0.214
  0.557,  0.463,  0.228
  0.550,  0.460,  0.222
  0.551,  0.462,  0.235
  0.544,  0.460,  0.229
  0.547,  0.462,  0.243
  0.539,  0.460,  0.238
  0.543,  0.462,  0.251
  0.535,  0.459,  0.246
  0.539,  0.462,  0.259
  0.531,  0.459,  0.255
  0.536,  0.462,  0.268
  0.527,  0.460,  0.264
  0.533,  0.463,  0.276
  0.524,  0.460,  0.274
  0.531,  0.463,  0.285
  0.522,  0.461,  0.283
  0.530,  0.464,  0.294
  0.521,  0.461,  0.293
  0.529,  0.465,  0.304
  0.520,  0.462,  0.303
  0.529,  0.466,  0.313
  0.520,  0.464,  0.313
  0.529,  0.467,  0.322
  0.520,  0.465,  0.323
  0.530,  0.468,  0.331
  0.521,  0.466,  0.333
  0.532,  0.470,  0.340
  0.523,  0.468,  0.342
  0.534,  0.471,  0.349
  0.525,  0.469,  0.352
  0.536,  0.473,  0.358
  0.528,  0.471,  0.361
  0.540,  0.475,  0.366
  0.531,  0.473,  0.370
  0.543,  0.476,  0.374
  0.536,  0.475,  0.379
  0.548,  0.478,  0.382
  0.540,  0.477,  0.388
  0.553,  0.480,  0.390
  0.545,  0.479,  0.396
  0.558,  0.483,  0.397
  0.551,  0.482,  0.403
  0.564,  0.485,  0.404
  0.557,  0.484,  0.411
  0.570,  0.487,  0.410
  0.564,  0.486,  0.417
  0.576,  0.489,  0.415
  0.571,  0.489,  0.423
  0.583,  0.492,  0.421
  0.578,  0.491,  0.429
  0.591,  0.494,  0.425
  0.586,  0.494,  0.434
  0.598,  0.496,  0.429
  0.594,  0.496,  0.438
  0.606,  0.498,  0.433
  0.603,  0.499,  0.442
  0.614,  0.501,  0.435
  0.611,  0.501,  0.445
  0.622,  0.503,  0.438
  0.620,  0.504,  0.447
  0.630,  0.505,  0.439
  0.629,  0.506,  0.449
  0.638,  0.507,  0.440
  0.638,  0.508,  0.450
  0.647,  0.509,  0.440
  0.647,  0.510,  0.450
  0.655,  0.511,  0.440
  0.656,  0.513,  0.450
  0.664,  0.513,  0.439
  0.665,  0.515,  0.448
  0.672,  0.515,  0.437
  0.674,  0.517,  0.447
  0.680,  0.517,  0.434
  0.682,  0.518,  0.444
  0.688,  0.518,  0.431
  0.691,  0.520,  0.441
  0.695,  0.520,  0.428
  0.699,  0.522,  0.437
  0.703,  0.521,  0.424
  0.707,  0.523,  0.432
  0.710,  0.522,  0.419
  0.715,  0.524,  0.427
  0.717,  0.523,  0.414
  0.722,  0.526,  0.421
  0.723,  0.524,  0.408
  0.729,  0.527,  0.415
  0.730,  0.525,  0.401
  0.736,  0.527,  0.408
  0.735,  0.526,  0.394
  0.742,  0.528,  0.401
  0.740,  0.526,  0.387
  0.748,  0.528,  0.393
  0.745,  0.526,  0.380
  0.753,  0.529,  0.385
  0.749,  0.526,  0.372
  0.757,  0.529,  0.376
  0.753,  0.526,  0.363
  0.761,  0.529,  0.367
  0.756,  0.526,  0.355
  0.765,  0.529,  0.358
  0.759,  0.526,  0.346
  0.767,  0.528,  0.349
  0.761,  0.525,  0.337
  0.770,  0.528,  0.339
  0.762,  0.524,  0.328
  0.771,  0.527,  0.329
  0.763,  0.524,  0.319
  0.772,  0.526,  0.319
  0.763,  0.523,  0.310
  0.772,  0.525,  0.310
  0.763,  0.521,  0.300
  0.772,  0.524,  0.300
  0.762,  0.520,  0.291
  0.771,  0.522,  0.290
  0.760,  0.519,  0.282
  0.769,  0.521,  0.280
  0.758,  0.517,  0.273
  0.767,  0.519,  0.270
  0.756,  0.515,  0.265
  0.764,  0.517,  0.261
  0.752,  0.514,  0.256
  0.760,  0.515,  0.252
  0.748,  0.512,  0.248
  0.756,  0.513,  0.243
  0.744,  0.510,  0.240
  0.752,  0.511,  0.235
  0.739,  0.508,  0.233
  0.746,  0.509,  0.227
  0.734,  0.506,  0.226
  0.741,  0.507,  0.219
  0.728,  0.504,  0.219
  0.735,  0.504,  0.212
  0.722,  0.501,  0.213
  0.728,  0.502,  0.205
  0.716,  0.499,  0.207
  0.721,  0.499,  0.199
  0.709,  0.497,  0.202
  0.713,  0.497,  0.194
  0.701,  0.494,  0.197
  0.706,  0.495,  0.189
  0.694,  0.492,  0.193
  0.698,  0.492,  0.184
  0.686,  0.490,  0.190
  0.689,  0.490,  0.181
  0.678,  0.488,  0.187
  0.681,  0.487,  0.178
  0.670,  0.485,  0.185
  0.672,  0.485,  0.175
  0.662,  0.483,  0.183
  0.663,  0.482,  0.174
  0.653,  0.481,  0.183
  0.654,  0.480,  0.173
  0.645,  0.479,  0.182
  0.645,  0.478,  0.172
  0.637,  0.477,  0.183
  0.636,  0.476,  0.173
  0.627,  0.485,  0.183
  0.625,  0.483,  0.173
  0.619,  0.483,  0.184
  0.617,  0.481,  0.175
  0.611,  0.481,  0.187
  0.608,  0.479,  0.177
  0.603,  0.479,  0.190
  0.599,  0.477,  0.181
  0.595,  0.477,  0.193
  0.591,  0.475,  0.185
  0.588,  0.476,  0.198
  0.583,  0.474,  0.189
  0.580,  0.474,  0.203
  0.575,  0.472,  0.194
  0.574,  0.473,  0.208
  0.568,  0.471,  0.200
  0.567,  0.472,  0.214
  0.561,  0.470,  0.206
  0.561,  0.471,  0.220
  0.555,  0.469,  0.213
  0.555,  0.470,  0.227
  0.549,  0.468,  0.221
  0.550,  0.470,  0.234
  0.543,  0.467,  0.228
  0.546,  0.469,  0.242
  0.538,  0.467,  0.237
  0.541,  0.469,  0.250
  0.533,  0.466,  0.245
  0.538,  0.469,  0.258
  0.530,  0.466,  0.254
  0.535,  0.469,  0.267
  0.526,  0.466,  0.263
  0.532,  0.469,  0.276
  0.523,  0.467,  0.273
  0.530,  0.470,  0.284
  0.521,  0.467,  0.283
  0.529,  0.471,  0.294
  0.520,  0.468,  0.292
  0.528,  0.471,  0.303
  0.519,  0.469,  0.302
  0.528,  0.472,  0.312
  0.519,  0.470,  0.312
  0.528,  0.473,  0.321
  0.519,  0.471,  0.322
  0.529,  0.475,  0.330
  0.520,  0.472,  0.332
  0.530,  0.476,  0.339
  0.522,  0.474,  0.342
  0.533,  0.478,  0.348
  0.524,  0.476,  0.351
  0.535,  0.479,  0.357
  0.527,  0.478,  0.361
  0.539,  0.481,  0.365
  0.530,  0.479,  0.370
  0.542,  0.483,  0.374
  0.534,  0.482,  0.378
  0.547,  0.485,  0.381
  0.539,  0.484,  0.387
  0.551,  0.487,  0.389
  0.544,  0.486,  0.395
  0.557,  0.490,  0.396
  0.550,  0.489,  0.403
  0.562,  0.492,  0.403
  0.556,  0.491,  0.410
  0.569,  0.494,  0.409
  0.563,  0.494,  0.416
  0.575,  0.497,  0.414
  0.570,  0.496,  0.422
  0.582,  0.499,  0.420
  0.577,  0.499,  0.428
  0.589,  0.502,  0.424
  0.585,  0.501,  0.433
  0.597,  0.504,  0.428
  0.593,  0.504,  0.437
  0.604,  0.507,  0.432
  0.601,  0.507,  0.441
  0.612,  0.509,  0.434
  0.610,  0.510,  0.444
  0.621,  0.512,  0.436
  0.619,  0.512,  0.446
  0.629,  0.514,  0.438
  0.628,  0.515,  0.448
  0.637,  0.516,  0.439
  0.636,  0.517,  0.449
  0.645,  0.519,  0.439
  0.645,  0.520,  0.449
  0.654,  0.521,  0.438
  0.654,  0.522,  0.448
  0.662,  0.523,  0.437
  0.663,  0.524,  0.447
  0.670,  0.525,  0.436
  0.672,  0.527,  0.445
  0.678,  0.527,  0.433
  0.681,  0.529,  0.443
  0.686,  0.529,  0.430
  0.689,  0.531,  0.439
  0.694,  0.530,  0.426
  0.698,  0.532,  0.435
  0.701,  0.532,  0.422
  0.706,  0.534,  0.431
  0.708,  0.533,  0.417
  0.713,  0.536,  0.426
  0.715,  0.535,  0.412
  0.721,  0.537,  0.420
  0.722,  0.536,  0.406
  0.728,  0.538,  0.414
  0.728,  0.537,  0.400
  0.734,  0.539,  0.407
  0.733,  0.537,  0.393
  0.740,  0.540,  0.399
  0.738,  0.538,  0.386
  0.746,  0.541,  0.392
  0.743,  0.539,  0.378
  0.751,  0.541,  0.383
  0.747,  0.539,  0.370
  0.755,  0.541,  0.375
  0.751,  0.539,  0.362
  0.759,  0.542,  0.366
  0.754,  0.539,  0.353
  0.763,  0.541,  0.357
  0.757,  0.538,  0.344
  0.765,  0.541,  0.347
  0.759,  0.538,  0.335
  0.768,  0.541,  0.337
  0.760,  0.537,  0.326
  0.769,  0.540,  0.328
  0.761,  0.537,  0.317
  0.770,  0.539,  0.318
  0.761,  0.536,  0.308
  0.770,  0.538,  0.308
  0.761,  0.534,  0.299
  0.770,  0.537,  0.298
  0.760,  0.533,  0.290
  0.769,  0.535,  0.288
  0.758,  0.532,  0.281
  0.767,  0.534,  0.278
  0.756,  0.530,  0.272
  0.765,  0.532,  0.269
  0.753,  0.528,  0.263
  0.762,  0.530,  0.259
  0.750,  0.527,  0.255
  0.758,  0.528,  0.250
  0.746,  0.525,  0.246
  0.754,  0.526,  0.242
  0.742,  0.523,  0.239
  0.750,  0.524,  0.233
  0.737,  0.520,  0.231
  0.744,  0.522,  0.225
  0.732,  0.518,  0.224
  0.739,  0.519,  0.217
  0.726,  0.516,  0.217
  0.733,  0.517,  0.210
  0.720,  0.514,  0.211
  0.726,  0.514,  0.204
  0.714,  0.511,  0.206
  0.719,  0.512,  0.198
  0.707,  0.509,  0.200
  0.712,  0.509,  0.192
  0.700,  0.506,  0.196
  0.704,  0.506,  0.187
  0.692,  0.504,  0.192
  0.696,  0.504,  0.183
  0.684,  0.501,  0.188
  0.687,  0.501,  0.179
  0.676,  0.499,  0.186
  0.679,  0.498,  0.176
  0.668,  0.496,  0.184
  0.670,  0.496,  0.174
  0.660,  0.494,  0.182
  0.661,  0.493,  0.172
  0.652,  0.492,  0.181
  0.652,  0.491,  0.171
  0.643,  0.489,  0.181
  0.643,  0.488,  0.171
  0.635,  0.487,  0.181
  0.634,  0.486,  0.172
  0.625,  0.495,  0.181
  0.624,  0.493,  0.172
  0.617,  0.492,  0.183
  0.615,  0.491,  0.173
  0.609,  0.490,  0.186
  0.606,  0.488,  0.176
  0.601,  0.488,  0.189
  0.598,  0.486,  0.179
  0.594,  0.486,  0.192
  0.590,  0.484,  0.183
  0.586,  0.485,  0.197
  0.582,  0.482,  0.188
  0.579,  0.483,  0.201
  0.574,  0.481,  0.193
  0.572,  0.481,  0.207
  0.567,  0.479,  0.199
  0.566,  0.480,  0.213
  0.560,  0.478,  0.205
  0.560,  0.479,  0.219
  0.553,  0.476,  0.212
  0.554,  0.478,  0.226
  0.547,  0.475,  0.220
  0.549,  0.477,  0.233
  0.542,  0.474,  0.228
  0.544,  0.477,  0.241
  0.537,  0.474,  0.236
  0.540,  0.476,  0.249
  0.532,  0.473,  0.244
  0.537,  0.476,  0.257
  0.528,  0.473,  0.253
  0.534,  0.476,  0.266
  0.525,  0.473,  0.263
  0.531,  0.476,  0.275
  0.522,  0.473,  0.272
  0.529,  0.477,  0.284
  0.520,  0.474,  0.282
  0.528,  0.477,  0.293
  0.519,  0.474,  0.291
  0.527,  0.478,  0.302
  0.518,  0.475,  0.301
  0.527,  0.479,  0.311
  0.518,  0.476,  0.311
  0.527,  0.480,  0.320
  0.518,  0.477,  0.321
  0.528,  0.481,  0.329
  0.519,  0.479,  0.331
  0.529,  0.483,  0.338
  0.521,  0.480,  0.341
  0.532,  0.484,  0.347
  0.523,  0.482,  0.350
  0.534,  0.486,  0.356
  0.526,  0.484,  0.360
  0.537,  0.488,  0.365
  0.529,  0.486,  0.369
  0.541,  0.490,  0.373
  0.533,  0.488,  0.378
  0.546,  0.492,  0.381
  0.538,  0.490,  0.386
  0.550,  0.494,  0.388
  0.543,  0.493,  0.394
  0.556,  0.497,  0.395
  0.549,  0.495,  0.402
  0.561,  0.499,  0.402
  0.555,  0.498,  0.409
  0.567,  0.502,  0.408
  0.562,  0.501,  0.415
  0.574,  0.504,  0.413
  0.569,  0.503,  0.422
  0.581,  0.507,  0.419
  0.576,  0.506,  0.427
  0.588,  0.510,  0.423
  0.584,  0.509,  0.432
  0.595,  0.512,  0.427
  0.592,  0.512,  0.436
  0.603,  0.515,  0.430
  0.600,  0.515,  0.440
  0.611,  0.518,  0.433
  0.609,  0.518,  0.443
  0.619,  0.520,  0.435
  0.617,  0.521,  0.445
  0.627,  0.523,  0.437
  0.626,  0.524,  0.447
  0.636,  0.525,  0.438
  0.635,  0.526,  0.448
  0.644,  0.528,  0.438
  0.644,  0.529,  0.448
  0.652,  0.530,  0.437
  0.653,  0.532,  0.447
  0.660,  0.533,  0.436
  0.662,  0.534,  0.446
  0.669,  0.535,  0.434
  0.671,  0.537,  0.444
  0.677,  0.537,  0.432
  0.679,  0.539,  0.441
  0.684,  0.539,  0.429
  0.688,  0.541,  0.438
  0.692,  0.541,  0.425
  0.696,  0.543,  0.434
  0.699,  0.543,  0.421
  0.704,  0.545,  0.429
  0.707,  0.545,  0.416
  0.711,  0.547,  0.424
  0.713,  0.546,  0.411
  0.719,  0.549,  0.418
  0.720,  0.547,  0.405
  0.726,  0.550,  0.412
  0.726,  0.548,  0.398
  0.732,  0.551,  0.405
  0.731,  0.549,  0.391
  0.738,  0.552,  0.398
  0.737,  0.550,  0.384
  0.744,  0.553,  0.390
  0.741,  0.551,  0.376
  0.749,  0.554,  0.382
  0.745,  0.551,  0.368
  0.753,  0.554,  0.373
  0.749,  0.551,  0.360
  0.757,  0.554,  0.364
  0.752,  0.551,  0.352
  0.761,  0.554,  0.355
  0.755,  0.551,  0.343
  0.763,  0.554,  0.345
  0.757,  0.551,  0.334
  0.765,  0.554,  0.336
  0.758,  0.550,  0.325
  0.767,  0.553,  0.326
  0.759,  0.550,  0.316
  0.768,  0.552,  0.316
  0.759,  0.549,  0.306
  0.768,  0.551,  0.306
  0.759,  0.548,  0.297
  0.768,  0.550,  0.296
  0.758,  0.546,  0.288
  0.767,  0.549,  0.286
  0.756,  0.545,  0.279
  0.765,  0.547,  0.277
  0.754,  0.543,  0.270
  0.763,  0.545,  0.267
  0.751,  0.541,  0.261
  0.760,  0.544,  0.258
  0.748,  0.540,  0.253
  0.756,  0.542,  0.249
  0.744,  0.538,  0.245
  0.752,  0.539,  0.240
  0.740,  0.535,  0.237
  0.748,  0.537,  0.231
  0.735,  0.533,  0.229
  0.742,  0.535,  0.223
  0.730,  0.531,  0.222
  0.737,  0.532,  0.216
  0.724,  0.528,  0.216
  0.731,  0.529,  0.209
  0.718,  0.526,  0.210
  0.724,  0.527,  0.202
  0.712,  0.523,  0.204
  0.717,  0.524,  0.196
  0.705,  0.521,  0.199
  0.710,  0.521,  0.190
  0.698,  0.518,  0.194
  0.702,  0.518,  0.186
  0.690,  0.515,  0.190
  0.694,  0.515,  0.181
  0.682,  0.513,  0.187
  0.686,  0.513,  0.178
  0.675,  0.510,  0.184
  0.677,  0.510,  0.175
  0.667,  0.507,  0.182
  0.668,  0.507,  0.172
  0.658,  0.505,  0.181
  0.660,  0.504,  0.171
  0.650,  0.502,  0.180
  0.651,  0.501,  0.170
  0.642,  0.500,  0.180
  0.642,  0.498,  0.170
  0.633,  0.497,  0.180
  0.633,  0.496,  0.170
  0.624,  0.504,  0.180
  0.622,  0.503,  0.170
  0.616,  0.502,  0.182
  0.614,  0.500,  0.172
  0.608,  0.500,  0.184
  0.605,  0.498,  0.175
  0.600,  0.497,  0.187
  0.597,  0.495,  0.178
  0.592,  0.495,  0.191
  0.588,  0.493,  0.182
  0.585,  0.493,  0.196
  0.580,  0.491,  0.187
  0.578,  0.491,  0.200
  0.573,  0.489,  0.192
  0.571,  0.490,  0.206
  0.566,  0.487,  0.198
  0.565,  0.488,  0.212
  0.559,  0.485,  0.204
  0.559,  0.487,  0.218
  0.552,  0.484,  0.211
  0.553,  0.486,  0.225
  0.546,  0.483,  0.219
  0.548,  0.485,  0.232
  0.541,  0.482,  0.227
  0.543,  0.484,  0.240
  0.536,  0.481,  0.235
  0.539,  0.484,  0.248
  0.531,  0.480,  0.243
  0.535,  0.483,  0.256
  0.527,  0.480,  0.252
  0.532,  0.483,  0.265
  0.524,  0.480,  0.262
  0.530,  0.483,  0.274
  0.521,  0.480,  0.271
  0.528,  0.483,  0.283
  0.519,  0.480,  0.281
  0.527,  0.484,  0.292
  0.518,  0.481,  0.291
  0.526,  0.485,  0.301
  0.517,  0.482,  0.301
  0.526,  0.485,  0.310
  0.517,  0.483,  0.310
  0.526,  0.487,  0.319
  0.517,  0.484,  0.320
  0.527,  0.488,  0.329
  0.518,  0.485,  0.330
  0.528,  0.489,  0.338
  0.520,  0.487,  0.340
  0.531,  0.491,  0.347
  0.522,  0.488,  0.350
  0.533,  0.493,  0.355
  0.525,  0.490,  0.359
  0.536,  0.495,  0.364
  0.528,  0.492,  0.368
  0.540,  0.497,  0.372
  0.532,  0.495,  0.377
  0.544,  0.499,  0.380
  0.537,  0.497,  0.385
  0.549,  0.501,  0.387
  0.542,  0.500,  0.393
  0.555,  0.504,  0.394
  0.548,  0.502,  0.401
  0.560,  0.506,  0.401
  0.554,  0.505,  0.408
  0.566,  0.509,  0.407
  0.561,  0.508,  0.415
  0.573,  0.512,  0.413
  0.568,  0.511,  0.421
  0.580,  0.515,  0.418
  0.575,  0.514,  0.426
  0.587,  0.517,  0.422
  0.583,  0.517,  0.431
  0.594,  0.520,  0.426
  0.591,  0.520,  0.435
  0.602,  0.523,  0.429
  0.599,  0.523,  0.439
  0.610,  0.526,  0.432
  0.607,  0.526,  0.442
  0.618,  0.529,  0.434
  0.616,  0.529,  0.444
  0.626,  0.532,  0.436
  0.625,  0.532,  0.446
  0.634,  0.535,  0.436
  0.634,  0.535,  0.446
  0.642,  0.537,  0.437
  0.642,  0.538,  0.447
  0.651,  0.540,  0.436
  0.651,  0.541,  0.446
  0.659,  0.543,  0.435
  0.660,  0.544,  0.445
  0.667,  0.545,  0.433
  0.669,  0.547,  0.443
  0.675,  0.547,  0.431
  0.678,  0.549,  0.440
  0.683,  0.550,  0.427
  0.686,  0.552,  0.437
  0.690,  0.552,  0.424
  0.694,  0.554,  0.433
  0.698,  0.554,  0.419
  0.702,  0.556,  0.428
  0.705,  0.556,  0.415
  0.710,  0.558,  0.423
  0.712,  0.557,  0.409
  0.717,  0.560,  0.417
  0.718,  0.559,  0.403
  0.724,  0.562,  0.411
  0.724,  0.560,  0.397
  0.730,  0.563,  0.404
  0.730,  0.561,  0.390
  0.736,  0.564,  0.396
  0.735,  0.562,  0.383
  0.742,  0.565,  0.388
  0.739,  0.563,  0.375
  0.747,  0.566,  0.380
  0.743,  0.564,  0.367
  0.751,  0.567,  0.371
  0.747,  0.564,  0.359
  0.755,  0.567,  0.362
  0.750,  0.564,  0.350
  0.759,  0.567,  0.353
  0.753,  0.564,  0.341
  0.761,  0.567,  0.344
  0.755,  0.564,  0.332
  0.763,  0.567,  0.334
  0.756,  0.563,  0.323
  0.765,  0.566,  0.324
  0.757,  0.563,  0.314
  0.766,  0.566,  0.314
  0.757,  0.562,  0.305
  0.766,  0.565,  0.304
  0.757,  0.561,  0.295
  0.766,  0.563,  0.295
  0.756,  0.559,  0.286
  0.765,  0.562,  0.285
  0.754,  0.558,  0.277
  0.763,  0.560,  0.275
  0.752,  0.556,  0.268
  0.761,  0.559,  0.265
  0.749,  0.554,  0.260
  0.758,  0.557,  0.256
  0.746,  0.552,  0.251
  0.754,  0.555,  0.247
  0.742,  0.550,  0.243
  0.750,  0.552,  0.238
  0.738,  0.548,  0.235
  0.746,  0.550,  0.230
  0.733,  0.546,  0.228
  0.740,  0.548,  0.222
  0.728,  0.543,  0.221
  0.735,  0.545,  0.214
  0.722,  0.541,  0.214
  0.729,  0.542,  0.207
  0.716,  0.538,  0.208
  0.722,  0.539,  0.200
  0.710,  0.535,  0.202
  0.715,  0.536,  0.194
  0.703,  0.533,  0.197
  0.708,  0.533,  0.189
  0.696,  0.530,  0.193
  0.700,  0.530,  0.184
  0.688,  0.527,  0.189
  0.692,  0.527,  0.180
  0.681,  0.524,  0.186
  0.684,  0.524,  0.176
  0.673,  0.521,  0.183
  0.675,  0.521,  0.173
  0.665,  0.518,  0.181
  0.667,  0.518,  0.171
  0.657,  0.515,  0.179
  0.658,  0.515,  0.169
  0.648,  0.513,  0.179
  0.649,  0.512,  0.169
  0.640,  0.510,  0.178
  0.640,  0.509,  0.168
  0.632,  0.507,  0.179
  0.631,  0.506,  0.169
  0.622,  0.514,  0.179
  0.621,  0.513,  0.169
  0.614,  0.512,  0.181
  0.612,  0.510,  0.171
  0.606,  0.509,  0.183
  0.604,  0.507,  0.174
  0.598,  0.506,  0.186
  0.595,  0.504,  0.177
  0.591,  0.504,  0.190
  0.587,  0.502,  0.181
  0.583,  0.502,  0.194
  0.579,  0.499,  0.186
  0.576,  0.500,  0.199
  0.572,  0.497,  0.191
  0.570,  0.498,  0.205
  0.564,  0.495,  0.197
  0.563,  0.496,  0.211
  0.557,  0.493,  0.203
  0.557,  0.495,  0.217
  0.551,  0.492,  0.210
  0.552,  0.493,  0.224
  0.545,  0.490,  0.218
  0.547,  0.492,  0.231
  0.540,  0.489,  0.226
  0.542,  0.491,  0.239
  0.535,  0.488,  0.234
  0.538,  0.491,  0.247
  0.530,  0.487,  0.243
  0.534,  0.490,  0.255
  0.526,  0.487,  0.252
  0.531,  0.490,  0.264
  0.523,  0.487,  0.261
  0.529,  0.490,  0.273
  0.520,  0.487,  0.270
  0.527,  0.490,  0.282
  0.518,  0.487,  0.280
  0.525,  0.491,  0.291
  0.517,  0.487,  0.290
  0.525,  0.491,  0.300
  0.516,  0.488,  0.300
  0.524,  0.492,  0.309
  0.516,  0.489,  0.310
  0.525,  0.493,  0.319
  0.516,  0.490,  0.320
  0.526,  0.494,  0.328
  0.517,  0.491,  0.329
  0.527,  0.496,  0.337
  0.519,  0.493,  0.339
  0.529,  0.497,  0.346
  0.521,  0.495,  0.349
  0.532,  0.499,  0.354
  0.524,  0.497,  0.358
  0.535,  0.501,  0.363
  0.527,  0.499,  0.367
  0.539,  0.503,  0.371
  0.531,  0.501,  0.376
  0.543,  0.506,  0.379
  0.536,  0.504,  0.384
  0.548,  0.508,  0.386
  0.541,  0.506,  0.392
  0.553,  0.511,  0.393
  0.547,  0.509,  0.400
  0.559,  0.514,  0.400
  0.553,  0.512,  0.407
  0.565,  0.516,  0.406
  0.559,  0.515,  0.414
  0.572,  0.519,  0.412
  0.566,  0.518,  0.420
  0.578,  0.522,  0.417
  0.574,  0.521,  0.425
  0.586,  0.525,  0.421
  0.581,  0.525,  0.430
  0.593,  0.528,  0.425
  0.589,  0.528,  0.434
  0.601,  0.531,  0.428
  0.598,  0.531,  0.438
  0.608,  0.534,  0.431
  0.606,  0.535,  0.441
  0.616,  0.538,  0.433
  0.615,  0.538,  0.443
  0.625,  0.541,  0.435
  0.623,  0.541,  0.444
  0.633,  0.544,  0.435
  0.632,  0.544,  0.445
  0.641,  0.547,  0.435
  0.641,  0.548,  0.445
  0.649,  0.550,  0.435
  0.650,  0.551,  0.445
  0.657,  0.552,  0.434
  0.659,  0.554,  0.443
  0.665,  0.555,  0.432
  0.667,  0.557,  0.441
  0.673,  0.558,  0.429
  0.676,  0.560,  0.439
  0.681,  0.560,  0.426
  0.684,  0.562,  0.435
  0.689,  0.563,  0.422
  0.692,  0.565,  0.431
  0.696,  0.565,  0.418
  0.700,  0.567,  0.427
  0.703,  0.567,  0.413
  0.708,  0.569,  0.421
  0.710,  0.569,  0.408
  0.715,  0.571,  0.416
  0.716,  0.570,  0.402
  0.722,  0.573,  0.409
  0.722,  0.572,  0.395
  0.728,  0.575,  0.402
  0.728,  0.573,  0.388
  0.734,  0.576,  0.395
  0.733,  0.574,  0.381
  0.740,  0.578,  0.387
  0.737,  0.575,  0.373
  0.745,  0.579,  0.379
  0.741,  0.576,  0.365
  0.749,  0.579,  0.370
  0.745,  0.576,  0.357
  0.753,  0.580,  0.361
  0.748,  0.577,  0.348
  0.756,  0.580,  0.352
  0.751,  0.577,  0.340
  0.759,  0.580,  0.342
  0.753,  0.577,  0.331
  0.761,  0.580,  0.332
  0.754,  0.576,  0.321
  0.763,  0.579,  0.323
  0.755,  0.575,  0.312
  0.764,  0.579,  0.313
  0.755,  0.575,  0.303
  0.764,  0.578,  0.303
  0.755,  0.574,  0.294
  0.763,  0.577,  0.293
  0.754,  0.572,  0.285
  0.762,  0.575,  0.283
  0.752,  0.571,  0.276
  0.761,  0.574,  0.273
  0.750,  0.569,  0.267
  0.758,  0.572,  0.264
  0.747,  0.567,  0.258
  0.756,  0.570,  0.254
  0.744,  0.565,  0.250
  0.752,  0.568,  0.245
  0.740,  0.563,  0.242
  0.748,  0.566,  0.237
  0.736,  0.561,  0.234
  0.743,  0.563,  0.228
  0.731,  0.558,  0.226
  0.738,  0.560,  0.220
  0.726,  0.556,  0.219
  0.733,  0.558,  0.213
  0.720,  0.553,  0.213
  0.727,  0.555,  0.205
  0.714,  0.550,  0.207
  0.720,  0.552,  0.199
  0.708,  0.547,  0.201
  0.713,  0.549,  0.193
  0.701,  0.544,  0.196
  0.706,  0.545,  0.187
  0.694,  0.541,  0.191
  0.698,  0.542,  0.182
  0.687,  0.538,  0.187
  0.690,  0.539,  0.178
  0.679,  0.535,  0.184
  0.682,  0.535,  0.175
  0.671,  0.532,  0.181
  0.673,  0.532,  0.172
  0.663,  0.529,  0.179
  0.665,  0.529,  0.170
  0.655,  0.526,  0.178
  0.656,  0.525,  0.168
  0.647,  0.523,  0.177
  0.647,  0.522,  0.167
  0.639,  0.520,  0.177
  0.638,  0.519,  0.167
  0.630,  0.517,  0.178
  0.630,  0.516,  0.168
  0.621,  0.524,  0.178
  0.619,  0.523,  0.168
  0.613,  0.521,  0.179
  0.611,  0.519,  0.170
  0.605,  0.518,  0.182
  0.602,  0.516,  0.173
  0.597,  0.516,  0.185
  0.594,  0.513,  0.176
  0.589,  0.513,  0.189
  0.586,  0.511,  0.180
  0.582,  0.511,  0.193
  0.578,  0.508,  0.185
  0.575,  0.508,  0.198
  0.570,  0.506,  0.190
  0.568,  0.506,  0.204
  0.563,  0.503,  0.196
  0.562,  0.504,  0.210
  0.556,  0.501,  0.202
  0.556,  0.503,  0.216
  0.550,  0.499,  0.209
  0.551,  0.501,  0.223
  0.544,  0.498,  0.217
  0.546,  0.500,  0.230
  0.538,  0.496,  0.225
  0.541,  0.499,  0.238
  0.533,  0.495,  0.233
  0.537,  0.498,  0.246
  0.529,  0.494,  0.242
  0.533,  0.497,  0.255
  0.525,  0.494,  0.251
  0.530,  0.497,  0.263
  0.522,  0.493,  0.260
  0.528,  0.497,  0.272
  0.519,  0.493,  0.270
  0.526,  0.497,  0.281
  0.517,  0.493,  0.279
  0.524,  0.497,  0.290
  0.516,  0.494,  0.289
  0.524,  0.498,  0.299
  0.515,  0.494,  0.299
  0.523,  0.499,  0.309
  0.515,  0.495,  0.309
  0.524,  0.500,  0.318
  0.515,  0.496,  0.319
  0.525,  0.501,  0.327
  0.516,  0.498,  0.329
  0.526,  0.502,  0.336
  0.518,  0.499,  0.338
  0.528,  0.504,  0.345
  0.520,  0.501,  0.348
  0.531,  0.506,  0.354
  0.523,  0.503,  0.357
  0.534,  0.508,  0.362
  0.526,  0.505,  0.366
  0.538,  0.510,  0.370
  0.530,  0.508,  0.375
  0.542,  0.513,  0.378
  0.535,  0.510,  0.383
  0.547,  0.515,  0.385
  0.540,  0.513,  0.391
  0.552,  0.518,  0.392
  0.546,  0.516,  0.399
  0.558,  0.521,  0.399
  0.552,  0.519,  0.406
  0.564,  0.524,  0.405
  0.558,  0.522,  0.413
  0.570,  0.527,  0.411
  0.565,  0.525,  0.419
  0.577,  0.530,  0.416
  0.573,  0.529,  0.424
  0.584,  0.533,  0.420
  0.580,  0.532,  0.429
  0.592,  0.536,  0.424
  0.588,  0.536,  0.433
  0.599,  0.540,  0.427
  0.596,  0.539,  0.437
  0.607,  0.543,  0.430
  0.605,  0.543,  0.440
  0.615,  0.546,  0.432
  0.613,  0.546,  0.442
  0.623,  0.549,  0.433
  0.622,  0.550,  0.443
  0.631,  0.553,  0.434
  0.631,  0.553,  0.444
  0.639,  0.556,  0.434
  0.640,  0.557,  0.444
  0.648,  0.559,  0.434
  0.648,  0.560,  0.444
  0.656,  0.562,  0.432
  0.657,  0.564,  0.442
  0.664,  0.565,  0.430
  0.666,  0.567,  0.440
  0.672,  0.568,  0.428
  0.674,  0.570,  0.437
  0.679,  0.571,  0.425
  0.683,  0.573,  0.434
  0.687,  0.573,  0.421
  0.691,  0.576,  0.430
  0.694,  0.576,  0.417
  0.699,  0.578,  0.425
  0.701,  0.578,  0.412
  0.706,  0.581,  0.420
  0.708,  0.580,  0.406
  0.713,  0.583,  0.414
  0.714,  0.582,  0.400
  0.720,  0.585,  0.408
  0.720,  0.584,  0.394
  0.727,  0.587,  0.401
  0.726,  0.585,  0.387
  0.732,  0.588,  0.393
  0.731,  0.586,  0.380
  0.738,  0.590,  0.385
  0.735,  0.588,  0.372
  0.743,  0.591,  0.377
  0.739,  0.588,  0.364
  0.747,  0.592,  0.368
  0.743,  0.589,  0.355
  0.751,  0.592,  0.359
  0.746,  0.589,  0.347
  0.754,  0.593,  0.350
  0.749,  0.589,  0.338
  0.757,  0.593,  0.340
  0.751,  0.589,  0.329
  0.759,  0.593,  0.331
  0.752,  0.589,  0.320
  0.761,  0.593,  0.321
  0.753,  0.588,  0.311
  0.762,  0.592,  0.311
  0.753,  0.588,  0.301
  0.762,  0.591,  0.301
  0.753,  0.587,  0.292
  0.761,  0.590,  0.291
  0.752,  0.585,  0.283
  0.760,  0.589,  0.281
  0.750,  0.584,  0.274
  0.759,  0.587,  0.272
  0.748,  0.582,  0.265
  0.756,  0.585,  0.262
  0.745,  0.580,  0.256
  0.753,  0.583,  0.253
  0.742,  0.578,  0.248
  0.750,  0.581,  0.244
  0.738,  0.576,  0.240
  0.746,  0.579,  0.235
  0.734,  0.574,  0.232
  0.741,  0.576,  0.226
  0.729,  0.571,  0.225
  0.736,  0.573,  0.218
  0.724,  0.568,  0.218
  0.731,  0.570,  0.211
  0.718,  0.566,  0.211
  0.725,  0.567,  0.204
  0.712,  0.563,  0.205
  0.718,  0.564,  0.197
  0.706,  0.560,  0.199
  0.711,  0.561,  0.191
  0.699,  0.556,  0.194
  0.704,  0.557,  0.186
  0.692,  0.553,  0.190
  0.696,  0.554,  0.181
  0.685,  0.550,  0.186
  0.688,  0.550,  0.177
  0.677,  0.547,  0.183
  0.680,  0.547,  0.173
  0.669,  0.543,  0.180
  0.672,  0.543,  0.170
  0.661,  0.540,  0.178
  0.663,  0.540,  0.168
  0.653,  0.537,  0.177
  0.654,  0.536,  0.167
  0.645,  0.534,  0.176
  0.646,  0.533,  0.166
  0.637,  0.530,  0.176
  0.637,  0.529,  0.166
  0.629,  0.527,  0.176
  0.628,  0.526,  0.166
  0.619,  0.534,  0.176
  0.618,  0.532,  0.167
  0.611,  0.531,  0.178
  0.609,  0.529,  0.169
  0.603,  0.528,  0.181
  0.601,  0.526,  0.171
  0.595,  0.525,  0.184
  0.592,  0.522,  0.175
  0.588,  0.522,  0.188
  0.584,  0.519,  0.179
  0.581,  0.519,  0.192
  0.576,  0.517,  0.184
  0.574,  0.517,  0.197
  0.569,  0.514,  0.189
  0.567,  0.514,  0.203
  0.562,  0.511,  0.195
  0.561,  0.512,  0.209
  0.555,  0.509,  0.201
  0.555,  0.510,  0.215
  0.549,  0.507,  0.208
  0.549,  0.509,  0.222
  0.543,  0.505,  0.216
  0.544,  0.507,  0.229
  0.537,  0.504,  0.224
  0.540,  0.506,  0.237
  0.532,  0.502,  0.232
  0.536,  0.505,  0.245
  0.528,  0.501,  0.241
  0.532,  0.504,  0.254
  0.524,  0.501,  0.250
  0.529,  0.504,  0.262
  0.521,  0.500,  0.259
  0.527,  0.504,  0.271
  0.518,  0.500,  0.269
  0.525,  0.504,  0.280
  0.516,  0.500,  0.278
  0.523,  0.504,  0.289
  0.515,  0.500,  0.288
  0.523,  0.504,  0.299
  0.514,  0.501,  0.298
  0.522,  0.505,  0.308
  0.514,  0.502,  0.308
  0.523,  0.506,  0.317
  0.514,  0.503,  0.318
  0.524,  0.507,  0.326
  0.515,  0.504,  0.328
  0.525,  0.509,  0.335
  0.517,  0.506,  0.338
  0.527,  0.511,  0.344
  0.519,  0.507,  0.347
  0.530,  0.513,  0.353
  0.522,  0.509,  0.356
  0.533,  0.515,  0.361
  0.525,  0.512,  0.366
  0.537,  0.517,  0.369
  0.529,  0.514,  0.374
  0.541,  0.519,  0.377
  0.534,  0.517,  0.383
  0.546,  0.522,  0.384
  0.539,  0.520,  0.391
  0.551,  0.525,  0.391
  0.545,  0.523,  0.398
  0.557,  0.528,  0.398
  0.551,  0.526,  0.405
  0.563,  0.531,  0.404
  0.557,  0.529,  0.412
  0.569,  0.534,  0.410
  0.564,  0.533,  0.418
  0.576,  0.538,  0.415
  0.571,  0.536,  0.423
  0.583,  0.541,  0.419
  0.579,  0.540,  0.428
  0.590,  0.544,  0.423
  0.587,  0.544,  0.432
  0.598,  0.548,  0.426
  0.595,  0.547,  0.436
  0.606,  0.551,  0.429
  0.603,  0.551,  0.439
  0.614,  0.555,  0.431
  0.612,  0.555,  0.441
  0.622,  0.558,  0.432
  0.621,  0.559,  0.442
  0.630,  0.562,  0.433
  0.629,  0.563,  0.443
  0.638,  0.565,  0.433
  0.638,  0.566,  0.443
  0.646,  0.569,  0.432
  0.647,  0.570,  0.442
  0.654,  0.572,  0.431
  0.656,  0.573,  0.441
  0.662,  0.575,  0.429
  0.664,  0.577,  0.439
  0.670,  0.578,  0.427
  0.673,  0.580,  0.436
  0.678,  0.581,  0.423
  0.681,  0.583,  0.433
  0.685,  0.584,  0.420
  0.689,  0.586,  0.429
  0.693,  0.587,  0.415
  0.697,  0.589,  0.424
  0.700,  0.589,  0.410
  0.704,  0.592,  0.419
  0.706,  0.591,  0.405
  0.712,  0.594,  0.413
  0.712,  0.594,  0.399
  0.718,  0.597,  0.406
  0.718,  0.595,  0.392
  0.725,  0.599,  0.399
  0.724,  0.597,  0.385
  0.731,  0.601,  0.392
  0.729,  0.599,  0.378
  0.736,  0.602,  0.384
  0.733,  0.600,  0.370
  0.741,  0.603,  0.375
  0.738,  0.601,  0.362
  0.745,  0.604,  0.367
  0.741,  0.602,  0.354
  0.749,  0.605,  0.358
  0.744,  0.602,  0.345
  0.752,  0.606,  0.348
  0.747,  0.602,  0.336
  0.755,  0.606,  0.339
  0.749,  0.602,  0.327
  0.757,  0.606,  0.329
  0.750,  0.602,  0.318
  0.759,  0.606,  0.319
  0.751,  0.601,  0.309
  0.759,  0.605,  0.309
  0.751,  0.601,  0.300
  0.760,  0.604,  0.299
  0.750,  0.600,  0.290
  0.759,  0.603,  0.289
  0.750,  0.598,  0.281
  0.758,  0.602,  0.280
  0.748,  0.597,  0.272
  0.757,  0.600,  0.270
  0.746,  0.595,  0.263
  0.754,  0.599,  0.260
  0.743,  0.593,  0.255
  0.751,  0.596,  0.251
  0.740,  0.591,  0.246
  0.748,  0.594,  0.242
  0.736,  0.589,  0.238
  0.744,  0.592,  0.233
  0.732,  0.586,  0.230
  0.739,  0.589,  0.225
  0.727,  0.584,  0.223
  0.734,  0.586,  0.217
  0.722,  0.581,  0.216
  0.729,  0.583,  0.209
  0.716,  0.578,  0.209
  0.723,  0.580,  0.202
  0.710,  0.575,  0.203
  0.716,  0.577,  0.196
  0.704,  0.572,  0.198
  0.709,  0.573,  0.190
  0.697,  0.568,  0.193
  0.702,  0.570,  0.184
  0.690,  0.565,  0.188
  0.694,  0.566,  0.179
  0.683,  0.562,  0.184
  0.686,  0.562,  0.175
  0.675,  0.558,  0.181
  0.678,  0.558,  0.172
  0.668,  0.555,  0.179
  0.670,  0.555,  0.169
  0.660,  0.551,  0.177
  0.661,  0.551,  0.167
  0.652,  0.547,  0.175
  0.653,  0.547,  0.165
  0.643,  0.544,  0.174
  0.644,  0.543,  0.165
  0.635,  0.541,  0.174
  0.635,  0.540,  0.165
  0.627,  0.537,  0.175
  0.626,  0.536,  0.165
  0.617,  0.544,  0.175
  0.616,  0.542,  0.165
  0.610,  0.540,  0.177
  0.608,  0.539,  0.167
  0.602,  0.537,  0.180
  0.599,  0.535,  0.170
  0.594,  0.534,  0.183
  0.591,  0.532,  0.174
  0.587,  0.531,  0.187
  0.583,  0.528,  0.178
  0.579,  0.528,  0.191
  0.575,  0.525,  0.183
  0.572,  0.525,  0.196
  0.568,  0.522,  0.188
  0.566,  0.523,  0.202
  0.560,  0.520,  0.194
  0.560,  0.520,  0.208
  0.554,  0.517,  0.200
  0.554,  0.518,  0.214
  0.547,  0.515,  0.207
  0.548,  0.516,  0.221
  0.541,  0.513,  0.215
  0.543,  0.515,  0.229
  0.536,  0.511,  0.223
  0.539,  0.513,  0.236
  0.531,  0.510,  0.231
  0.535,  0.512,  0.244
  0.527,  0.508,  0.240
  0.531,  0.511,  0.253
  0.523,  0.507,  0.249
  0.528,  0.511,  0.261
  0.520,  0.507,  0.258
  0.526,  0.510,  0.270
  0.517,  0.506,  0.268
  0.524,  0.510,  0.279
  0.515,  0.506,  0.278
  0.522,  0.511,  0.288
  0.514,  0.507,  0.287
  0.522,  0.511,  0.298
  0.513,  0.507,  0.297
  0.521,  0.512,  0.307
  0.513,  0.508,  0.307
  0.522,  0.513,  0.316
  0.513,  0.509,  0.317
  0.523,  0.514,  0.325
  0.514,  0.510,  0.327
  0.524,  0.515,  0.334
  0.516,  0.512,  0.337
  0.526,  0.517,  0.343
  0.518,  0.514,  0.346
  0.529,  0.519,  0.352
  0.521,  0.516,  0.356
  0.532,  0.521,  0.360
  0.524,  0.518,  0.365
  0.536,  0.524,  0.368
  0.528,  0.521,  0.373
  0.540,  0.526,  0.376
  0.533,  0.523,  0.382
  0.545,  0.529,  0.384
  0.538,  0.526,  0.390
  0.550,  0.532,  0.391
  0.543,  0.530,  0.397
  0.556,  0.535,  0.397
  0.550,  0.533,  0.404
  0.562,  0.538,  0.403
  0.556,  0.536,  0.411
  0.568,  0.542,  0.409
  0.563,  0.540,  0.417
  0.575,  0.545,  0.414
  0.570,  0.544,  0.422
  0.582,  0.549,  0.418
  0.578,  0.548,  0.427
  0.589,  0.552,  0.422
  0.586,  0.552,  0.431
  0.597,  0.556,  0.425
  0.594,  0.556,  0.435
  0.604,  0.560,  0.428
  0.602,  0.560,  0.437
  0.612,  0.564,  0.430
  0.611,  0.564,  0.440
  0.620,  0.567,  0.431
  0.619,  0.568,  0.441
  0.628,  0.571,  0.432
  0.628,  0.572,  0.442
  0.636,  0.575,  0.432
  0.637,  0.576,  0.442
  0.645,  0.578,  0.431
  0.645,  0.579,  0.441
  0.653,  0.582,  0.430
  0.654,  0.583,  0.440
  0.661,  0.585,  0.428
  0.663,  0.587,  0.438
  0.668,  0.589,  0.425
  0.671,  0.590,  0.435
  0.676,  0.592,  0.422
  0.679,  0.594,  0.431
  0.684,  0.595,  0.418
  0.687,  0.597,  0.427
  0.691,  0.598,  0.414
  0.695,  0.600,  0.422
  0.698,  0.600,  0.409
  0.703,  0.603,  0.417
  0.704,  0.603,  0.403
  0.710,  0.606,  0.411
  0.711,  0.605,  0.397
  0.716,  0.608,  0.405
  0.716,  0.607,  0.391
  0.723,  0.611,  0.398
  0.722,  0.609,  0.384
  0.729,  0.613,  0.390
  0.727,  0.611,  0.376
  0.734,  0.614,  0.382
  0.732,  0.612,  0.369
  0.739,  0.616,  0.374
  0.736,  0.613,  0.361
  0.743,  0.617,  0.365
  0.739,  0.614,  0.352
  0.747,  0.618,  0.356
  0.742,  0.615,  0.344
  0.750,  0.619,  0.347
  0.745,  0.615,  0.335
  0.753,  0.619,  0.337
  0.747,  0.615,  0.326
  0.755,  0.619,  0.327
  0.748,  0.615,  0.316
  0.757,  0.619,  0.318
  0.749,  0.614,  0.307
  0.757,  0.618,  0.308
  0.749,  0.614,  0.298
  0.758,  0.618,  0.298
  0.748,  0.613,  0.289
  0.757,  0.617,  0.288
  0.747,  0.611,  0.280
  0.756,  0.615,  0.278
  0.746,  0.610,  0.271
  0.754,  0.614,  0.268
  0.744,  0.608,  0.262
  0.752,  0.612,  0.259
  0.741,  0.606,  0.253
  0.749,  0.610,  0.249
  0.738,  0.604,  0.245
  0.746,  0.607,  0.240
  0.734,  0.602,  0.237
  0.742,  0.605,  0.232
  0.730,  0.599,  0.229
  0.737,  0.602,  0.223
  0.725,  0.596,  0.221
  0.732,  0.599,  0.215
  0.720,  0.593,  0.214
  0.727,  0.596,  0.208
  0.714,  0.590,  0.208
  0.721,  0.592,  0.201
  0.708,  0.587,  0.202
  0.714,  0.589,  0.194
  0.702,  0.584,  0.196
  0.707,  0.585,  0.188
  0.695,  0.580,  0.191
  0.700,  0.582,  0.183
  0.688,  0.577,  0.187
  0.692,  0.578,  0.178
  0.681,  0.573,  0.183
  0.685,  0.574,  0.174
  0.673,  0.569,  0.180
  0.676,  0.570,  0.170
  0.666,  0.566,  0.177
  0.668,  0.566,  0.167
  0.658,  0.562,  0.175
  0.660,  0.562,  0.165
  0.650,  0.558,  0.174
  0.651,  0.558,  0.164
  0.642,  0.554,  0.173
  0.642,  0.554,  0.163
  0.634,  0.551,  0.173
  0.634,  0.550,  0.163
  0.626,  0.547,  0.174
  0.625,  0.546,  0.164
  0.616,  0.553,  0.174
  0.615,  0.552,  0.164
  0.608,  0.550,  0.176
  0.606,  0.548,  0.166
  0.600,  0.546,  0.178
  0.598,  0.544,  0.169
  0.593,  0.543,  0.182
  0.589,  0.541,  0.172
  0.585,  0.540,  0.186
  0.581,  0.537,  0.177
  0.578,  0.537,  0.190
  0.574,  0.534,  0.181
  0.571,  0.534,  0.195
  0.566,  0.531,  0.187
  0.564,  0.531,  0.201
  0.559,  0.528,  0.193
  0.558,  0.528,  0.207
  0.552,  0.525,  0.199
  0.552,  0.526,  0.213
  0.546,  0.523,  0.206
  0.547,  0.524,  0.220
  0.540,  0.520,  0.214
  0.542,  0.522,  0.228
  0.535,  0.518,  0.222
  0.537,  0.521,  0.235
  0.530,  0.517,  0.230
  0.533,  0.519,  0.243
  0.526,  0.515,  0.239
  0.530,  0.518,  0.252
  0.522,  0.514,  0.248
  0.527,  0.518,  0.261
  0.519,  0.514,  0.257
  0.524,  0.517,  0.269
  0.516,  0.513,  0.267
  0.523,  0.517,  0.278
  0.514,  0.513,  0.277
  0.521,  0.517,  0.288
  0.513,  0.513,  0.287
  0.520,  0.518,  0.297
  0.512,  0.513,  0.297
  0.520,  0.518,  0.306
  0.512,  0.514,  0.306
  0.521,  0.519,  0.315
  0.512,  0.515,  0.316
  0.522,  0.521,  0.324
  0.513,  0.517,  0.326
  0.523,  0.522,  0.333
  0.515,  0.518,  0.336
  0.525,  0.524,  0.342
  0.517,  0.520,  0.346
  0.528,  0.526,  0.351
  0.520,  0.522,  0.355
  0.531,  0.528,  0.359
  0.523,  0.525,  0.364
  0.535,  0.530,  0.368
  0.527,  0.527,  0.373
  0.539,  0.533,  0.375
  0.532,  0.530,  0.381
  0.544,  0.536,  0.383
  0.537,  0.533,  0.389
  0.549,  0.539,  0.390
  0.542,  0.537,  0.396
  0.555,  0.542,  0.396
  0.548,  0.540,  0.403
  0.560,  0.546,  0.402
  0.555,  0.544,  0.410
  0.567,  0.549,  0.408
  0.562,  0.547,  0.416
  0.574,  0.553,  0.413
  0.569,  0.551,  0.421
  0.581,  0.557,  0.417
  0.576,  0.555,  0.426
  0.588,  0.560,  0.421
  0.584,  0.560,  0.430
  0.595,  0.564,  0.424
  0.592,  0.564,  0.434
  0.603,  0.568,  0.427
  0.601,  0.568,  0.436
  0.611,  0.572,  0.429
  0.609,  0.572,  0.439
  0.619,  0.576,  0.430
  0.618,  0.576,  0.440
  0.627,  0.580,  0.431
  0.626,  0.581,  0.441
  0.635,  0.584,  0.431
  0.635,  0.585,  0.441
  0.643,  0.588,  0.430
  0.644,  0.589,  0.440
  0.651,  0.592,  0.429
  0.652,  0.593,  0.438
  0.659,  0.595,  0.427
  0.661,  0.597,  0.436
  0.667,  0.599,  0.424
  0.669,  0.601,  0.433
  0.674,  0.602,  0.421
  0.678,  0.604,  0.430
  0.682,  0.605,  0.417
  0.686,  0.608,  0.426
  0.689,  0.609,  0.412
  0.693,  0.611,  0.421
  0.696,  0.611,  0.407
  0.701,  0.614,  0.416
  0.703,  0.614,  0.402
  0.708,  0.617,  0.410
  0.709,  0.617,  0.396
  0.715,  0.620,  0.403
  0.715,  0.619,  0.389
  0.721,  0.623,  0.396
  0.720,  0.621,  0.382
  0.727,  0.625,  0.389
  0.725,  0.623,  0.375
  0.732,  0.627,  0.381
  0.730,  0.624,  0.367
  0.737,  0.628,  0.372
  0.734,  0.626,  0.359
  0.741,  0.630,  0.363
  0.737,  0.627,  0.351
  0.745,  0.631,  0.354
  0.740,  0.627,  0.342
  0.748,  0.632,  0.345
  0.743,  0.628,  0.333
  0.751,  0.632,  0.335
  0.744,  0.628,  0.324
  0.753,  0.632,  0.326
  0.746,  0.628,  0.315
  0.754,  0.632,  0.316
  0.747,  0.627,  0.306
  0.755,  0.632,  0.306
  0.747,  0.627,  0.296
  0.755,  0.631,  0.296
  0.746,  0.626,  0.287
  0.755,  0.630,  0.286
  0.745,  0.625,  0.278
  0.754,  0.629,  0.276
  0.744,  0.623,  0.269
  0.752,  0.627,  0.267
  0.742,  0.621,  0.260
  0.750,  0.625,  0.257
  0.739,  0.619,  0.251
  0.747,  0.623,  0.248
  0.736,  0.617,  0.243
  0.744,  0.620,  0.239
  0.732,  0.615,  0.235
  0.740,  0.618,  0.230
  0.728,  0.612,  0.227
  0.735,  0.615,  0.221
  0.723,  0.609,  0.220
  0.730,  0.612,  0.214
  0.718,  0.606,  0.213
  0.725,  0.609,  0.206
  0.713,  0.603,  0.206
  0.719,  0.605,  0.199
  0.707,  0.599,  0.200
  0.712,  0.601,  0.192
  0.700,  0.596,  0.195
  0.705,  0.598,  0.187
  0.693,  0.592,  0.190
  0.698,  0.594,  0.181
  0.686,  0.588,  0.185
  0.691,  0.590,  0.176
  0.679,  0.585,  0.182
  0.683,  0.586,  0.172
  0.672,  0.581,  0.178
  0.675,  0.581,  0.169
  0.664,  0.577,  0.176
  0.666,  0.577,  0.166
  0.656,  0.573,  0.174
  0.658,  0.573,  0.164
  0.648,  0.569,  0.172
  0.649,  0.569,  0.163
  0.640,  0.565,  0.172
  0.641,  0.564,  0.162
  0.632,  0.561,  0.172
  0.632,  0.560,  0.162
  0.624,  0.557,  0.173
  0.623,  0.556,  0.163
  0.614,  0.563,  0.173
  0.613,  0.562,  0.163
  0.606,  0.559,  0.175
  0.605,  0.558,  0.165
  0.599,  0.556,  0.177
  0.596,  0.554,  0.168
  0.591,  0.552,  0.181
  0.588,  0.550,  0.171
  0.584,  0.548,  0.184
  0.580,  0.546,  0.176
  0.577,  0.545,  0.189
  0.572,  0.542,  0.180
  0.570,  0.542,  0.194
  0.565,  0.539,  0.186
  0.563,  0.539,  0.199
  0.558,  0.536,  0.192
  0.557,  0.536,  0.206
  0.551,  0.533,  0.198
  0.551,  0.534,  0.212
  0.545,  0.530,  0.205
  0.546,  0.532,  0.219
  0.539,  0.528,  0.213
  0.541,  0.530,  0.227
  0.534,  0.526,  0.221
  0.536,  0.528,  0.234
  0.529,  0.524,  0.229
  0.532,  0.527,  0.243
  0.525,  0.522,  0.238
  0.529,  0.526,  0.251
  0.521,  0.521,  0.247
  0.526,  0.525,  0.260
  0.518,  0.520,  0.257
  0.523,  0.524,  0.269
  0.515,  0.520,  0.266
  0.521,  0.524,  0.278
  0.513,  0.519,  0.276
  0.520,  0.524,  0.287
  0.512,  0.519,  0.286
  0.519,  0.524,  0.296
  0.511,  0.520,  0.296
  0.519,  0.525,  0.305
  0.511,  0.521,  0.306
  0.520,  0.526,  0.314
  0.511,  0.522,  0.316
  0.521,  0.527,  0.324
  0.512,  0.523,  0.325
  0.522,  0.529,  0.333
  0.514,  0.524,  0.335
  0.524,  0.530,  0.342
  0.516,  0.526,  0.345
  0.527,  0.532,  0.350
  0.519,  0.529,  0.354
  0.530,  0.535,  0.359
  0.522,  0.531,  0.363
  0.534,  0.537,  0.367
  0.526,  0.534,  0.372
  0.538,  0.540,  0.374
  0.531,  0.537,  0.380
  0.543,  0.543,  0.382
  0.536,  0.540,  0.388
  0.548,  0.546,  0.389
  0.541,  0.543,  0.396
  0.553,  0.550,  0.395
  0.547,  0.547,  0.403
  0.559,  0.553,  0.401
  0.554,  0.551,  0.409
  0.566,  0.557,  0.407
  0.561,  0.555,  0.415
  0.572,  0.561,  0.412
  0.568,  0.559,  0.420
  0.579,  0.564,  0.416
  0.575,  0.563,  0.425
  0.587,  0.568,  0.420
  0.583,  0.567,  0.429
  0.594,  0.573,  0.423
  0.591,  0.572,  0.433
  0.602,  0.577,  0.426
  0.599,  0.576,  0.435
  0.610,  0.581,  0.428
  0.608,  0.581,  0.437
  0.617,  0.585,  0.429
  0.616,  0.585,  0.439
  0.625,  0.589,  0.429
  0.625,  0.590,  0.439
  0.634,  0.593,  0.429
  0.634,  0.594,  0.439
  0.642,  0.597,  0.429
  0.642,  0.599,  0.439
  0.650,  0.601,  0.427
  0.651,  0.603,  0.437
  0.657,  0.605,  0.425
  0.659,  0.607,  0.435
  0.665,  0.609,  0.423
  0.668,  0.611,  0.432
  0.673,  0.613,  0.419
  0.676,  0.615,  0.429
  0.680,  0.616,  0.416
  0.684,  0.619,  0.424
  0.687,  0.619,  0.411
  0.692,  0.622,  0.420
  0.694,  0.623,  0.406
  0.699,  0.626,  0.414
  0.701,  0.626,  0.400
  0.706,  0.629,  0.408
  0.707,  0.628,  0.394
  0.713,  0.632,  0.402
  0.713,  0.631,  0.388
  0.719,  0.634,  0.395
  0.718,  0.633,  0.381
  0.725,  0.637,  0.387
  0.723,  0.635,  0.373
  0.730,  0.639,  0.379
  0.728,  0.637,  0.366
  0.735,  0.641,  0.371
  0.732,  0.638,  0.357
  0.739,  0.642,  0.362
  0.735,  0.639,  0.349
  0.743,  0.643,  0.353
  0.738,  0.640,  0.340
  0.746,  0.644,  0.343
  0.741,  0.640,  0.331
  0.749,  0.645,  0.334
  0.742,  0.641,  0.322
  0.751,  0.645,  0.324
  0.744,  0.641,  0.313
  0.752,  0.645,  0.314
  0.744,  0.640,  0.304
  0.753,  0.645,  0.304
  0.745,  0.640,  0.295
  0.753,  0.644,  0.294
  0.744,  0.639,  0.285
  0.753,  0.643,  0.284
  0.743,  0.638,  0.276
  0.752,  0.642,  0.275
  0.742,  0.636,  0.267
  0.750,  0.640,  0.265
  0.740,  0.634,  0.258
  0.748,  0.638,  0.255
  0.737,  0.632,  0.250
  0.745,  0.636,  0.246
  0.734,  0.630,  0.241
  0.742,  0.634,  0.237
  0.730,  0.627,  0.233
  0.738,  0.631,  0.228
  0.726,  0.625,  0.226
  0.733,  0.628,  0.220
  0.721,  0.622,  0.218
  0.728,  0.625,  0.212
  0.716,  0.619,  0.211
  0.723,  0.621,  0.204
  0.711,  0.615,  0.205
  0.717,  0.618,  0.197
  0.705,  0.612,  0.199
  0.710,  0.614,  0.191
  0.698,  0.608,  0.193
  0.703,  0.610,  0.185
  0.692,  0.604,  0.188
  0.696,  0.606,  0.180
  0.685,  0.600,  0.184
  0.689,  0.602,  0.175
  0.677,  0.596,  0.180
  0.681,  0.597,  0.171
  0.670,  0.592,  0.177
  0.673,  0.593,  0.167
  0.662,  0.588,  0.174
  0.665,  0.588,  0.165
  0.654,  0.584,  0.172
  0.656,  0.584,  0.163
  0.646,  0.580,  0.171
  0.648,  0.579,  0.161
  0.638,  0.575,  0.170
  0.639,  0.575,  0.161
  0.630,  0.571,  0.171
  0.630,  0.571,  0.161
  0.622,  0.567,  0.171
  0.622,  0.566,  0.161
  0.613,  0.573,  0.171
  0.611,  0.572,  0.162
  0.605,  0.569,  0.173
  0.603,  0.567,  0.164
  0.597,  0.565,  0.176
  0.595,  0.563,  0.167
  0.590,  0.561,  0.179
  0.587,  0.559,  0.170
  0.582,  0.557,  0.183
  0.579,  0.555,  0.174
  0.575,  0.554,  0.188
  0.571,  0.551,  0.179
  0.568,  0.551,  0.193
  0.564,  0.547,  0.185
  0.562,  0.547,  0.198
  0.557,  0.544,  0.191
  0.556,  0.544,  0.205
  0.550,  0.541,  0.197
  0.550,  0.542,  0.211
  0.544,  0.538,  0.204
  0.545,  0.539,  0.218
  0.538,  0.535,  0.212
  0.540,  0.537,  0.226
  0.533,  0.533,  0.220
  0.535,  0.535,  0.233
  0.528,  0.531,  0.228
  0.531,  0.534,  0.242
  0.524,  0.529,  0.237
  0.528,  0.533,  0.250
  0.520,  0.528,  0.246
  0.525,  0.532,  0.259
  0.517,  0.527,  0.256
  0.522,  0.531,  0.268
  0.514,  0.526,  0.265
  0.520,  0.531,  0.277
  0.512,  0.526,  0.275
  0.519,  0.531,  0.286
  0.511,  0.526,  0.285
  0.518,  0.531,  0.295
  0.510,  0.526,  0.295
  0.518,  0.532,  0.304
  0.510,  0.527,  0.305
  0.519,  0.532,  0.314
  0.510,  0.528,  0.315
  0.520,  0.534,  0.323
  0.511,  0.529,  0.325
  0.521,  0.535,  0.332
  0.513,  0.531,  0.334
  0.523,  0.537,  0.341
  0.515,  0.533,  0.344
  0.526,  0.539,  0.349
  0.518,  0.535,  0.353
  0.529,  0.541,  0.358
  0.521,  0.537,  0.362
  0.533,  0.544,  0.366
  0.525,  0.540,  0.371
  0.537,  0.547,  0.374
  0.530,  0.543,  0.379
  0.542,  0.550,  0.381
  0.535,  0.547,  0.387
  0.547,  0.553,  0.388
  0.540,  0.550,  0.395
  0.552,  0.557,  0.394
  0.546,  0.554,  0.402
  0.558,  0.560,  0.400
  0.553,  0.558,  0.408
  0.564,  0.564,  0.406
  0.559,  0.562,  0.414
  0.571,  0.568,  0.411
  0.567,  0.566,  0.419
  0.578,  0.572,  0.415
  0.574,  0.571,  0.424
  0.585,  0.577,  0.419
  0.582,  0.575,  0.428
  0.593,  0.581,  0.422
  0.590,  0.580,  0.432
  0.600,  0.585,  0.425
  0.598,  0.585,  0.434
  0.608,  0.590,  0.426
  0.606,  0.589,  0.436
  0.616,  0.594,  0.428
  0.615,  0.594,  0.438
  0.624,  0.598,  0.428
  0.624,  0.599,  0.438
  0.632,  0.603,  0.428
  0.632,  0.603,  0.438
  0.640,  0.607,  0.428
  0.641,  0.608,  0.437
  0.648,  0.611,  0.426
  0.649,  0.613,  0.436
  0.656,  0.615,  0.424
  0.658,  0.617,  0.434
  0.664,  0.619,  0.421
  0.666,  0.621,  0.431
  0.671,  0.623,  0.418
  0.674,  0.626,  0.427
  0.679,  0.627,  0.414
  0.682,  0.630,  0.423
  0.686,  0.630,  0.410
  0.690,  0.633,  0.418
  0.692,  0.634,  0.405
  0.697,  0.637,  0.413
  0.699,  0.637,  0.399
  0.704,  0.640,  0.407
  0.705,  0.640,  0.393
  0.711,  0.643,  0.400
  0.711,  0.642,  0.386
  0.717,  0.646,  0.393
  0.716,  0.645,  0.379
  0.723,  0.649,  0.385
  0.721,  0.647,  0.372
  0.728,  0.651,  0.377
  0.726,  0.649,  0.364
  0.733,  0.653,  0.369
  0.730,  0.650,  0.356
  0.737,  0.655,  0.360
  0.733,  0.652,  0.347
  0.741,  0.656,  0.351
  0.736,  0.653,  0.339
  0.744,  0.657,  0.342
  0.739,  0.653,  0.330
  0.747,  0.658,  0.332
  0.740,  0.654,  0.321
  0.749,  0.658,  0.322
  0.742,  0.654,  0.312
  0.750,  0.658,  0.313
  0.742,  0.653,  0.302
  0.751,  0.658,  0.303
  0.743,  0.653,  0.293
  0.751,  0.657,  0.293
  0.742,  0.652,  0.284
  0.751,  0.656,  0.283
  0.741,  0.651,  0.275
  0.750,  0.655,  0.273
  0.740,  0.649,  0.266
  0.748,  0.654,  0.263
  0.738,  0.647,  0.257
  0.746,  0.652,  0.254
  0.735,  0.645,  0.248
  0.743,  0.649,  0.244
  0.732,  0.643,  0.240
  0.740,  0.647,  0.235
  0.728,  0.640,  0.232
  0.736,  0.644,  0.227
  0.724,  0.637,  0.224
  0.731,  0.641,  0.218
  0.719,  0.634,  0.217
  0.726,  0.638,  0.210
  0.714,  0.631,  0.210
  0.721,  0.634,  0.203
  0.709,  0.628,  0.203
  0.715,  0.630,  0.196
  0.703,  0.624,  0.197
  0.708,  0.626,  0.189
  0.696,  0.620,  0.192
  0.701,  0.622,  0.183
  0.690,  0.616,  0.187
  0.694,  0.618,  0.178
  0.683,  0.612,  0.182
  0.687,  0.613,  0.173
  0.676,  0.608,  0.179
  0.679,  0.609,  0.169
  0.668,  0.603,  0.175
  0.671,  0.604,  0.166
  0.660,  0.599,  0.173
  0.663,  0.600,  0.163
  0.653,  0.595,  0.171
  0.654,  0.595,  0.161
  0.645,  0.590,  0.170
  0.646,  0.590,  0.160
  0.637,  0.586,  0.169
  0.637,  0.585,  0.159
  0.629,  0.582,  0.169
  0.629,  0.581,  0.159
  0.621,  0.577,  0.170
  0.620,  0.576,  0.160
  0.611,  0.583,  0.170
  0.610,  0.581,  0.160
  0.603,  0.579,  0.172
  0.601,  0.577,  0.163
  0.596,  0.574,  0.175
  0.593,  0.572,  0.165
  0.588,  0.570,  0.178
  0.585,  0.568,  0.169
  0.581,  0.566,  0.182
  0.577,  0.564,  0.173
  0.574,  0.563,  0.187
  0.570,  0.559,  0.178
  0.567,  0.559,  0.192
  0.562,  0.556,  0.184
  0.561,  0.556,  0.197
  0.555,  0.552,  0.190
  0.554,  0.553,  0.204
  0.549,  0.549,  0.196
  0.549,  0.550,  0.210
  0.542,  0.546,  0.203
  0.543,  0.547,  0.217
  0.537,  0.543,  0.211
  0.538,  0.545,  0.225
  0.531,  0.540,  0.219
  0.534,  0.543,  0.233
  0.527,  0.538,  0.228
  0.530,  0.541,  0.241
  0.522,  0.536,  0.236
  0.527,  0.540,  0.249
  0.519,  0.535,  0.245
  0.524,  0.539,  0.258
  0.516,  0.534,  0.255
  0.521,  0.538,  0.267
  0.513,  0.533,  0.264
  0.519,  0.537,  0.276
  0.511,  0.532,  0.274
  0.518,  0.537,  0.285
  0.510,  0.532,  0.284
  0.517,  0.538,  0.294
  0.509,  0.533,  0.294
  0.517,  0.538,  0.304
  0.509,  0.533,  0.304
  0.518,  0.539,  0.313
  0.509,  0.534,  0.314
  0.519,  0.540,  0.322
  0.510,  0.535,  0.324
  0.520,  0.542,  0.331
  0.512,  0.537,  0.334
  0.522,  0.544,  0.340
  0.514,  0.539,  0.343
  0.525,  0.546,  0.348
  0.517,  0.541,  0.352
  0.528,  0.548,  0.357
  0.520,  0.544,  0.361
  0.532,  0.551,  0.365
  0.524,  0.547,  0.370
  0.536,  0.554,  0.373
  0.529,  0.550,  0.378
  0.540,  0.557,  0.380
  0.534,  0.553,  0.386
  0.546,  0.560,  0.387
  0.539,  0.557,  0.394
  0.551,  0.564,  0.393
  0.545,  0.561,  0.401
  0.557,  0.568,  0.399
  0.551,  0.565,  0.407
  0.563,  0.572,  0.405
  0.558,  0.569,  0.413
  0.570,  0.576,  0.410
  0.565,  0.574,  0.418
  0.577,  0.580,  0.414
  0.573,  0.578,  0.423
  0.584,  0.585,  0.418
  0.581,  0.583,  0.427
  0.591,  0.589,  0.421
  0.589,  0.588,  0.431
  0.599,  0.594,  0.424
  0.597,  0.593,  0.433
  0.607,  0.598,  0.425
  0.605,  0.598,  0.435
  0.615,  0.603,  0.427
  0.614,  0.603,  0.437
  0.623,  0.607,  0.427
  0.622,  0.608,  0.437
  0.631,  0.612,  0.427
  0.631,  0.613,  0.437
  0.639,  0.617,  0.426
  0.639,  0.618,  0.436
  0.646,  0.621,  0.425
  0.648,  0.622,  0.435
  0.654,  0.625,  0.423
  0.656,  0.627,  0.432
  0.662,  0.630,  0.420
  0.665,  0.632,  0.430
  0.669,  0.634,  0.417
  0.673,  0.636,  0.426
  0.677,  0.638,  0.413
  0.680,  0.640,  0.422
  0.684,  0.641,  0.408
  0.688,  0.644,  0.417
  0.691,  0.645,  0.403
  0.695,  0.648,  0.411
  0.697,  0.648,  0.398
  0.702,  0.652,  0.405
  0.703,  0.651,  0.391
  0.709,  0.655,  0.399
  0.709,  0.654,  0.385
  0.715,  0.658,  0.392
  0.714,  0.657,  0.378
  0.721,  0.661,  0.384
  0.719,  0.659,  0.370
  0.726,  0.663,  0.376
  0.724,  0.661,  0.362
  0.731,  0.666,  0.367
  0.728,  0.663,  0.354
  0.735,  0.667,  0.359
  0.731,  0.664,  0.346
  0.739,  0.669,  0.349
  0.734,  0.665,  0.337
  0.742,  0.670,  0.340
  0.737,  0.666,  0.328
  0.745,  0.671,  0.331
  0.738,  0.666,  0.319
  0.747,  0.671,  0.321
  0.740,  0.667,  0.310
  0.748,  0.672,  0.311
  0.740,  0.666,  0.301
  0.749,  0.671,  0.301
  0.741,  0.666,  0.291
  0.749,  0.671,  0.291
  0.740,  0.665,  0.282
  0.749,  0.670,  0.281
  0.739,  0.664,  0.273
  0.748,  0.668,  0.271
  0.738,  0.662,  0.264
  0.746,  0.667,  0.261
  0.736,  0.660,  0.255
  0.744,  0.665,  0.252
  0.733,  0.658,  0.247
  0.741,  0.663,  0.243
  0.730,  0.656,  0.238
  0.738,  0.660,  0.234
  0.726,  0.653,  0.230
  0.734,  0.657,  0.225
  0.722,  0.650,  0.222
  0.729,  0.654,  0.217
  0.717,  0.647,  0.215
  0.724,  0.650,  0.209
  0.712,  0.644,  0.208
  0.719,  0.647,  0.201
  0.707,  0.640,  0.202
  0.713,  0.643,  0.194
  0.701,  0.636,  0.196
  0.706,  0.639,  0.188
  0.694,  0.632,  0.190
  0.699,  0.634,  0.182
  0.688,  0.628,  0.185
  0.692,  0.630,  0.177
  0.681,  0.624,  0.181
  0.685,  0.625,  0.172
  0.674,  0.619,  0.177
  0.677,  0.621,  0.168
  0.666,  0.615,  0.174
  0.669,  0.616,  0.164
  0.659,  0.610,  0.171
  0.661,  0.611,  0.162
  0.651,  0.606,  0.170
  0.653,  0.606,  0.160
  0.643,  0.601,  0.168
  0.644,  0.601,  0.158
  0.635,  0.596,  0.168
  0.636,  0.596,  0.158
  0.627,  0.592,  0.168
  0.627,  0.591,  0.158
  0.619,  0.587,  0.169
  0.618,  0.586,  0.159
  0.610,  0.593,  0.169
  0.608,  0.591,  0.159
  0.602,  0.588,  0.171
  0.600,  0.586,  0.161
  0.594,  0.584,  0.174
  0.592,  0.581,  0.164
  0.587,  0.579,  0.177
  0.584,  0.577,  0.168
  0.579,  0.575,  0.181
  0.576,  0.572,  0.172
  0.572,  0.571,  0.186
  0.568,  0.568,  0.177
  0.566,  0.567,  0.191
  0.561,  0.564,  0.183
  0.559,  0.564,  0.196
  0.554,  0.560,  0.189
  0.553,  0.561,  0.203
  0.547,  0.557,  0.195
  0.547,  0.558,  0.209
  0.541,  0.553,  0.202
  0.542,  0.555,  0.216
  0.536,  0.550,  0.210
  0.537,  0.552,  0.224
  0.530,  0.548,  0.218
  0.533,  0.550,  0.232
  0.526,  0.545,  0.227
  0.529,  0.548,  0.240
  0.521,  0.543,  0.235
  0.525,  0.547,  0.248
  0.518,  0.542,  0.245
  0.522,  0.546,  0.257
  0.514,  0.540,  0.254
  0.520,  0.545,  0.266
  0.512,  0.540,  0.264
  0.518,  0.544,  0.275
  0.510,  0.539,  0.273
  0.517,  0.544,  0.284
  0.509,  0.539,  0.283
  0.516,  0.544,  0.293
  0.508,  0.539,  0.293
  0.516,  0.545,  0.303
  0.508,  0.540,  0.303
  0.517,  0.546,  0.312
  0.508,  0.540,  0.313
  0.517,  0.547,  0.321
  0.509,  0.542,  0.323
  0.519,  0.548,  0.330
  0.511,  0.543,  0.333
  0.521,  0.550,  0.339
  0.513,  0.545,  0.342
  0.524,  0.552,  0.348
  0.516,  0.548,  0.352
  0.527,  0.555,  0.356
  0.519,  0.550,  0.361
  0.531,  0.557,  0.364
  0.523,  0.553,  0.369
  0.535,  0.561,  0.372
  0.528,  0.557,  0.378
  0.539,  0.564,  0.379
  0.533,  0.560,  0.385
  0.544,  0.567,  0.386
  0.538,  0.564,  0.393
  0.550,  0.571,  0.392
  0.544,  0.568,  0.400
  0.556,  0.575,  0.398
  0.550,  0.572,  0.406
  0.562,  0.579,  0.404
  0.557,  0.577,  0.412
  0.569,  0.584,  0.409
  0.564,  0.581,  0.417
  0.576,  0.588,  0.413
  0.572,  0.586,  0.422
  0.583,  0.593,  0.417
  0.579,  0.591,  0.426
  0.590,  0.597,  0.420
  0.587,  0.596,  0.429
  0.598,  0.602,  0.422
  0.595,  0.601,  0.432
  0.605,  0.607,  0.424
  0.604,  0.606,  0.434
  0.613,  0.612,  0.425
  0.612,  0.612,  0.435
  0.621,  0.617,  0.426
  0.621,  0.617,  0.436
  0.629,  0.621,  0.426
  0.629,  0.622,  0.436
  0.637,  0.626,  0.425
  0.638,  0.627,  0.435
  0.645,  0.631,  0.424
  0.646,  0.632,  0.433
  0.653,  0.635,  0.422
  0.655,  0.637,  0.431
  0.660,  0.640,  0.419
  0.663,  0.642,  0.428
  0.668,  0.644,  0.415
  0.671,  0.647,  0.425
  0.675,  0.648,  0.411
  0.679,  0.651,  0.420
  0.682,  0.652,  0.407
  0.686,  0.655,  0.415
  0.689,  0.656,  0.402
  0.694,  0.659,  0.410
  0.695,  0.660,  0.396
  0.701,  0.663,  0.404
  0.701,  0.663,  0.390
  0.707,  0.667,  0.397
  0.707,  0.666,  0.383
  0.713,  0.670,  0.390
  0.712,  0.669,  0.376
  0.719,  0.673,  0.382
  0.717,  0.671,  0.369
  0.724,  0.676,  0.374
  0.722,  0.673,  0.361
  0.729,  0.678,  0.366
  0.726,  0.675,  0.353
  0.733,  0.680,  0.357
  0.729,  0.677,  0.344
  0.737,  0.682,  0.348
  0.732,  0.678,  0.335
  0.740,  0.683,  0.338
  0.734,  0.679,  0.327
  0.743,  0.684,  0.329
  0.736,  0.679,  0.317
  0.745,  0.684,  0.319
  0.738,  0.679,  0.308
  0.746,  0.685,  0.309
  0.738,  0.679,  0.299
  0.747,  0.684,  0.299
  0.738,  0.679,  0.290
  0.747,  0.684,  0.289
  0.738,  0.678,  0.281
  0.747,  0.683,  0.279
  0.737,  0.677,  0.271
  0.746,  0.682,  0.269
  0.736,  0.675,  0.262
  0.744,  0.680,  0.260
  0.733,  0.673,  0.253
  0.742,  0.678,  0.250
  0.731,  0.671,  0.245
  0.739,  0.676,  0.241
  0.728,  0.669,  0.236
  0.735,  0.673,  0.232
  0.724,  0.666,  0.228
  0.731,  0.670,  0.223
  0.720,  0.663,  0.221
  0.727,  0.667,  0.215
  0.715,  0.660,  0.213
  0.722,  0.663,  0.207
  0.710,  0.656,  0.206
  0.717,  0.660,  0.200
  0.705,  0.652,  0.200
  0.711,  0.655,  0.193
  0.699,  0.648,  0.194
  0.704,  0.651,  0.186
  0.693,  0.644,  0.189
  0.698,  0.647,  0.180
  0.686,  0.640,  0.184
  0.690,  0.642,  0.175
  0.679,  0.635,  0.179
  0.683,  0.637,  0.170
  0.672,  0.631,  0.176
  0.675,  0.632,  0.166
  0.664,  0.626,  0.173
  0.667,  0.627,  0.163
  0.657,  0.621,  0.170
  0.659,  0.622,  0.160
  0.649,  0.617,  0.168
  0.651,  0.617,  0.158
  0.641,  0.612,  0.167
  0.642,  0.612,  0.157
  0.633,  0.607,  0.166
  0.634,  0.607,  0.156
  0.626,  0.602,  0.167
  0.625,  0.601,  0.157
  0.618,  0.597,  0.167
  0.617,  0.596,  0.157
  0.607,  0.601,  0.158
  0.608,  0.602,  0.168
  0.615,  0.606,  0.156
  0.616,  0.607,  0.166
  0.624,  0.611,  0.155
  0.624,  0.611,  0.165
  0.632,  0.616,  0.155
  0.632,  0.616,  0.165
  0.641,  0.621,  0.156
  0.640,  0.621,  0.166
  0.650,  0.626,  0.157
  0.648,  0.625,  0.167
  0.658,  0.631,  0.159
  0.656,  0.630,  0.169
  0.666,  0.635,  0.162
  0.663,  0.634,  0.171
  0.674,  0.640,  0.165
  0.671,  0.639,  0.175
  0.682,  0.645,  0.169
  0.678,  0.643,  0.178
  0.689,  0.650,  0.174
  0.685,  0.648,  0.183
  0.696,  0.654,  0.179
  0.691,  0.652,  0.188
  0.703,  0.658,  0.185
  0.698,  0.656,  0.193
  0.709,  0.662,  0.192
  0.704,  0.660,  0.199
  0.715,  0.666,  0.199
  0.709,  0.663,  0.206
  0.721,  0.670,  0.206
  0.714,  0.667,  0.212
  0.726,  0.674,  0.214
  0.719,  0.670,  0.220
  0.730,  0.677,  0.222
  0.723,  0.673,  0.228
  0.734,  0.680,  0.231
  0.727,  0.675,  0.236
  0.738,  0.682,  0.240
  0.730,  0.678,  0.244
  0.741,  0.684,  0.249
  0.732,  0.680,  0.253
  0.743,  0.686,  0.259
  0.735,  0.682,  0.261
  0.745,  0.688,  0.269
  0.736,  0.683,  0.271
  0.746,  0.689,  0.278
  0.737,  0.684,  0.280
  0.746,  0.690,  0.288
  0.737,  0.685,  0.289
  0.746,  0.691,  0.298
  0.737,  0.686,  0.298
  0.745,  0.691,  0.308
  0.737,  0.686,  0.307
  0.744,  0.691,  0.318
  0.735,  0.686,  0.317
  0.742,  0.691,  0.328
  0.733,  0.686,  0.326
  0.739,  0.690,  0.338
  0.731,  0.685,  0.335
  0.736,  0.689,  0.347
  0.728,  0.684,  0.343
  0.732,  0.687,  0.356
  0.725,  0.682,  0.352
  0.728,  0.685,  0.365
  0.721,  0.681,  0.360
  0.723,  0.683,  0.373
  0.716,  0.679,  0.368
  0.718,  0.681,  0.381
  0.711,  0.676,  0.375
  0.712,  0.678,  0.389
  0.706,  0.674,  0.382
  0.706,  0.675,  0.396
  0.700,  0.671,  0.389
  0.699,  0.671,  0.403
  0.694,  0.668,  0.395
  0.692,  0.668,  0.409
  0.688,  0.664,  0.401
  0.685,  0.664,  0.414
  0.681,  0.661,  0.406
  0.677,  0.660,  0.419
  0.674,  0.657,  0.410
  0.670,  0.656,  0.423
  0.666,  0.653,  0.414
  0.661,  0.651,  0.427
  0.659,  0.649,  0.418
  0.653,  0.647,  0.430
  0.651,  0.645,  0.420
  0.645,  0.642,  0.432
  0.643,  0.641,  0.422
  0.636,  0.637,  0.434
  0.635,  0.636,  0.424
  0.628,  0.632,  0.435
  0.627,  0.632,  0.425
  0.619,  0.627,  0.435
  0.619,  0.627,  0.425
  0.610,  0.622,  0.434
  0.612,  0.622,  0.424
  0.602,  0.617,  0.433
  0.604,  0.618,  0.423
  0.594,  0.613,  0.431
  0.596,  0.613,  0.421
  0.585,  0.608,  0.428
  0.588,  0.609,  0.419
  0.577,  0.603,  0.425
  0.581,  0.604,  0.415
  0.570,  0.598,  0.421
  0.574,  0.600,  0.412
  0.562,  0.593,  0.416
  0.567,  0.595,  0.407
  0.555,  0.589,  0.411
  0.560,  0.591,  0.402
  0.548,  0.585,  0.405
  0.554,  0.587,  0.397
  0.542,  0.581,  0.398
  0.548,  0.584,  0.391
  0.536,  0.577,  0.391
  0.542,  0.580,  0.384
  0.531,  0.573,  0.384
  0.537,  0.576,  0.378
  0.526,  0.570,  0.376
  0.533,  0.573,  0.370
  0.521,  0.566,  0.368
  0.529,  0.570,  0.362
  0.517,  0.563,  0.359
  0.525,  0.568,  0.354
  0.514,  0.561,  0.350
  0.522,  0.565,  0.346
  0.511,  0.559,  0.341
  0.519,  0.563,  0.337
  0.509,  0.557,  0.331
  0.517,  0.561,  0.328
  0.507,  0.555,  0.321
  0.515,  0.560,  0.319
  0.506,  0.554,  0.311
  0.514,  0.559,  0.310
  0.505,  0.553,  0.302
  0.514,  0.558,  0.301
  0.506,  0.552,  0.292
  0.514,  0.557,  0.292
  0.506,  0.552,  0.282
  0.515,  0.557,  0.283
  0.508,  0.552,  0.272
  0.516,  0.557,  0.273
  0.510,  0.553,  0.262
  0.518,  0.557,  0.264
  0.512,  0.553,  0.252
  0.520,  0.558,  0.255
  0.516,  0.555,  0.243
  0.523,  0.559,  0.247
  0.519,  0.556,  0.234
  0.527,  0.561,  0.238
  0.524,  0.558,  0.225
  0.531,  0.562,  0.230
  0.528,  0.560,  0.217
  0.535,  0.564,  0.222
  0.534,  0.562,  0.209
  0.540,  0.567,  0.215
  0.539,  0.565,  0.201
  0.546,  0.569,  0.208
  0.546,  0.568,  0.194
  0.551,  0.572,  0.201
  0.552,  0.572,  0.187
  0.557,  0.575,  0.195
  0.559,  0.575,  0.181
  0.564,  0.579,  0.189
  0.566,  0.579,  0.176
  0.571,  0.582,  0.184
  0.574,  0.583,  0.171
  0.578,  0.586,  0.180
  0.582,  0.587,  0.167
  0.585,  0.590,  0.176
  0.590,  0.592,  0.163
  0.593,  0.594,  0.172
  0.598,  0.596,  0.160
  0.600,  0.598,  0.170
  0.605,  0.611,  0.157
  0.607,  0.612,  0.166
  0.614,  0.615,  0.155
  0.615,  0.617,  0.165
  0.622,  0.620,  0.154
  0.623,  0.621,  0.164
  0.631,  0.625,  0.154
  0.631,  0.625,  0.164
  0.640,  0.629,  0.155
  0.639,  0.630,  0.165
  0.648,  0.634,  0.156
  0.646,  0.634,  0.166
  0.657,  0.639,  0.158
  0.654,  0.638,  0.168
  0.665,  0.644,  0.161
  0.662,  0.643,  0.170
  0.673,  0.648,  0.164
  0.669,  0.647,  0.174
  0.681,  0.653,  0.168
  0.677,  0.651,  0.177
  0.688,  0.657,  0.173
  0.683,  0.655,  0.182
  0.695,  0.661,  0.178
  0.690,  0.659,  0.187
  0.702,  0.666,  0.184
  0.696,  0.663,  0.192
  0.708,  0.669,  0.191
  0.702,  0.667,  0.198
  0.714,  0.673,  0.198
  0.708,  0.670,  0.205
  0.720,  0.677,  0.205
  0.713,  0.674,  0.212
  0.725,  0.680,  0.213
  0.718,  0.677,  0.219
  0.729,  0.683,  0.222
  0.722,  0.679,  0.227
  0.733,  0.686,  0.230
  0.726,  0.682,  0.235
  0.737,  0.689,  0.239
  0.729,  0.684,  0.243
  0.740,  0.691,  0.249
  0.731,  0.687,  0.252
  0.742,  0.693,  0.258
  0.733,  0.688,  0.261
  0.744,  0.694,  0.268
  0.735,  0.690,  0.270
  0.745,  0.696,  0.278
  0.736,  0.691,  0.279
  0.745,  0.697,  0.288
  0.736,  0.692,  0.288
  0.745,  0.697,  0.298
  0.736,  0.693,  0.297
  0.744,  0.698,  0.308
  0.735,  0.693,  0.307
  0.743,  0.698,  0.317
  0.734,  0.693,  0.316
  0.741,  0.697,  0.327
  0.732,  0.692,  0.325
  0.738,  0.696,  0.337
  0.730,  0.692,  0.334
  0.735,  0.695,  0.346
  0.727,  0.691,  0.342
  0.731,  0.694,  0.355
  0.723,  0.690,  0.351
  0.727,  0.692,  0.364
  0.719,  0.688,  0.359
  0.722,  0.690,  0.372
  0.715,  0.686,  0.367
  0.717,  0.688,  0.380
  0.710,  0.684,  0.374
  0.711,  0.685,  0.388
  0.705,  0.682,  0.381
  0.705,  0.683,  0.395
  0.699,  0.679,  0.388
  0.698,  0.680,  0.402
  0.693,  0.676,  0.394
  0.691,  0.676,  0.408
  0.686,  0.673,  0.400
  0.684,  0.673,  0.413
  0.679,  0.670,  0.405
  0.676,  0.669,  0.418
  0.672,  0.666,  0.409
  0.668,  0.665,  0.422
  0.665,  0.662,  0.413
  0.660,  0.661,  0.426
  0.657,  0.658,  0.416
  0.652,  0.656,  0.429
  0.650,  0.654,  0.419
  0.643,  0.652,  0.431
  0.642,  0.650,  0.421
  0.635,  0.647,  0.432
  0.634,  0.646,  0.423
  0.626,  0.643,  0.433
  0.626,  0.642,  0.423
  0.617,  0.638,  0.433
  0.618,  0.637,  0.423
  0.609,  0.633,  0.433
  0.610,  0.633,  0.423
  0.600,  0.629,  0.431
  0.602,  0.629,  0.421
  0.592,  0.624,  0.429
  0.594,  0.624,  0.420
  0.584,  0.619,  0.427
  0.587,  0.620,  0.417
  0.576,  0.615,  0.423
  0.579,  0.616,  0.414
  0.568,  0.610,  0.419
  0.572,  0.612,  0.410
  0.560,  0.606,  0.414
  0.565,  0.607,  0.406
  0.553,  0.601,  0.409
  0.558,  0.603,  0.401
  0.546,  0.597,  0.403
  0.552,  0.600,  0.395
  0.540,  0.593,  0.397
  0.546,  0.596,  0.389
  0.534,  0.589,  0.390
  0.540,  0.592,  0.383
  0.529,  0.586,  0.382
  0.535,  0.589,  0.376
  0.523,  0.583,  0.374
  0.531,  0.586,  0.369
  0.519,  0.579,  0.366
  0.526,  0.583,  0.361
  0.515,  0.577,  0.357
  0.523,  0.581,  0.353
  0.512,  0.574,  0.348
  0.520,  0.578,  0.344
  0.509,  0.572,  0.339
  0.517,  0.576,  0.336
  0.506,  0.570,  0.329
  0.515,  0.574,  0.327
  0.505,  0.568,  0.320
  0.513,  0.573,  0.318
  0.504,  0.567,  0.310
  0.512,  0.572,  0.309
  0.503,  0.566,  0.300
  0.512,  0.571,  0.299
  0.504,  0.565,  0.290
  0.512,  0.570,  0.290
  0.504,  0.565,  0.280
  0.513,  0.570,  0.281
  0.506,  0.565,  0.270
  0.514,  0.570,  0.272
  0.508,  0.566,  0.260
  0.516,  0.570,  0.263
  0.510,  0.566,  0.251
  0.518,  0.571,  0.254
  0.514,  0.567,  0.241
  0.521,  0.572,  0.245
  0.517,  0.569,  0.232
  0.525,  0.573,  0.237
  0.522,  0.570,  0.223
  0.529,  0.575,  0.228
  0.526,  0.572,  0.215
  0.533,  0.577,  0.221
  0.532,  0.575,  0.207
  0.538,  0.579,  0.213
  0.537,  0.577,  0.199
  0.544,  0.581,  0.206
  0.544,  0.580,  0.192
  0.549,  0.584,  0.200
  0.550,  0.583,  0.186
  0.556,  0.587,  0.193
  0.557,  0.587,  0.180
  0.562,  0.590,  0.188
  0.565,  0.590,  0.174
  0.569,  0.593,  0.183
  0.572,  0.594,  0.169
  0.576,  0.597,  0.178
  0.580,  0.598,  0.165
  0.583,  0.600,  0.174
  0.588,  0.602,  0.162
  0.591,  0.604,  0.171
  0.597,  0.606,  0.159
  0.599,  0.608,  0.168
  0.604,  0.621,  0.155
  0.605,  0.622,  0.165
  0.612,  0.625,  0.154
  0.613,  0.626,  0.164
  0.621,  0.629,  0.153
  0.621,  0.630,  0.163
  0.630,  0.634,  0.153
  0.629,  0.634,  0.163
  0.638,  0.638,  0.154
  0.637,  0.638,  0.164
  0.647,  0.643,  0.155
  0.645,  0.643,  0.165
  0.655,  0.647,  0.157
  0.653,  0.647,  0.167
  0.663,  0.652,  0.160
  0.661,  0.651,  0.169
  0.672,  0.656,  0.163
  0.668,  0.655,  0.173
  0.679,  0.660,  0.167
  0.675,  0.659,  0.176
  0.687,  0.665,  0.172
  0.682,  0.663,  0.181
  0.694,  0.669,  0.177
  0.689,  0.667,  0.186
  0.701,  0.673,  0.183
  0.695,  0.670,  0.191
  0.707,  0.676,  0.190
  0.701,  0.674,  0.197
  0.713,  0.680,  0.197
  0.707,  0.677,  0.204
  0.719,  0.684,  0.204
  0.712,  0.680,  0.211
  0.724,  0.687,  0.212
  0.717,  0.683,  0.218
  0.728,  0.690,  0.221
  0.721,  0.686,  0.226
  0.732,  0.692,  0.229
  0.725,  0.689,  0.234
  0.736,  0.695,  0.238
  0.728,  0.691,  0.242
  0.739,  0.697,  0.248
  0.730,  0.693,  0.251
  0.741,  0.699,  0.257
  0.732,  0.695,  0.260
  0.743,  0.701,  0.267
  0.734,  0.696,  0.269
  0.744,  0.702,  0.277
  0.735,  0.698,  0.278
  0.744,  0.703,  0.287
  0.735,  0.699,  0.287
  0.744,  0.704,  0.297
  0.735,  0.699,  0.296
  0.743,  0.704,  0.307
  0.734,  0.700,  0.306
  0.742,  0.704,  0.317
  0.733,  0.700,  0.315
  0.740,  0.704,  0.326
  0.731,  0.699,  0.324
  0.737,  0.703,  0.336
  0.729,  0.699,  0.333
  0.734,  0.702,  0.345
  0.726,  0.698,  0.341
  0.730,  0.701,  0.354
  0.722,  0.697,  0.350
  0.726,  0.700,  0.363
  0.718,  0.695,  0.358
  0.721,  0.698,  0.371
  0.714,  0.694,  0.366
  0.715,  0.696,  0.379
  0.709,  0.692,  0.373
  0.710,  0.693,  0.387
  0.703,  0.689,  0.380
  0.703,  0.691,  0.394
  0.698,  0.687,  0.387
  0.697,  0.688,  0.401
  0.691,  0.684,  0.393
  0.690,  0.684,  0.407
  0.685,  0.681,  0.399
  0.682,  0.681,  0.412
  0.678,  0.678,  0.404
  0.675,  0.678,  0.417
  0.671,  0.675,  0.408
  0.667,  0.674,  0.421
  0.663,  0.671,  0.412
  0.658,  0.670,  0.425
  0.656,  0.668,  0.415
  0.650,  0.666,  0.428
  0.648,  0.664,  0.418
  0.642,  0.662,  0.430
  0.640,  0.660,  0.420
  0.633,  0.657,  0.431
  0.632,  0.656,  0.421
  0.624,  0.653,  0.432
  0.624,  0.652,  0.422
  0.616,  0.649,  0.432
  0.616,  0.648,  0.422
  0.607,  0.644,  0.431
  0.608,  0.644,  0.421
  0.598,  0.640,  0.430
  0.600,  0.640,  0.420
  0.590,  0.635,  0.428
  0.592,  0.635,  0.418
  0.582,  0.631,  0.425
  0.585,  0.631,  0.416
  0.574,  0.626,  0.422
  0.577,  0.627,  0.412
  0.566,  0.622,  0.418
  0.570,  0.623,  0.409
  0.558,  0.618,  0.413
  0.563,  0.619,  0.404
  0.551,  0.614,  0.407
  0.556,  0.616,  0.399
  0.544,  0.610,  0.402
  0.550,  0.612,  0.394
  0.538,  0.606,  0.395
  0.544,  0.608,  0.388
  0.532,  0.602,  0.388
  0.538,  0.605,  0.381
  0.526,  0.599,  0.381
  0.533,  0.602,  0.374
  0.521,  0.596,  0.373
  0.529,  0.599,  0.367
  0.517,  0.593,  0.364
  0.524,  0.596,  0.359
  0.513,  0.590,  0.356
  0.521,  0.593,  0.351
  0.509,  0.587,  0.347
  0.518,  0.591,  0.343
  0.507,  0.585,  0.337
  0.515,  0.589,  0.334
  0.504,  0.583,  0.328
  0.513,  0.587,  0.325
  0.503,  0.582,  0.318
  0.511,  0.586,  0.316
  0.502,  0.580,  0.308
  0.510,  0.585,  0.307
  0.501,  0.579,  0.298
  0.510,  0.584,  0.298
  0.501,  0.579,  0.288
  0.510,  0.583,  0.288
  0.502,  0.578,  0.278
  0.511,  0.583,  0.279
  0.504,  0.578,  0.268
  0.512,  0.583,  0.270
  0.506,  0.578,  0.259
  0.514,  0.583,  0.261
  0.508,  0.579,  0.249
  0.516,  0.584,  0.252
  0.512,  0.580,  0.240
  0.519,  0.584,  0.243
  0.515,  0.581,  0.231
  0.523,  0.585,  0.235
  0.520,  0.583,  0.222
  0.527,  0.587,  0.227
  0.524,  0.585,  0.213
  0.531,  0.589,  0.219
  0.530,  0.587,  0.205
  0.536,  0.591,  0.212
  0.536,  0.589,  0.198
  0.542,  0.593,  0.205
  0.542,  0.592,  0.191
  0.548,  0.595,  0.198
  0.549,  0.595,  0.184
  0.554,  0.598,  0.192
  0.556,  0.598,  0.178
  0.560,  0.601,  0.186
  0.563,  0.601,  0.173
  0.567,  0.604,  0.181
  0.571,  0.605,  0.168
  0.574,  0.607,  0.177
  0.579,  0.608,  0.164
  0.582,  0.611,  0.173
  0.587,  0.612,  0.160
  0.589,  0.614,  0.170
  0.595,  0.616,  0.157
  0.597,  0.618,  0.167
  0.602,  0.630,  0.154
  0.603,  0.632,  0.164
  0.611,  0.634,  0.153
  0.612,  0.636,  0.163
  0.619,  0.639,  0.152
  0.620,  0.639,  0.162
  0.628,  0.643,  0.152
  0.628,  0.643,  0.162
  0.637,  0.647,  0.153
  0.636,  0.647,  0.162
  0.645,  0.651,  0.154
  0.644,  0.651,  0.164
  0.654,  0.656,  0.156
  0.652,  0.655,  0.166
  0.662,  0.660,  0.159
  0.659,  0.659,  0.168
  0.670,  0.664,  0.162
  0.667,  0.663,  0.172
  0.678,  0.668,  0.166
  0.674,  0.667,  0.175
  0.686,  0.672,  0.171
  0.681,  0.671,  0.180
  0.693,  0.676,  0.177
  0.688,  0.674,  0.185
  0.700,  0.680,  0.182
  0.694,  0.678,  0.190
  0.706,  0.683,  0.189
  0.700,  0.681,  0.196
  0.712,  0.687,  0.196
  0.706,  0.684,  0.203
  0.718,  0.690,  0.204
  0.711,  0.687,  0.210
  0.723,  0.693,  0.211
  0.716,  0.690,  0.217
  0.727,  0.696,  0.220
  0.720,  0.693,  0.225
  0.731,  0.699,  0.229
  0.723,  0.695,  0.233
  0.735,  0.701,  0.238
  0.727,  0.698,  0.241
  0.738,  0.703,  0.247
  0.729,  0.700,  0.250
  0.740,  0.705,  0.257
  0.731,  0.701,  0.259
  0.742,  0.707,  0.266
  0.733,  0.703,  0.268
  0.743,  0.708,  0.276
  0.734,  0.704,  0.277
  0.743,  0.709,  0.286
  0.734,  0.705,  0.286
  0.743,  0.710,  0.296
  0.734,  0.706,  0.296
  0.742,  0.710,  0.306
  0.733,  0.706,  0.305
  0.741,  0.711,  0.316
  0.732,  0.706,  0.314
  0.739,  0.710,  0.325
  0.730,  0.706,  0.323
  0.736,  0.710,  0.335
  0.728,  0.706,  0.332
  0.733,  0.709,  0.344
  0.725,  0.705,  0.341
  0.729,  0.708,  0.353
  0.721,  0.704,  0.349
  0.725,  0.707,  0.362
  0.717,  0.703,  0.357
  0.720,  0.705,  0.371
  0.713,  0.701,  0.365
  0.714,  0.703,  0.379
  0.708,  0.699,  0.372
  0.708,  0.701,  0.386
  0.702,  0.697,  0.379
  0.702,  0.698,  0.393
  0.696,  0.695,  0.386
  0.695,  0.696,  0.400
  0.690,  0.693,  0.392
  0.688,  0.693,  0.406
  0.684,  0.690,  0.397
  0.681,  0.690,  0.411
  0.677,  0.687,  0.402
  0.673,  0.686,  0.416
  0.669,  0.684,  0.407
  0.665,  0.683,  0.420
  0.662,  0.681,  0.411
  0.657,  0.679,  0.423
  0.654,  0.677,  0.414
  0.649,  0.675,  0.426
  0.647,  0.674,  0.417
  0.640,  0.671,  0.428
  0.639,  0.670,  0.419
  0.631,  0.667,  0.430
  0.631,  0.666,  0.420
  0.623,  0.663,  0.431
  0.623,  0.662,  0.421
  0.614,  0.659,  0.431
  0.614,  0.658,  0.421
  0.605,  0.655,  0.430
  0.606,  0.655,  0.420
  0.597,  0.651,  0.429
  0.598,  0.651,  0.419
  0.588,  0.646,  0.426
  0.591,  0.647,  0.417
  0.580,  0.642,  0.424
  0.583,  0.643,  0.414
  0.572,  0.638,  0.420
  0.575,  0.639,  0.411
  0.564,  0.634,  0.416
  0.568,  0.635,  0.407
  0.557,  0.630,  0.411
  0.561,  0.631,  0.403
  0.549,  0.626,  0.406
  0.554,  0.628,  0.398
  0.542,  0.622,  0.400
  0.548,  0.624,  0.392
  0.536,  0.618,  0.393
  0.542,  0.621,  0.386
  0.530,  0.615,  0.386
  0.536,  0.617,  0.380
  0.524,  0.612,  0.379
  0.531,  0.614,  0.373
  0.519,  0.609,  0.371
  0.527,  0.612,  0.365
  0.515,  0.606,  0.363
  0.522,  0.609,  0.358
  0.511,  0.603,  0.354
  0.519,  0.606,  0.349
  0.507,  0.601,  0.345
  0.516,  0.604,  0.341
  0.505,  0.598,  0.336
  0.513,  0.602,  0.332
  0.502,  0.597,  0.326
  0.511,  0.600,  0.323
  0.501,  0.595,  0.316
  0.509,  0.599,  0.314
  0.500,  0.594,  0.306
  0.508,  0.598,  0.305
  0.499,  0.593,  0.296
  0.508,  0.597,  0.296
  0.499,  0.592,  0.287
  0.508,  0.596,  0.287
  0.500,  0.591,  0.277
  0.509,  0.596,  0.278
  0.502,  0.591,  0.267
  0.510,  0.596,  0.268
  0.504,  0.591,  0.257
  0.512,  0.596,  0.259
  0.506,  0.592,  0.247
  0.514,  0.596,  0.251
  0.510,  0.593,  0.238
  0.517,  0.597,  0.242
  0.513,  0.594,  0.229
  0.521,  0.598,  0.233
  0.518,  0.595,  0.220
  0.525,  0.599,  0.225
  0.523,  0.597,  0.212
  0.530,  0.601,  0.218
  0.528,  0.599,  0.204
  0.535,  0.602,  0.210
  0.534,  0.601,  0.196
  0.540,  0.605,  0.203
  0.540,  0.603,  0.189
  0.546,  0.607,  0.197
  0.547,  0.606,  0.183
  0.552,  0.609,  0.191
  0.554,  0.609,  0.177
  0.559,  0.612,  0.185
  0.561,  0.612,  0.171
  0.566,  0.615,  0.180
  0.569,  0.615,  0.167
  0.573,  0.618,  0.176
  0.577,  0.619,  0.162
  0.580,  0.621,  0.172
  0.585,  0.623,  0.159
  0.588,  0.625,  0.168
  0.594,  0.626,  0.156
  0.596,  0.628,  0.166
  0.601,  0.640,  0.153
  0.602,  0.642,  0.163
  0.609,  0.644,  0.151
  0.610,  0.645,  0.161
  0.618,  0.648,  0.151
  0.618,  0.649,  0.161
  0.627,  0.652,  0.151
  0.626,  0.652,  0.161
  0.635,  0.656,  0.151
  0.634,  0.656,  0.161
  0.644,  0.660,  0.153
  0.642,  0.660,  0.163
  0.653,  0.664,  0.155
  0.650,  0.664,  0.165
  0.661,  0.668,  0.158
  0.658,  0.667,  0.167
  0.669,  0.672,  0.161
  0.665,  0.671,  0.170
  0.677,  0.676,  0.165
  0.673,  0.675,  0.174
  0.684,  0.680,  0.170
  0.680,  0.678,  0.179
  0.692,  0.683,  0.176
  0.687,  0.682,  0.184
  0.699,  0.687,  0.182
  0.693,  0.685,  0.189
  0.705,  0.690,  0.188
  0.699,  0.688,  0.195
  0.711,  0.694,  0.195
  0.705,  0.691,  0.202
  0.717,  0.697,  0.203
  0.710,  0.694,  0.209
  0.722,  0.700,  0.211
  0.714,  0.697,  0.216
  0.726,  0.703,  0.219
  0.719,  0.700,  0.224
  0.730,  0.705,  0.228
  0.722,  0.702,  0.232
  0.734,  0.708,  0.237
  0.726,  0.704,  0.241
  0.737,  0.710,  0.246
  0.728,  0.706,  0.249
  0.739,  0.712,  0.256
  0.730,  0.708,  0.258
  0.741,  0.713,  0.265
  0.732,  0.709,  0.267
  0.742,  0.715,  0.275
  0.733,  0.711,  0.276
  0.742,  0.716,  0.285
  0.733,  0.712,  0.286
  0.742,  0.716,  0.295
  0.733,  0.712,  0.295
  0.741,  0.717,  0.305
  0.732,  0.713,  0.304
  0.740,  0.717,  0.315
  0.731,  0.713,  0.313
  0.737,  0.717,  0.325
  0.729,  0.713,  0.322
  0.735,  0.717,  0.334
  0.727,  0.713,  0.331
  0.732,  0.716,  0.343
  0.724,  0.712,  0.340
  0.728,  0.715,  0.353
  0.720,  0.711,  0.348
  0.723,  0.714,  0.361
  0.716,  0.710,  0.356
  0.718,  0.712,  0.370
  0.711,  0.709,  0.364
  0.713,  0.711,  0.378
  0.706,  0.707,  0.371
  0.707,  0.709,  0.385
  0.701,  0.705,  0.378
  0.701,  0.706,  0.392
  0.695,  0.703,  0.385
  0.694,  0.704,  0.399
  0.689,  0.701,  0.391
  0.687,  0.701,  0.405
  0.682,  0.698,  0.396
  0.680,  0.698,  0.410
  0.675,  0.696,  0.401
  0.672,  0.695,  0.415
  0.668,  0.693,  0.406
  0.664,  0.692,  0.419
  0.661,  0.690,  0.410
  0.656,  0.688,  0.422
  0.653,  0.687,  0.413
  0.647,  0.685,  0.425
  0.645,  0.683,  0.415
  0.638,  0.681,  0.427
  0.637,  0.680,  0.417
  0.630,  0.677,  0.429
  0.629,  0.676,  0.419
  0.621,  0.674,  0.429
  0.621,  0.673,  0.419
  0.612,  0.670,  0.429
  0.613,  0.669,  0.419
  0.604,  0.666,  0.429
  0.605,  0.665,  0.419
  0.595,  0.662,  0.427
  0.597,  0.662,  0.417
  0.586,  0.658,  0.425
  0.589,  0.658,  0.415
  0.578,  0.654,  0.422
  0.581,  0.654,  0.413
  0.570,  0.650,  0.419
  0.574,  0.650,  0.409
  0.562,  0.646,  0.415
  0.566,  0.647,  0.406
  0.555,  0.642,  0.410
  0.559,  0.643,  0.401
  0.547,  0.638,  0.404
  0.553,  0.640,  0.396
  0.540,  0.634,  0.398
  0.546,  0.636,  0.391
  0.534,  0.631,  0.392
  0.540,  0.633,  0.385
  0.528,  0.628,  0.385
  0.535,  0.630,  0.378
  0.522,  0.624,  0.377
  0.529,  0.627,  0.371
  0.517,  0.621,  0.369
  0.525,  0.624,  0.364
  0.513,  0.619,  0.361
  0.520,  0.622,  0.356
  0.509,  0.616,  0.352
  0.517,  0.619,  0.348
  0.505,  0.614,  0.343
  0.513,  0.617,  0.339
  0.502,  0.612,  0.334
  0.511,  0.615,  0.331
  0.500,  0.610,  0.324
  0.509,  0.613,  0.322
  0.499,  0.608,  0.315
  0.507,  0.612,  0.313
  0.497,  0.607,  0.305
  0.506,  0.611,  0.304
  0.497,  0.606,  0.295
  0.506,  0.610,  0.294
  0.497,  0.605,  0.285
  0.506,  0.609,  0.285
  0.498,  0.605,  0.275
  0.507,  0.609,  0.276
  0.500,  0.604,  0.265
  0.508,  0.608,  0.267
  0.502,  0.604,  0.255
  0.510,  0.608,  0.258
  0.504,  0.605,  0.246
  0.512,  0.609,  0.249
  0.507,  0.605,  0.236
  0.515,  0.609,  0.240
  0.511,  0.606,  0.227
  0.519,  0.610,  0.232
  0.516,  0.608,  0.219
  0.523,  0.611,  0.224
  0.521,  0.609,  0.210
  0.528,  0.613,  0.216
  0.526,  0.611,  0.202
  0.533,  0.614,  0.209
  0.532,  0.613,  0.195
  0.538,  0.616,  0.202
  0.538,  0.615,  0.188
  0.544,  0.618,  0.195
  0.545,  0.618,  0.181
  0.550,  0.621,  0.189
  0.552,  0.620,  0.175
  0.557,  0.623,  0.184
  0.559,  0.623,  0.170
  0.564,  0.626,  0.179
  0.567,  0.626,  0.165
  0.571,  0.629,  0.174
  0.575,  0.630,  0.161
  0.578,  0.632,  0.170
  0.584,  0.633,  0.158
  0.586,  0.635,  0.167
  0.592,  0.637,  0.155
  0.594,  0.638,  0.165
  0.599,  0.650,  0.152
  0.600,  0.651,  0.161
  0.608,  0.654,  0.150
  0.608,  0.655,  0.160
  0.617,  0.657,  0.150
  0.617,  0.658,  0.159
  0.625,  0.661,  0.150
  0.625,  0.662,  0.159
  0.634,  0.665,  0.150
  0.633,  0.665,  0.160
  0.643,  0.668,  0.152
  0.641,  0.669,  0.162
  0.651,  0.672,  0.154
  0.649,  0.672,  0.164
  0.660,  0.676,  0.157
  0.657,  0.676,  0.166
  0.668,  0.680,  0.160
  0.664,  0.679,  0.169
  0.676,  0.683,  0.164
  0.672,  0.683,  0.173
  0.683,  0.687,  0.169
  0.679,  0.686,  0.178
  0.691,  0.691,  0.175
  0.685,  0.689,  0.183
  0.697,  0.694,  0.181
  0.692,  0.692,  0.188
  0.704,  0.697,  0.187
  0.698,  0.696,  0.194
  0.710,  0.701,  0.194
  0.703,  0.699,  0.201
  0.716,  0.704,  0.202
  0.709,  0.701,  0.208
  0.721,  0.707,  0.210
  0.713,  0.704,  0.215
  0.725,  0.709,  0.218
  0.718,  0.707,  0.223
  0.729,  0.712,  0.227
  0.721,  0.709,  0.231
  0.733,  0.714,  0.236
  0.725,  0.711,  0.240
  0.736,  0.716,  0.245
  0.727,  0.713,  0.248
  0.738,  0.718,  0.255
  0.729,  0.715,  0.257
  0.740,  0.720,  0.265
  0.731,  0.716,  0.266
  0.741,  0.721,  0.274
  0.732,  0.717,  0.275
  0.741,  0.722,  0.284
  0.732,  0.718,  0.285
  0.741,  0.723,  0.294
  0.732,  0.719,  0.294
  0.740,  0.723,  0.304
  0.731,  0.720,  0.303
  0.739,  0.724,  0.314
  0.730,  0.720,  0.312
  0.736,  0.724,  0.324
  0.728,  0.720,  0.321
  0.734,  0.723,  0.333
  0.725,  0.720,  0.330
  0.730,  0.723,  0.343
  0.722,  0.719,  0.339
  0.727,  0.722,  0.352
  0.719,  0.718,  0.347
  0.722,  0.721,  0.360
  0.715,  0.717,  0.355
  0.717,  0.720,  0.369
  0.710,  0.716,  0.363
  0.712,  0.718,  0.377
  0.705,  0.715,  0.370
  0.706,  0.716,  0.384
  0.700,  0.713,  0.377
  0.700,  0.714,  0.391
  0.694,  0.711,  0.384
  0.693,  0.712,  0.398
  0.688,  0.709,  0.390
  0.686,  0.710,  0.404
  0.681,  0.707,  0.395
  0.678,  0.707,  0.409
  0.674,  0.704,  0.400
  0.670,  0.704,  0.414
  0.667,  0.702,  0.405
  0.662,  0.701,  0.418
  0.659,  0.699,  0.408
  0.654,  0.698,  0.421
  0.651,  0.696,  0.412
  0.646,  0.694,  0.424
  0.644,  0.693,  0.414
  0.637,  0.691,  0.426
  0.636,  0.690,  0.416
  0.628,  0.687,  0.427
  0.627,  0.686,  0.417
  0.619,  0.684,  0.428
  0.619,  0.683,  0.418
  0.611,  0.680,  0.428
  0.611,  0.679,  0.418
  0.602,  0.676,  0.427
  0.603,  0.676,  0.417
  0.593,  0.673,  0.426
  0.595,  0.672,  0.416
  0.585,  0.669,  0.424
  0.587,  0.669,  0.414
  0.576,  0.665,  0.421
  0.579,  0.665,  0.411
  0.568,  0.661,  0.417
  0.572,  0.662,  0.408
  0.560,  0.658,  0.413
  0.564,  0.658,  0.404
  0.553,  0.654,  0.408
  0.557,  0.655,  0.400
  0.545,  0.650,  0.403
  0.551,  0.652,  0.395
  0.539,  0.647,  0.397
  0.544,  0.649,  0.389
  0.532,  0.644,  0.390
  0.538,  0.646,  0.383
  0.526,  0.640,  0.383
  0.533,  0.643,  0.376
  0.520,  0.637,  0.376
  0.527,  0.640,  0.369
  0.515,  0.634,  0.368
  0.523,  0.637,  0.362
  0.511,  0.632,  0.359
  0.518,  0.635,  0.354
  0.507,  0.629,  0.351
  0.515,  0.632,  0.346
  0.503,  0.627,  0.341
  0.511,  0.630,  0.338
  0.500,  0.625,  0.332
  0.509,  0.628,  0.329
  0.498,  0.623,  0.323
  0.507,  0.626,  0.320
  0.496,  0.622,  0.313
  0.505,  0.625,  0.311
  0.495,  0.620,  0.303
  0.504,  0.624,  0.302
  0.495,  0.619,  0.293
  0.504,  0.623,  0.293
  0.495,  0.618,  0.283
  0.504,  0.622,  0.284
  0.496,  0.618,  0.273
  0.505,  0.622,  0.274
  0.497,  0.617,  0.263
  0.506,  0.621,  0.265
  0.500,  0.617,  0.254
  0.508,  0.621,  0.256
  0.502,  0.618,  0.244
  0.510,  0.621,  0.247
  0.505,  0.618,  0.235
  0.513,  0.622,  0.239
  0.509,  0.619,  0.226
  0.517,  0.623,  0.230
  0.514,  0.620,  0.217
  0.521,  0.624,  0.222
  0.519,  0.621,  0.209
  0.526,  0.625,  0.214
  0.524,  0.623,  0.201
  0.531,  0.626,  0.207
  0.530,  0.625,  0.193
  0.536,  0.628,  0.200
  0.536,  0.627,  0.186
  0.542,  0.630,  0.194
  0.543,  0.629,  0.180
  0.548,  0.632,  0.188
  0.550,  0.632,  0.174
  0.555,  0.634,  0.182
  0.558,  0.634,  0.169
  0.562,  0.637,  0.177
  0.566,  0.637,  0.164
  0.569,  0.639,  0.173
  0.574,  0.640,  0.160
  0.577,  0.642,  0.169
  0.582,  0.643,  0.156
  0.585,  0.645,  0.166
  0.590,  0.647,  0.154
  0.592,  0.648,  0.163
  0.597,  0.660,  0.150
  0.599,  0.661,  0.160
  0.606,  0.663,  0.149
  0.607,  0.664,  0.159
  0.615,  0.667,  0.148
  0.615,  0.667,  0.158
  0.624,  0.670,  0.148
  0.623,  0.671,  0.158
  0.633,  0.673,  0.149
  0.631,  0.674,  0.159
  0.641,  0.677,  0.151
  0.640,  0.677,  0.160
  0.650,  0.681,  0.153
  0.648,  0.681,  0.162
  0.658,  0.684,  0.156
  0.655,  0.684,  0.165
  0.667,  0.688,  0.159
  0.663,  0.687,  0.168
  0.674,  0.691,  0.163
  0.670,  0.690,  0.172
  0.682,  0.695,  0.168
  0.677,  0.694,  0.177
  0.689,  0.698,  0.174
  0.684,  0.697,  0.182
  0.696,  0.701,  0.180
  0.691,  0.700,  0.187
  0.703,  0.704,  0.186
  0.697,  0.703,  0.194
  0.709,  0.708,  0.193
  0.702,  0.706,  0.200
  0.715,  0.710,  0.201
  0.708,  0.708,  0.207
  0.720,  0.713,  0.209
  0.712,  0.711,  0.215
  0.724,  0.716,  0.217
  0.717,  0.713,  0.222
  0.728,  0.718,  0.226
  0.720,  0.715,  0.231
  0.732,  0.720,  0.235
  0.724,  0.718,  0.239
  0.735,  0.722,  0.245
  0.726,  0.719,  0.248
  0.737,  0.724,  0.254
  0.728,  0.721,  0.256
  0.739,  0.726,  0.264
  0.730,  0.723,  0.266
  0.740,  0.727,  0.274
  0.731,  0.724,  0.275
  0.740,  0.728,  0.284
  0.731,  0.725,  0.284
  0.740,  0.729,  0.294
  0.731,  0.726,  0.293
  0.739,  0.730,  0.303
  0.730,  0.726,  0.302
  0.737,  0.730,  0.313
  0.729,  0.727,  0.311
  0.735,  0.730,  0.323
  0.727,  0.727,  0.320
  0.733,  0.730,  0.332
  0.724,  0.727,  0.329
  0.729,  0.730,  0.342
  0.721,  0.726,  0.338
  0.726,  0.729,  0.351
  0.718,  0.726,  0.346
  0.721,  0.728,  0.359
  0.714,  0.725,  0.354
  0.716,  0.727,  0.368
  0.709,  0.724,  0.362
  0.711,  0.726,  0.376
  0.704,  0.722,  0.369
  0.705,  0.724,  0.383
  0.698,  0.721,  0.376
  0.698,  0.722,  0.390
  0.693,  0.719,  0.383
  0.692,  0.720,  0.397
  0.686,  0.717,  0.389
  0.684,  0.718,  0.402
  0.680,  0.715,  0.394
  0.677,  0.715,  0.408
  0.673,  0.713,  0.399
  0.669,  0.713,  0.412
  0.665,  0.710,  0.404
  0.661,  0.710,  0.417
  0.658,  0.708,  0.407
  0.653,  0.707,  0.420
  0.650,  0.705,  0.410
  0.644,  0.704,  0.423
  0.642,  0.702,  0.413
  0.635,  0.701,  0.425
  0.634,  0.699,  0.415
  0.627,  0.698,  0.426
  0.626,  0.696,  0.416
  0.618,  0.694,  0.427
  0.618,  0.693,  0.417
  0.609,  0.691,  0.427
  0.610,  0.690,  0.417
  0.600,  0.687,  0.426
  0.601,  0.687,  0.416
  0.591,  0.684,  0.424
  0.593,  0.683,  0.415
  0.583,  0.680,  0.422
  0.585,  0.680,  0.412
  0.575,  0.677,  0.419
  0.578,  0.677,  0.410
  0.566,  0.673,  0.416
  0.570,  0.673,  0.407
  0.558,  0.669,  0.411
  0.563,  0.670,  0.403
  0.551,  0.666,  0.407
  0.555,  0.667,  0.398
  0.543,  0.663,  0.401
  0.549,  0.664,  0.393
  0.537,  0.659,  0.395
  0.542,  0.661,  0.388
  0.530,  0.656,  0.389
  0.536,  0.658,  0.381
  0.524,  0.653,  0.382
  0.531,  0.655,  0.375
  0.518,  0.650,  0.374
  0.525,  0.652,  0.368
  0.513,  0.647,  0.366
  0.521,  0.650,  0.360
  0.509,  0.645,  0.358
  0.516,  0.647,  0.353
  0.505,  0.642,  0.349
  0.513,  0.645,  0.344
  0.501,  0.640,  0.340
  0.509,  0.643,  0.336
  0.498,  0.638,  0.330
  0.507,  0.641,  0.327
  0.496,  0.636,  0.321
  0.505,  0.640,  0.318
  0.494,  0.635,  0.311
  0.503,  0.638,  0.309
  0.493,  0.633,  0.301
  0.502,  0.637,  0.300
  0.493,  0.632,  0.291
  0.502,  0.636,  0.291
  0.493,  0.632,  0.281
  0.502,  0.635,  0.282
  0.494,  0.631,  0.272
  0.503,  0.634,  0.273
  0.495,  0.631,  0.262
  0.504,  0.634,  0.264
  0.497,  0.630,  0.252
  0.506,  0.634,  0.255
  0.500,  0.631,  0.243
  0.508,  0.634,  0.246
  0.503,  0.631,  0.233
  0.512,  0.634,  0.237
  0.507,  0.632,  0.224
  0.515,  0.635,  0.229
  0.512,  0.633,  0.216
  0.519,  0.636,  0.221
  0.517,  0.634,  0.207
  0.524,  0.637,  0.213
  0.522,  0.635,  0.199
  0.529,  0.638,  0.206
  0.528,  0.637,  0.192
  0.534,  0.640,  0.199
  0.534,  0.638,  0.185
  0.540,  0.641,  0.192
  0.541,  0.641,  0.178
  0.547,  0.643,  0.186
  0.548,  0.643,  0.173
  0.553,  0.645,  0.181
  0.556,  0.645,  0.167
  0.560,  0.648,  0.176
  0.564,  0.648,  0.163
  0.568,  0.650,  0.171
  0.572,  0.651,  0.158
  0.575,  0.653,  0.168
  0.580,  0.654,  0.155
  0.583,  0.655,  0.165
  0.589,  0.657,  0.152
  0.591,  0.658,  0.162
  0.596,  0.670,  0.149
  0.597,  0.671,  0.159
  0.605,  0.673,  0.148
  0.605,  0.674,  0.158
  0.614,  0.676,  0.147
  0.614,  0.677,  0.157
  0.622,  0.679,  0.147
  0.622,  0.680,  0.157
  0.631,  0.682,  0.148
  0.630,  0.683,  0.158
  0.640,  0.686,  0.150
  0.638,  0.686,  0.159
  0.649,  0.689,  0.152
  0.646,  0.689,  0.161
  0.657,  0.692,  0.155
  0.654,  0.692,  0.164
  0.665,  0.696,  0.158
  0.662,  0.695,  0.167
  0.673,  0.699,  0.162
  0.669,  0.698,  0.171
  0.681,  0.702,  0.167
  0.676,  0.701,  0.176
  0.688,  0.705,  0.173
  0.683,  0.704,  0.181
  0.695,  0.708,  0.179
  0.689,  0.707,  0.187
  0.702,  0.711,  0.185
  0.696,  0.710,  0.193
  0.708,  0.714,  0.193
  0.701,  0.713,  0.199
  0.713,  0.717,  0.200
  0.706,  0.715,  0.206
  0.719,  0.720,  0.208
  0.711,  0.718,  0.214
  0.723,  0.722,  0.217
  0.715,  0.720,  0.222
  0.727,  0.725,  0.225
  0.719,  0.722,  0.230
  0.731,  0.727,  0.234
  0.722,  0.724,  0.238
  0.734,  0.729,  0.244
  0.725,  0.726,  0.247
  0.736,  0.731,  0.253
  0.727,  0.728,  0.256
  0.738,  0.732,  0.263
  0.729,  0.729,  0.265
  0.739,  0.733,  0.273
  0.730,  0.730,  0.274
  0.739,  0.735,  0.283
  0.730,  0.731,  0.283
  0.739,  0.736,  0.293
  0.730,  0.732,  0.292
  0.738,  0.736,  0.303
  0.729,  0.733,  0.301
  0.736,  0.737,  0.312
  0.728,  0.733,  0.311
  0.734,  0.737,  0.322
  0.726,  0.734,  0.320
  0.732,  0.737,  0.332
  0.723,  0.733,  0.328
  0.728,  0.737,  0.341
  0.720,  0.733,  0.337
  0.724,  0.736,  0.350
  0.717,  0.733,  0.345
  0.720,  0.735,  0.359
  0.712,  0.732,  0.353
  0.715,  0.734,  0.367
  0.708,  0.731,  0.361
  0.710,  0.733,  0.375
  0.703,  0.730,  0.368
  0.704,  0.732,  0.382
  0.697,  0.729,  0.375
  0.697,  0.730,  0.389
  0.691,  0.727,  0.382
  0.690,  0.728,  0.396
  0.685,  0.726,  0.388
  0.683,  0.726,  0.401
  0.678,  0.724,  0.393
  0.675,  0.724,  0.407
  0.671,  0.722,  0.398
  0.668,  0.722,  0.411
  0.664,  0.719,  0.402
  0.659,  0.719,  0.415
  0.656,  0.717,  0.406
  0.651,  0.716,  0.419
  0.648,  0.715,  0.409
  0.643,  0.714,  0.421
  0.641,  0.712,  0.412
  0.634,  0.711,  0.423
  0.632,  0.709,  0.414
  0.625,  0.708,  0.425
  0.624,  0.706,  0.415
  0.616,  0.704,  0.425
  0.616,  0.703,  0.415
  0.607,  0.701,  0.425
  0.608,  0.700,  0.415
  0.598,  0.698,  0.424
  0.600,  0.697,  0.415
  0.590,  0.695,  0.423
  0.592,  0.694,  0.413
  0.581,  0.691,  0.421
  0.584,  0.691,  0.411
  0.573,  0.688,  0.418
  0.576,  0.688,  0.408
  0.564,  0.685,  0.414
  0.568,  0.685,  0.405
  0.557,  0.681,  0.410
  0.561,  0.682,  0.401
  0.549,  0.678,  0.405
  0.554,  0.679,  0.397
  0.542,  0.675,  0.400
  0.547,  0.676,  0.392
  0.535,  0.672,  0.394
  0.540,  0.673,  0.386
  0.528,  0.669,  0.387
  0.534,  0.670,  0.380
  0.522,  0.666,  0.380
  0.529,  0.668,  0.373
  0.516,  0.663,  0.372
  0.523,  0.665,  0.366
  0.511,  0.660,  0.364
  0.519,  0.663,  0.359
  0.507,  0.658,  0.356
  0.514,  0.660,  0.351
  0.502,  0.656,  0.347
  0.511,  0.658,  0.343
  0.499,  0.653,  0.338
  0.507,  0.656,  0.334
  0.496,  0.651,  0.329
  0.505,  0.654,  0.326
  0.494,  0.650,  0.319
  0.502,  0.653,  0.317
  0.492,  0.648,  0.309
  0.501,  0.651,  0.308
  0.491,  0.647,  0.300
  0.500,  0.650,  0.299
  0.491,  0.646,  0.290
  0.500,  0.649,  0.289
  0.491,  0.645,  0.280
  0.500,  0.648,  0.280
  0.492,  0.644,  0.270
  0.501,  0.647,  0.271
  0.493,  0.644,  0.260
  0.502,  0.647,  0.262
  0.495,  0.643,  0.250
  0.504,  0.647,  0.253
  0.498,  0.643,  0.241
  0.506,  0.647,  0.244
  0.501,  0.644,  0.232
  0.510,  0.647,  0.235
  0.505,  0.644,  0.223
  0.513,  0.647,  0.227
  0.510,  0.645,  0.214
  0.517,  0.648,  0.219
  0.515,  0.646,  0.206
  0.522,  0.649,  0.211
  0.520,  0.647,  0.198
  0.527,  0.650,  0.204
  0.526,  0.649,  0.190
  0.533,  0.652,  0.197
  0.533,  0.650,  0.183
  0.538,  0.653,  0.191
  0.539,  0.652,  0.177
  0.545,  0.655,  0.185
  0.547,  0.654,  0.171
  0.552,  0.657,  0.179
  0.554,  0.656,  0.166
  0.559,  0.659,  0.174
  0.562,  0.659,  0.161
  0.566,  0.661,  0.170
  0.570,  0.661,  0.157
  0.573,  0.663,  0.166
  0.579,  0.664,  0.154
  0.581,  0.666,  0.163
  0.587,  0.667,  0.151
  0.589,  0.668,  0.161
  0.594,  0.679,  0.148
  0.596,  0.681,  0.158
  0.603,  0.682,  0.147
  0.604,  0.683,  0.156
  0.612,  0.685,  0.146
  0.612,  0.686,  0.156
  0.621,  0.688,  0.146
  0.620,  0.689,  0.156
  0.630,  0.691,  0.147
  0.629,  0.692,  0.157
  0.639,  0.694,  0.148
  0.637,  0.695,  0.158
  0.647,  0.697,  0.151
  0.645,  0.697,  0.160
  0.656,  0.700,  0.154
  0.653,  0.700,  0.163
  0.664,  0.703,  0.157
  0.660,  0.703,  0.166
  0.672,  0.707,  0.162
  0.668,  0.706,  0.170
  0.680,  0.710,  0.166
  0.675,  0.709,  0.175
  0.687,  0.713,  0.172
  0.682,  0.712,  0.180
  0.694,  0.716,  0.178
  0.688,  0.714,  0.186
  0.701,  0.718,  0.185
  0.694,  0.717,  0.192
  0.707,  0.721,  0.192
  0.700,  0.720,  0.198
  0.712,  0.724,  0.199
  0.705,  0.722,  0.205
  0.718,  0.726,  0.207
  0.710,  0.725,  0.213
  0.722,  0.729,  0.216
  0.714,  0.727,  0.221
  0.726,  0.731,  0.224
  0.718,  0.729,  0.229
  0.730,  0.733,  0.234
  0.721,  0.731,  0.237
  0.733,  0.735,  0.243
  0.724,  0.733,  0.246
  0.735,  0.737,  0.252
  0.726,  0.734,  0.255
  0.737,  0.738,  0.262
  0.728,  0.736,  0.264
  0.738,  0.740,  0.272
  0.729,  0.737,  0.273
  0.738,  0.741,  0.282
  0.729,  0.738,  0.282
  0.738,  0.742,  0.292
  0.729,  0.739,  0.291
  0.737,  0.743,  0.302
  0.728,  0.740,  0.301
  0.735,  0.743,  0.312
  0.727,  0.740,  0.310
  0.733,  0.743,  0.321
  0.725,  0.740,  0.319
  0.731,  0.744,  0.331
  0.722,  0.740,  0.327
  0.727,  0.743,  0.340
  0.719,  0.740,  0.336
  0.723,  0.743,  0.349
  0.715,  0.740,  0.344
  0.719,  0.742,  0.358
  0.711,  0.739,  0.352
  0.714,  0.742,  0.366
  0.707,  0.739,  0.360
  0.708,  0.741,  0.374
  0.702,  0.738,  0.367
  0.702,  0.739,  0.381
  0.696,  0.737,  0.374
  0.696,  0.738,  0.388
  0.690,  0.735,  0.381
  0.689,  0.736,  0.394
  0.684,  0.734,  0.387
  0.682,  0.735,  0.400
  0.677,  0.732,  0.392
  0.674,  0.733,  0.406
  0.670,  0.730,  0.397
  0.666,  0.730,  0.410
  0.662,  0.728,  0.401
  0.658,  0.728,  0.414
  0.655,  0.726,  0.405
  0.650,  0.726,  0.418
  0.647,  0.724,  0.408
  0.641,  0.723,  0.420
  0.639,  0.721,  0.411
  0.632,  0.720,  0.422
  0.631,  0.719,  0.412
  0.623,  0.718,  0.423
  0.623,  0.716,  0.414
  0.615,  0.715,  0.424
  0.614,  0.714,  0.414
  0.606,  0.712,  0.424
  0.606,  0.711,  0.414
  0.597,  0.709,  0.423
  0.598,  0.708,  0.413
  0.588,  0.706,  0.421
  0.590,  0.705,  0.412
  0.579,  0.703,  0.419
  0.582,  0.702,  0.410
  0.571,  0.699,  0.416
  0.574,  0.699,  0.407
  0.563,  0.696,  0.413
  0.566,  0.697,  0.404
  0.555,  0.693,  0.408
  0.559,  0.694,  0.400
  0.547,  0.690,  0.404
  0.552,  0.691,  0.395
  0.540,  0.687,  0.398
  0.545,  0.688,  0.390
  0.533,  0.684,  0.392
  0.538,  0.685,  0.384
  0.526,  0.681,  0.385
  0.532,  0.683,  0.378
  0.520,  0.679,  0.378
  0.527,  0.680,  0.372
  0.514,  0.676,  0.371
  0.521,  0.678,  0.365
  0.509,  0.673,  0.363
  0.517,  0.675,  0.357
  0.504,  0.671,  0.354
  0.512,  0.673,  0.349
  0.500,  0.669,  0.345
  0.508,  0.671,  0.341
  0.497,  0.667,  0.336
  0.505,  0.669,  0.333
  0.494,  0.665,  0.327
  0.503,  0.667,  0.324
  0.492,  0.663,  0.317
  0.500,  0.666,  0.315
  0.490,  0.661,  0.308
  0.499,  0.664,  0.306
  0.489,  0.660,  0.298
  0.498,  0.663,  0.297
  0.489,  0.659,  0.288
  0.498,  0.662,  0.288
  0.489,  0.658,  0.278
  0.498,  0.661,  0.279
  0.490,  0.657,  0.268
  0.499,  0.660,  0.269
  0.491,  0.657,  0.258
  0.500,  0.660,  0.260
  0.493,  0.656,  0.249
  0.502,  0.659,  0.251
  0.496,  0.656,  0.239
  0.504,  0.659,  0.242
  0.499,  0.656,  0.230
  0.508,  0.660,  0.234
  0.503,  0.657,  0.221
  0.511,  0.660,  0.226
  0.508,  0.657,  0.212
  0.515,  0.660,  0.218
  0.513,  0.658,  0.204
  0.520,  0.661,  0.210
  0.518,  0.659,  0.196
  0.525,  0.662,  0.203
  0.524,  0.660,  0.189
  0.531,  0.663,  0.196
  0.531,  0.662,  0.182
  0.537,  0.665,  0.189
  0.538,  0.663,  0.175
  0.543,  0.666,  0.183
  0.545,  0.665,  0.170
  0.550,  0.668,  0.178
  0.553,  0.667,  0.164
  0.557,  0.670,  0.173
  0.560,  0.669,  0.160
  0.564,  0.672,  0.169
  0.569,  0.672,  0.156
  0.572,  0.674,  0.165
  0.577,  0.674,  0.152
  0.580,  0.676,  0.162
  0.586,  0.677,  0.150
  0.588,  0.678,  0.159
  0.593,  0.689,  0.147
  0.594,  0.691,  0.156
  0.602,  0.692,  0.145
  0.602,  0.693,  0.155
  0.611,  0.694,  0.145
  0.611,  0.696,  0.155
  0.620,  0.697,  0.145
  0.619,  0.698,  0.155
  0.628,  0.700,  0.146
  0.627,  0.701,  0.156
  0.637,  0.703,  0.147
  0.635,  0.703,  0.157
  0.646,  0.706,  0.150
  0.644,  0.706,  0.159
  0.654,  0.709,  0.153
  0.651,  0.709,  0.162
  0.663,  0.711,  0.156
  0.659,  0.711,  0.165
  0.671,  0.714,  0.161
  0.667,  0.714,  0.169
  0.679,  0.717,  0.165
  0.674,  0.717,  0.174
  0.686,  0.720,  0.171
  0.681,  0.719,  0.179
  0.693,  0.723,  0.177
  0.687,  0.722,  0.185
  0.700,  0.725,  0.184
  0.693,  0.724,  0.191
  0.706,  0.728,  0.191
  0.699,  0.727,  0.197
  0.711,  0.731,  0.198
  0.704,  0.729,  0.204
  0.717,  0.733,  0.206
  0.709,  0.731,  0.212
  0.721,  0.735,  0.215
  0.713,  0.734,  0.220
  0.725,  0.738,  0.224
  0.717,  0.736,  0.228
  0.729,  0.740,  0.233
  0.720,  0.737,  0.236
  0.732,  0.741,  0.242
  0.723,  0.739,  0.245
  0.734,  0.743,  0.252
  0.725,  0.741,  0.254
  0.736,  0.745,  0.261
  0.727,  0.742,  0.263
  0.737,  0.746,  0.271
  0.728,  0.743,  0.272
  0.737,  0.747,  0.281
  0.728,  0.745,  0.281
  0.737,  0.748,  0.291
  0.728,  0.746,  0.291
  0.736,  0.749,  0.301
  0.727,  0.746,  0.300
  0.734,  0.750,  0.311
  0.726,  0.747,  0.309
  0.732,  0.750,  0.320
  0.724,  0.747,  0.318
  0.729,  0.750,  0.330
  0.721,  0.747,  0.327
  0.726,  0.750,  0.339
  0.718,  0.747,  0.335
  0.722,  0.750,  0.348
  0.714,  0.747,  0.343
  0.718,  0.750,  0.357
  0.710,  0.747,  0.351
  0.713,  0.749,  0.365
  0.705,  0.746,  0.359
  0.707,  0.748,  0.373
  0.700,  0.745,  0.366
  0.701,  0.747,  0.380
  0.695,  0.744,  0.373
  0.695,  0.746,  0.387
  0.689,  0.743,  0.380
  0.688,  0.744,  0.393
  0.682,  0.742,  0.386
  0.680,  0.743,  0.399
  0.676,  0.741,  0.391
  0.673,  0.741,  0.404
  0.668,  0.739,  0.396
  0.665,  0.739,  0.409
  0.661,  0.737,  0.400
  0.657,  0.737,  0.413
  0.653,  0.735,  0.404
  0.648,  0.735,  0.416
  0.646,  0.733,  0.407
  0.639,  0.733,  0.419
  0.638,  0.731,  0.409
  0.631,  0.730,  0.421
  0.629,  0.729,  0.411
  0.622,  0.728,  0.422
  0.621,  0.726,  0.412
  0.613,  0.725,  0.423
  0.613,  0.724,  0.413
  0.604,  0.722,  0.423
  0.605,  0.721,  0.413
  0.595,  0.720,  0.422
  0.596,  0.719,  0.412
  0.586,  0.717,  0.420
  0.588,  0.716,  0.410
  0.578,  0.714,  0.418
  0.580,  0.714,  0.408
  0.569,  0.711,  0.415
  0.572,  0.711,  0.405
  0.561,  0.708,  0.411
  0.564,  0.708,  0.402
  0.553,  0.705,  0.407
  0.557,  0.705,  0.398
  0.545,  0.702,  0.402
  0.550,  0.703,  0.394
  0.538,  0.699,  0.397
  0.543,  0.700,  0.388
  0.531,  0.697,  0.390
  0.536,  0.698,  0.383
  0.524,  0.694,  0.384
  0.530,  0.695,  0.377
  0.518,  0.691,  0.377
  0.525,  0.693,  0.370
  0.512,  0.689,  0.369
  0.519,  0.690,  0.363
  0.507,  0.686,  0.361
  0.515,  0.688,  0.356
  0.502,  0.684,  0.353
  0.510,  0.686,  0.348
  0.498,  0.682,  0.344
  0.506,  0.684,  0.340
  0.495,  0.680,  0.335
  0.503,  0.682,  0.331
  0.492,  0.678,  0.325
  0.500,  0.680,  0.322
  0.490,  0.676,  0.316
  0.498,  0.679,  0.313
  0.488,  0.675,  0.306
  0.497,  0.677,  0.304
  0.487,  0.673,  0.296
  0.496,  0.676,  0.295
  0.487,  0.672,  0.286
  0.495,  0.675,  0.286
  0.487,  0.671,  0.276
  0.496,  0.674,  0.277
  0.488,  0.670,  0.266
  0.497,  0.673,  0.268
  0.489,  0.670,  0.257
  0.498,  0.673,  0.259
  0.491,  0.669,  0.247
  0.500,  0.672,  0.250
  0.494,  0.669,  0.238
  0.502,  0.672,  0.241
  0.497,  0.669,  0.228
  0.506,  0.672,  0.232
  0.501,  0.669,  0.219
  0.509,  0.672,  0.224
  0.506,  0.670,  0.211
  0.513,  0.673,  0.216
  0.511,  0.670,  0.203
  0.518,  0.673,  0.208
  0.516,  0.671,  0.195
  0.523,  0.674,  0.201
  0.522,  0.672,  0.187
  0.529,  0.675,  0.194
  0.529,  0.674,  0.180
  0.535,  0.676,  0.188
  0.536,  0.675,  0.174
  0.541,  0.677,  0.182
  0.543,  0.677,  0.168
  0.548,  0.679,  0.176
  0.551,  0.678,  0.163
  0.555,  0.681,  0.172
  0.559,  0.680,  0.158
  0.563,  0.682,  0.167
  0.567,  0.682,  0.154
  0.570,  0.684,  0.164
  0.575,  0.684,  0.151
  0.578,  0.686,  0.161
  0.584,  0.687,  0.148
  0.586,  0.688,  0.158
  0.591,  0.699,  0.145
  0.593,  0.700,  0.155
  0.600,  0.701,  0.144
  0.601,  0.703,  0.154
  0.609,  0.704,  0.144
  0.609,  0.705,  0.153
  0.618,  0.706,  0.144
  0.618,  0.707,  0.154
  0.627,  0.709,  0.145
  0.626,  0.709,  0.155
  0.636,  0.711,  0.146
  0.634,  0.712,  0.156
  0.645,  0.714,  0.149
  0.642,  0.714,  0.158
  0.653,  0.717,  0.152
  0.650,  0.717,  0.161
  0.662,  0.719,  0.155
  0.658,  0.719,  0.164
  0.670,  0.722,  0.160
  0.665,  0.722,  0.168
  0.677,  0.725,  0.164
  0.673,  0.724,  0.173
  0.685,  0.727,  0.170
  0.679,  0.727,  0.178
  0.692,  0.730,  0.176
  0.686,  0.729,  0.184
  0.698,  0.732,  0.183
  0.692,  0.732,  0.190
  0.705,  0.735,  0.190
  0.698,  0.734,  0.197
  0.710,  0.737,  0.198
  0.703,  0.736,  0.204
  0.715,  0.740,  0.206
  0.708,  0.738,  0.211
  0.720,  0.742,  0.214
  0.712,  0.740,  0.219
  0.724,  0.744,  0.223
  0.716,  0.742,  0.227
  0.728,  0.746,  0.232
  0.719,  0.744,  0.236
  0.731,  0.748,  0.241
  0.722,  0.746,  0.244
  0.733,  0.749,  0.251
  0.724,  0.747,  0.253
  0.735,  0.751,  0.261
  0.726,  0.749,  0.262
  0.736,  0.752,  0.270
  0.727,  0.750,  0.271
  0.736,  0.754,  0.280
  0.727,  0.751,  0.281
  0.736,  0.755,  0.290
  0.727,  0.752,  0.290
  0.735,  0.756,  0.300
  0.726,  0.753,  0.299
  0.733,  0.756,  0.310
  0.725,  0.754,  0.308
  0.731,  0.757,  0.320
  0.723,  0.754,  0.317
  0.728,  0.757,  0.329
  0.720,  0.754,  0.326
  0.725,  0.757,  0.338
  0.717,  0.754,  0.334
  0.721,  0.757,  0.347
  0.713,  0.754,  0.343
  0.717,  0.757,  0.356
  0.709,  0.754,  0.351
  0.712,  0.756,  0.364
  0.704,  0.754,  0.358
  0.706,  0.756,  0.372
  0.699,  0.753,  0.365
  0.700,  0.755,  0.379
  0.693,  0.752,  0.372
  0.693,  0.754,  0.386
  0.687,  0.751,  0.379
  0.686,  0.753,  0.392
  0.681,  0.750,  0.385
  0.679,  0.751,  0.398
  0.674,  0.749,  0.390
  0.671,  0.750,  0.403
  0.667,  0.748,  0.395
  0.663,  0.748,  0.408
  0.660,  0.746,  0.399
  0.655,  0.746,  0.412
  0.652,  0.744,  0.403
  0.647,  0.744,  0.415
  0.644,  0.743,  0.406
  0.638,  0.742,  0.418
  0.636,  0.741,  0.408
  0.629,  0.740,  0.420
  0.628,  0.739,  0.410
  0.620,  0.738,  0.421
  0.620,  0.736,  0.411
  0.611,  0.735,  0.421
  0.611,  0.734,  0.411
  0.602,  0.733,  0.421
  0.603,  0.732,  0.411
  0.593,  0.730,  0.420
  0.595,  0.730,  0.410
  0.585,  0.728,  0.419
  0.586,  0.727,  0.409
  0.576,  0.725,  0.416
  0.578,  0.725,  0.407
  0.567,  0.722,  0.413
  0.570,  0.722,  0.404
  0.559,  0.720,  0.410
  0.563,  0.720,  0.401
  0.551,  0.717,  0.405
  0.555,  0.717,  0.397
  0.543,  0.714,  0.400
  0.548,  0.715,  0.392
  0.536,  0.712,  0.395
  0.541,  0.712,  0.387
  0.529,  0.709,  0.389
  0.534,  0.710,  0.381
  0.522,  0.707,  0.382
  0.528,  0.708,  0.375
  0.516,  0.704,  0.375
  0.523,  0.705,  0.368
  0.510,  0.702,  0.367
  0.517,  0.703,  0.361
  0.505,  0.699,  0.359
  0.512,  0.701,  0.354
  0.500,  0.697,  0.351
  0.508,  0.699,  0.346
  0.496,  0.695,  0.342
  0.504,  0.697,  0.338
  0.493,  0.693,  0.333
  0.501,  0.695,  0.329
  0.490,  0.691,  0.324
  0.498,  0.693,  0.321
  0.488,  0.690,  0.314
  0.496,  0.692,  0.312
  0.486,  0.688,  0.304
  0.495,  0.690,  0.303
  0.485,  0.687,  0.295
  0.494,  0.689,  0.294
  0.484,  0.685,  0.285
  0.493,  0.688,  0.284
  0.485,  0.684,  0.275
  0.494,  0.687,  0.275
  0.486,  0.684,  0.265
  0.494,  0.686,  0.266
  0.487,  0.683,  0.255
  0.496,  0.685,  0.257
  0.489,  0.682,  0.245
  0.498,  0.685,  0.248
  0.492,  0.682,  0.236
  0.500,  0.685,  0.239
  0.495,  0.682,  0.227
  0.504,  0.685,  0.231
  0.499,  0.682,  0.218
  0.507,  0.685,  0.222
  0.504,  0.682,  0.209
  0.511,  0.685,  0.214
  0.509,  0.683,  0.201
  0.516,  0.685,  0.207
  0.514,  0.683,  0.193
  0.521,  0.686,  0.200
  0.521,  0.684,  0.186
  0.527,  0.687,  0.193
  0.527,  0.685,  0.179
  0.533,  0.688,  0.186
  0.534,  0.686,  0.173
  0.539,  0.689,  0.180
  0.541,  0.688,  0.167
  0.546,  0.690,  0.175
  0.549,  0.689,  0.162
  0.553,  0.691,  0.170
  0.557,  0.691,  0.157
  0.561,  0.693,  0.166
  0.565,  0.693,  0.153
  0.568,  0.695,  0.162
  0.574,  0.695,  0.150
  0.576,  0.697,  0.159
  0.582,  0.697,  0.147
  0.584,  0.698,  0.157
  0.590,  0.709,  0.144
  0.591,  0.710,  0.154
  0.599,  0.711,  0.143
  0.599,  0.712,  0.153
  0.608,  0.713,  0.142
  0.608,  0.714,  0.152
  0.617,  0.715,  0.143
  0.616,  0.716,  0.153
  0.626,  0.718,  0.144
  0.624,  0.718,  0.153
  0.635,  0.720,  0.145
  0.633,  0.721,  0.155
  0.643,  0.722,  0.148
  0.641,  0.723,  0.157
  0.652,  0.725,  0.151
  0.649,  0.725,  0.160
  0.660,  0.727,  0.154
  0.657,  0.727,  0.163
  0.668,  0.730,  0.159
  0.664,  0.730,  0.167
  0.676,  0.732,  0.164
  0.671,  0.732,  0.172
  0.684,  0.735,  0.169
  0.678,  0.734,  0.177
  0.691,  0.737,  0.175
  0.685,  0.737,  0.183
  0.697,  0.739,  0.182
  0.691,  0.739,  0.189
  0.703,  0.742,  0.189
  0.697,  0.741,  0.196
  0.709,  0.744,  0.197
  0.702,  0.743,  0.203
  0.714,  0.746,  0.205
  0.707,  0.745,  0.210
  0.719,  0.748,  0.213
  0.711,  0.747,  0.218
  0.723,  0.750,  0.222
  0.715,  0.749,  0.226
  0.727,  0.752,  0.231
  0.718,  0.751,  0.235
  0.730,  0.754,  0.240
  0.721,  0.752,  0.243
  0.732,  0.756,  0.250
  0.723,  0.754,  0.252
  0.734,  0.757,  0.260
  0.725,  0.755,  0.261
  0.735,  0.759,  0.270
  0.726,  0.757,  0.270
  0.735,  0.760,  0.280
  0.726,  0.758,  0.280
  0.735,  0.761,  0.289
  0.726,  0.759,  0.289
  0.734,  0.762,  0.299
  0.725,  0.760,  0.298
  0.732,  0.763,  0.309
  0.723,  0.760,  0.307
  0.730,  0.763,  0.319
  0.721,  0.761,  0.316
  0.727,  0.764,  0.328
  0.719,  0.761,  0.325
  0.724,  0.764,  0.337
  0.716,  0.761,  0.333
  0.720,  0.764,  0.346
  0.712,  0.762,  0.342
  0.715,  0.764,  0.355
  0.708,  0.761,  0.350
  0.710,  0.764,  0.363
  0.703,  0.761,  0.357
  0.705,  0.763,  0.371
  0.698,  0.761,  0.364
  0.699,  0.763,  0.378
  0.692,  0.760,  0.371
  0.692,  0.762,  0.385
  0.686,  0.759,  0.378
  0.685,  0.761,  0.391
  0.680,  0.758,  0.384
  0.678,  0.760,  0.397
  0.673,  0.757,  0.389
  0.670,  0.758,  0.402
  0.666,  0.756,  0.394
  0.662,  0.757,  0.407
  0.658,  0.755,  0.398
  0.654,  0.755,  0.411
  0.650,  0.753,  0.401
  0.645,  0.754,  0.414
  0.643,  0.752,  0.404
  0.636,  0.752,  0.417
  0.634,  0.750,  0.407
  0.628,  0.750,  0.418
  0.626,  0.748,  0.409
  0.619,  0.748,  0.420
  0.618,  0.746,  0.410
  0.610,  0.746,  0.420
  0.610,  0.744,  0.410
  0.601,  0.743,  0.420
  0.601,  0.742,  0.410
  0.592,  0.741,  0.419
  0.593,  0.740,  0.409
  0.583,  0.739,  0.417
  0.585,  0.738,  0.408
  0.574,  0.736,  0.415
  0.576,  0.736,  0.405
  0.565,  0.734,  0.412
  0.569,  0.734,  0.403
  0.557,  0.731,  0.408
  0.561,  0.731,  0.399
  0.549,  0.729,  0.404
  0.553,  0.729,  0.395
  0.541,  0.726,  0.399
  0.546,  0.727,  0.391
  0.534,  0.724,  0.393
  0.539,  0.724,  0.385
  0.527,  0.722,  0.387
  0.533,  0.722,  0.380
  0.520,  0.719,  0.381
  0.526,  0.720,  0.374
  0.514,  0.717,  0.373
  0.521,  0.718,  0.367
  0.508,  0.715,  0.366
  0.515,  0.716,  0.360
  0.503,  0.712,  0.358
  0.510,  0.714,  0.352
  0.498,  0.710,  0.349
  0.506,  0.712,  0.344
  0.494,  0.708,  0.340
  0.502,  0.710,  0.336
  0.491,  0.706,  0.331
  0.499,  0.708,  0.328
  0.488,  0.705,  0.322
  0.496,  0.706,  0.319
  0.485,  0.703,  0.312
  0.494,  0.705,  0.310
  0.484,  0.701,  0.303
  0.493,  0.703,  0.301
  0.483,  0.700,  0.293
  0.492,  0.702,  0.292
  0.482,  0.699,  0.283
  0.491,  0.701,  0.283
  0.483,  0.698,  0.273
  0.492,  0.700,  0.274
  0.483,  0.697,  0.263
  0.492,  0.699,  0.264
  0.485,  0.696,  0.253
  0.494,  0.698,  0.255
  0.487,  0.695,  0.244
  0.496,  0.698,  0.246
  0.490,  0.695,  0.234
  0.498,  0.697,  0.238
  0.493,  0.695,  0.225
  0.502,  0.697,  0.229
  0.497,  0.695,  0.216
  0.505,  0.697,  0.221
  0.502,  0.695,  0.208
  0.509,  0.697,  0.213
  0.507,  0.695,  0.199
  0.514,  0.697,  0.205
  0.513,  0.695,  0.192
  0.519,  0.698,  0.198
  0.519,  0.696,  0.184
  0.525,  0.698,  0.191
  0.525,  0.697,  0.177
  0.531,  0.699,  0.185
  0.532,  0.698,  0.171
  0.538,  0.700,  0.179
  0.540,  0.699,  0.165
  0.544,  0.701,  0.174
  0.547,  0.700,  0.160
  0.552,  0.702,  0.169
  0.555,  0.702,  0.156
  0.559,  0.704,  0.165
  0.564,  0.703,  0.152
  0.567,  0.705,  0.161
  0.572,  0.705,  0.148
  0.575,  0.707,  0.158
  0.581,  0.707,  0.146
  0.583,  0.708,  0.156
  0.588,  0.719,  0.143
  0.590,  0.720,  0.153
  0.597,  0.720,  0.142
  0.598,  0.722,  0.152
  0.606,  0.722,  0.141
  0.606,  0.724,  0.151
  0.615,  0.724,  0.141
  0.615,  0.725,  0.151
  0.624,  0.726,  0.142
  0.623,  0.727,  0.152
  0.633,  0.728,  0.144
  0.631,  0.729,  0.154
  0.642,  0.731,  0.146
  0.639,  0.731,  0.156
  0.651,  0.733,  0.150
  0.647,  0.733,  0.159
  0.659,  0.735,  0.153
  0.655,  0.735,  0.162
  0.667,  0.737,  0.158
  0.663,  0.738,  0.166
  0.675,  0.740,  0.163
  0.670,  0.740,  0.171
  0.682,  0.742,  0.168
  0.677,  0.742,  0.176
  0.690,  0.744,  0.174
  0.684,  0.744,  0.182
  0.696,  0.746,  0.181
  0.690,  0.746,  0.188
  0.702,  0.749,  0.188
  0.696,  0.748,  0.195
  0.708,  0.751,  0.196
  0.701,  0.750,  0.202
  0.713,  0.753,  0.204
  0.706,  0.752,  0.209
  0.718,  0.755,  0.212
  0.710,  0.754,  0.217
  0.722,  0.757,  0.221
  0.714,  0.756,  0.225
  0.726,  0.759,  0.230
  0.717,  0.757,  0.234
  0.729,  0.760,  0.240
  0.720,  0.759,  0.243
  0.731,  0.762,  0.249
  0.722,  0.760,  0.251
  0.733,  0.764,  0.259
  0.724,  0.762,  0.260
  0.734,  0.765,  0.269
  0.725,  0.763,  0.270
  0.734,  0.766,  0.279
  0.725,  0.764,  0.279
  0.734,  0.767,  0.289
  0.725,  0.765,  0.288
  0.733,  0.768,  0.298
  0.724,  0.766,  0.297
  0.731,  0.769,  0.308
  0.722,  0.767,  0.306
  0.729,  0.770,  0.318
  0.720,  0.768,  0.315
  0.726,  0.770,  0.327
  0.718,  0.768,  0.324
  0.723,  0.771,  0.336
  0.715,  0.769,  0.332
  0.719,  0.771,  0.345
  0.711,  0.769,  0.341
  0.714,  0.771,  0.354
  0.707,  0.769,  0.349
  0.709,  0.771,  0.362
  0.702,  0.769,  0.356
  0.704,  0.771,  0.370
  0.697,  0.768,  0.363
  0.697,  0.770,  0.377
  0.691,  0.768,  0.370
  0.691,  0.770,  0.384
  0.685,  0.767,  0.377
  0.684,  0.769,  0.390
  0.678,  0.767,  0.382
  0.676,  0.768,  0.396
  0.671,  0.766,  0.388
  0.669,  0.767,  0.401
  0.664,  0.765,  0.393
  0.661,  0.766,  0.406
  0.657,  0.764,  0.397
  0.652,  0.764,  0.410
  0.649,  0.763,  0.400
  0.644,  0.763,  0.413
  0.641,  0.761,  0.403
  0.635,  0.761,  0.415
  0.633,  0.760,  0.406
  0.626,  0.760,  0.417
  0.625,  0.758,  0.407
  0.617,  0.758,  0.418
  0.616,  0.756,  0.408
  0.608,  0.756,  0.419
  0.608,  0.755,  0.409
  0.599,  0.754,  0.418
  0.600,  0.753,  0.409
  0.590,  0.752,  0.418
  0.591,  0.751,  0.408
  0.581,  0.750,  0.416
  0.583,  0.749,  0.406
  0.572,  0.748,  0.413
  0.575,  0.747,  0.404
  0.564,  0.745,  0.410
  0.567,  0.745,  0.401
  0.555,  0.743,  0.407
  0.559,  0.743,  0.398
  0.547,  0.741,  0.402
  0.551,  0.741,  0.394
  0.539,  0.739,  0.397
  0.544,  0.739,  0.389
  0.532,  0.736,  0.392
  0.537,  0.736,  0.384
  0.525,  0.734,  0.386
  0.531,  0.734,  0.378
  0.518,  0.732,  0.379
  0.524,  0.732,  0.372
  0.512,  0.730,  0.372
  0.519,  0.730,  0.365
  0.506,  0.727,  0.364
  0.513,  0.728,  0.358
  0.501,  0.725,  0.356
  0.508,  0.726,  0.351
  0.496,  0.723,  0.348
  0.504,  0.724,  0.343
  0.492,  0.721,  0.339
  0.500,  0.723,  0.335
  0.489,  0.720,  0.330
  0.497,  0.721,  0.326
  0.486,  0.718,  0.320
  0.494,  0.719,  0.317
  0.483,  0.716,  0.311
  0.492,  0.718,  0.309
  0.482,  0.715,  0.301
  0.491,  0.716,  0.299
  0.481,  0.713,  0.291
  0.490,  0.715,  0.290
  0.480,  0.712,  0.281
  0.489,  0.714,  0.281
  0.480,  0.711,  0.271
  0.490,  0.713,  0.272
  0.481,  0.710,  0.261
  0.490,  0.712,  0.263
  0.483,  0.709,  0.252
  0.492,  0.711,  0.254
  0.485,  0.708,  0.242
  0.494,  0.711,  0.245
  0.488,  0.708,  0.233
  0.496,  0.710,  0.236
  0.491,  0.707,  0.223
  0.500,  0.710,  0.228
  0.495,  0.707,  0.215
  0.503,  0.709,  0.219
  0.500,  0.707,  0.206
  0.508,  0.709,  0.211
  0.505,  0.707,  0.198
  0.512,  0.710,  0.204
  0.511,  0.708,  0.190
  0.518,  0.710,  0.196
  0.517,  0.708,  0.183
  0.523,  0.710,  0.190
  0.523,  0.709,  0.176
  0.529,  0.711,  0.183
  0.530,  0.709,  0.170
  0.536,  0.712,  0.178
  0.538,  0.710,  0.164
  0.543,  0.712,  0.172
  0.546,  0.711,  0.159
  0.550,  0.713,  0.167
  0.554,  0.713,  0.154
  0.557,  0.714,  0.163
  0.562,  0.714,  0.150
  0.565,  0.716,  0.160
  0.571,  0.715,  0.147
  0.573,  0.717,  0.157
  0.579,  0.717,  0.145
  0.581,  0.719,  0.154
  0.587,  0.728,  0.142
  0.588,  0.730,  0.151
  0.596,  0.730,  0.140
  0.596,  0.731,  0.150
  0.605,  0.732,  0.140
  0.605,  0.733,  0.150
  0.614,  0.733,  0.140
  0.613,  0.734,  0.150
  0.623,  0.735,  0.141
  0.622,  0.736,  0.151
  0.632,  0.737,  0.143
  0.630,  0.738,  0.153
  0.641,  0.739,  0.145
  0.638,  0.740,  0.155
  0.649,  0.741,  0.148
  0.646,  0.742,  0.158
  0.658,  0.743,  0.152
  0.654,  0.743,  0.161
  0.666,  0.745,  0.157
  0.662,  0.745,  0.165
  0.674,  0.747,  0.162
  0.669,  0.747,  0.170
  0.681,  0.749,  0.167
  0.676,  0.749,  0.175
  0.688,  0.751,  0.173
  0.682,  0.751,  0.181
  0.695,  0.753,  0.180
  0.689,  0.753,  0.187
  0.701,  0.756,  0.187
  0.694,  0.755,  0.194
  0.707,  0.758,  0.195
  0.700,  0.757,  0.201
  0.712,  0.760,  0.203
  0.705,  0.759,  0.208
  0.717,  0.761,  0.212
  0.709,  0.761,  0.216
  0.721,  0.763,  0.220
  0.713,  0.762,  0.225
  0.725,  0.765,  0.230
  0.716,  0.764,  0.233
  0.728,  0.767,  0.239
  0.719,  0.766,  0.242
  0.730,  0.768,  0.248
  0.721,  0.767,  0.251
  0.732,  0.770,  0.258
  0.723,  0.768,  0.260
  0.733,  0.771,  0.268
  0.724,  0.770,  0.269
  0.733,  0.773,  0.278
  0.724,  0.771,  0.278
  0.733,  0.774,  0.288
  0.724,  0.772,  0.287
  0.732,  0.775,  0.298
  0.723,  0.773,  0.296
  0.730,  0.776,  0.307
  0.721,  0.774,  0.305
  0.728,  0.777,  0.317
  0.719,  0.775,  0.314
  0.725,  0.777,  0.326
  0.717,  0.775,  0.323
  0.722,  0.778,  0.336
  0.713,  0.776,  0.332
  0.718,  0.778,  0.345
  0.710,  0.776,  0.340
  0.713,  0.778,  0.353
  0.706,  0.776,  0.348
  0.708,  0.778,  0.361
  0.701,  0.776,  0.355
  0.702,  0.778,  0.369
  0.695,  0.776,  0.363
  0.696,  0.778,  0.376
  0.690,  0.776,  0.369
  0.690,  0.778,  0.383
  0.684,  0.775,  0.376
  0.683,  0.777,  0.389
  0.677,  0.775,  0.381
  0.675,  0.776,  0.395
  0.670,  0.774,  0.387
  0.667,  0.775,  0.400
  0.663,  0.774,  0.391
  0.659,  0.775,  0.405
  0.655,  0.773,  0.396
  0.651,  0.773,  0.408
  0.648,  0.772,  0.399
  0.642,  0.772,  0.412
  0.640,  0.771,  0.402
  0.633,  0.771,  0.414
  0.631,  0.769,  0.404
  0.624,  0.769,  0.416
  0.623,  0.768,  0.406
  0.615,  0.768,  0.417
  0.615,  0.767,  0.407
  0.606,  0.766,  0.417
  0.606,  0.765,  0.408
  0.597,  0.764,  0.417
  0.598,  0.763,  0.407
  0.588,  0.763,  0.416
  0.589,  0.762,  0.406
  0.579,  0.761,  0.414
  0.581,  0.760,  0.405
  0.570,  0.759,  0.412
  0.573,  0.758,  0.403
  0.562,  0.757,  0.409
  0.565,  0.756,  0.400
  0.553,  0.755,  0.405
  0.557,  0.754,  0.396
  0.545,  0.753,  0.401
  0.550,  0.752,  0.392
  0.537,  0.751,  0.396
  0.542,  0.751,  0.387
  0.530,  0.749,  0.390
  0.535,  0.749,  0.382
  0.523,  0.746,  0.384
  0.529,  0.747,  0.377
  0.516,  0.744,  0.377
  0.522,  0.745,  0.370
  0.510,  0.742,  0.370
  0.517,  0.743,  0.364
  0.504,  0.740,  0.363
  0.511,  0.741,  0.357
  0.499,  0.738,  0.354
  0.506,  0.739,  0.349
  0.494,  0.736,  0.346
  0.502,  0.737,  0.341
  0.490,  0.735,  0.337
  0.498,  0.736,  0.333
  0.486,  0.733,  0.328
  0.495,  0.734,  0.324
  0.484,  0.731,  0.319
  0.492,  0.732,  0.316
  0.481,  0.729,  0.309
  0.490,  0.731,  0.307
  0.480,  0.728,  0.299
  0.489,  0.729,  0.298
  0.479,  0.727,  0.289
  0.488,  0.728,  0.289
  0.478,  0.725,  0.280
  0.487,  0.727,  0.279
  0.478,  0.724,  0.270
  0.487,  0.726,  0.270
  0.479,  0.723,  0.260
  0.488,  0.725,  0.261
  0.481,  0.722,  0.250
  0.490,  0.724,  0.252
  0.483,  0.721,  0.240
  0.492,  0.723,  0.243
  0.486,  0.721,  0.231
  0.494,  0.723,  0.234
  0.489,  0.720,  0.222
  0.498,  0.722,  0.226
  0.493,  0.720,  0.213
  0.501,  0.722,  0.218
  0.498,  0.720,  0.204
  0.506,  0.722,  0.210
  0.503,  0.720,  0.196
  0.510,  0.722,  0.202
  0.509,  0.720,  0.188
  0.516,  0.722,  0.195
  0.515,  0.720,  0.181
  0.521,  0.722,  0.188
  0.521,  0.720,  0.174
  0.527,  0.722,  0.182
  0.529,  0.721,  0.168
  0.534,  0.723,  0.176
  0.536,  0.722,  0.162
  0.541,  0.724,  0.171
  0.544,  0.722,  0.157
  0.548,  0.724,  0.166
  0.552,  0.723,  0.153
  0.556,  0.725,  0.162
  0.560,  0.724,  0.149
  0.563,  0.726,  0.158
  0.569,  0.726,  0.146
  0.571,  0.727,  0.155
  0.578,  0.727,  0.143
  0.580,  0.729,  0.153
  0.585,  0.738,  0.140
  0.586,  0.740,  0.150
  0.594,  0.740,  0.139
  0.595,  0.741,  0.149
  0.603,  0.741,  0.139
  0.603,  0.742,  0.149
  0.612,  0.742,  0.139
  0.612,  0.744,  0.149
  0.621,  0.744,  0.140
  0.620,  0.745,  0.150
  0.630,  0.746,  0.142
  0.629,  0.747,  0.152
  0.639,  0.747,  0.144
  0.637,  0.748,  0.154
  0.648,  0.749,  0.147
  0.645,  0.750,  0.157
  0.656,  0.751,  0.151
  0.653,  0.751,  0.160
  0.665,  0.753,  0.156
  0.660,  0.753,  0.164
  0.673,  0.755,  0.161
  0.668,  0.755,  0.169
  0.680,  0.757,  0.166
  0.675,  0.757,  0.174
  0.687,  0.759,  0.172
  0.681,  0.759,  0.180
  0.694,  0.760,  0.179
  0.688,  0.760,  0.186
  0.700,  0.762,  0.186
  0.693,  0.762,  0.193
  0.706,  0.764,  0.194
  0.699,  0.764,  0.200
  0.711,  0.766,  0.202
  0.704,  0.766,  0.208
  0.716,  0.768,  0.211
  0.708,  0.767,  0.215
  0.720,  0.770,  0.220
  0.712,  0.769,  0.224
  0.724,  0.771,  0.229
  0.715,  0.771,  0.232
  0.727,  0.773,  0.238
  0.718,  0.772,  0.241
  0.729,  0.775,  0.248
  0.720,  0.774,  0.250
  0.731,  0.776,  0.257
  0.722,  0.775,  0.259
  0.732,  0.778,  0.267
  0.722,  0.776,  0.268
  0.732,  0.779,  0.277
  0.723,  0.778,  0.277
  0.732,  0.780,  0.287
  0.723,  0.779,  0.286
  0.731,  0.781,  0.297
  0.722,  0.780,  0.295
  0.729,  0.782,  0.307
  0.720,  0.781,  0.305
  0.727,  0.783,  0.316
  0.718,  0.781,  0.313
  0.724,  0.784,  0.326
  0.716,  0.782,  0.322
  0.721,  0.785,  0.335
  0.712,  0.783,  0.331
  0.717,  0.785,  0.344
  0.709,  0.783,  0.339
  0.712,  0.785,  0.352
  0.704,  0.783,  0.347
  0.707,  0.786,  0.360
  0.700,  0.784,  0.354
  0.701,  0.786,  0.368
  0.694,  0.784,  0.362
  0.695,  0.786,  0.375
  0.689,  0.784,  0.368
  0.688,  0.785,  0.382
  0.682,  0.784,  0.375
  0.681,  0.785,  0.388
  0.676,  0.783,  0.380
  0.674,  0.785,  0.394
  0.669,  0.783,  0.386
  0.666,  0.784,  0.399
  0.662,  0.782,  0.390
  0.658,  0.783,  0.403
  0.654,  0.782,  0.394
  0.649,  0.782,  0.407
  0.646,  0.781,  0.398
  0.641,  0.782,  0.410
  0.638,  0.780,  0.401
  0.632,  0.780,  0.413
  0.630,  0.779,  0.403
  0.623,  0.779,  0.415
  0.622,  0.778,  0.405
  0.614,  0.778,  0.416
  0.613,  0.777,  0.406
  0.605,  0.777,  0.416
  0.605,  0.775,  0.406
  0.596,  0.775,  0.416
  0.596,  0.774,  0.406
  0.587,  0.773,  0.415
  0.588,  0.772,  0.405
  0.578,  0.772,  0.413
  0.579,  0.771,  0.403
  0.569,  0.770,  0.411
  0.571,  0.769,  0.401
  0.560,  0.768,  0.408
  0.563,  0.768,  0.398
  0.552,  0.767,  0.404
  0.555,  0.766,  0.395
  0.543,  0.765,  0.399
  0.548,  0.764,  0.391
  0.535,  0.763,  0.394
  0.540,  0.762,  0.386
  0.528,  0.761,  0.389
  0.533,  0.761,  0.381
  0.521,  0.759,  0.383
  0.527,  0.759,  0.375
  0.514,  0.757,  0.376
  0.520,  0.757,  0.369
  0.508,  0.755,  0.369
  0.515,  0.755,  0.362
  0.502,  0.753,  0.361
  0.509,  0.754,  0.355
  0.497,  0.751,  0.353
  0.504,  0.752,  0.347
  0.492,  0.749,  0.344
  0.500,  0.750,  0.339
  0.488,  0.748,  0.335
  0.496,  0.748,  0.331
  0.484,  0.746,  0.326
  0.493,  0.747,  0.323
  0.481,  0.744,  0.317
  0.490,  0.745,  0.314
  0.479,  0.743,  0.307
  0.488,  0.744,  0.305
  0.477,  0.741,  0.298
  0.486,  0.742,  0.296
  0.476,  0.740,  0.288
  0.486,  0.741,  0.287
  0.476,  0.738,  0.278
  0.485,  0.740,  0.278
  0.476,  0.737,  0.268
  0.485,  0.739,  0.269
  0.477,  0.736,  0.258
  0.486,  0.738,  0.259
  0.479,  0.735,  0.248
  0.488,  0.737,  0.250
  0.481,  0.734,  0.239
  0.490,  0.736,  0.242
  0.484,  0.734,  0.229
  0.492,  0.735,  0.233
  0.487,  0.733,  0.220
  0.496,  0.735,  0.224
  0.491,  0.732,  0.211
  0.499,  0.734,  0.216
  0.496,  0.732,  0.203
  0.504,  0.734,  0.208
  0.501,  0.732,  0.195
  0.508,  0.734,  0.201
  0.507,  0.732,  0.187
  0.514,  0.734,  0.193
  0.513,  0.732,  0.180
  0.519,  0.734,  0.187
  0.520,  0.732,  0.173
  0.526,  0.734,  0.180
  0.527,  0.732,  0.167
  0.532,  0.734,  0.175
  0.534,  0.733,  0.161
  0.539,  0.735,  0.169
  0.542,  0.733,  0.156
  0.546,  0.735,  0.165
  0.550,  0.734,  0.152
  0.554,  0.736,  0.161
  0.559,  0.735,  0.148
  0.562,  0.737,  0.157
  0.567,  0.736,  0.145
  0.570,  0.738,  0.154
  0.576,  0.737,  0.142
  0.578,  0.739,  0.152
  0.585,  0.749,  0.149
  0.584,  0.748,  0.139
  0.576,  0.749,  0.150
  0.574,  0.747,  0.141
  0.568,  0.748,  0.153
  0.566,  0.746,  0.143
  0.560,  0.747,  0.156
  0.557,  0.746,  0.146
  0.552,  0.747,  0.159
  0.548,  0.745,  0.150
  0.545,  0.746,  0.163
  0.540,  0.744,  0.155
  0.537,  0.746,  0.168
  0.532,  0.744,  0.160
  0.530,  0.746,  0.173
  0.525,  0.744,  0.165
  0.524,  0.745,  0.179
  0.518,  0.744,  0.171
  0.518,  0.745,  0.185
  0.511,  0.744,  0.178
  0.512,  0.746,  0.192
  0.505,  0.744,  0.185
  0.507,  0.746,  0.199
  0.499,  0.744,  0.193
  0.502,  0.746,  0.207
  0.494,  0.745,  0.201
  0.497,  0.747,  0.214
  0.489,  0.745,  0.210
  0.494,  0.747,  0.223
  0.485,  0.746,  0.219
  0.490,  0.748,  0.231
  0.482,  0.746,  0.228
  0.488,  0.749,  0.240
  0.479,  0.747,  0.237
  0.486,  0.750,  0.249
  0.477,  0.748,  0.247
  0.484,  0.751,  0.258
  0.475,  0.749,  0.256
  0.483,  0.752,  0.267
  0.474,  0.750,  0.266
  0.483,  0.753,  0.276
  0.474,  0.752,  0.276
  0.483,  0.754,  0.285
  0.474,  0.753,  0.286
  0.484,  0.756,  0.294
  0.475,  0.755,  0.296
  0.486,  0.757,  0.304
  0.477,  0.756,  0.306
  0.488,  0.758,  0.312
  0.479,  0.758,  0.315
  0.491,  0.760,  0.321
  0.482,  0.759,  0.325
  0.494,  0.761,  0.330
  0.486,  0.761,  0.334
  0.498,  0.763,  0.338
  0.490,  0.763,  0.343
  0.502,  0.765,  0.346
  0.495,  0.764,  0.351
  0.507,  0.766,  0.353
  0.500,  0.766,  0.359
  0.513,  0.768,  0.360
  0.506,  0.768,  0.367
  0.518,  0.770,  0.367
  0.512,  0.770,  0.374
  0.525,  0.771,  0.373
  0.519,  0.771,  0.381
  0.531,  0.773,  0.379
  0.526,  0.773,  0.387
  0.538,  0.774,  0.384
  0.534,  0.775,  0.393
  0.546,  0.776,  0.389
  0.541,  0.777,  0.398
  0.553,  0.778,  0.393
  0.550,  0.778,  0.402
  0.561,  0.779,  0.397
  0.558,  0.780,  0.406
  0.569,  0.780,  0.400
  0.567,  0.781,  0.409
  0.578,  0.782,  0.402
  0.576,  0.783,  0.412
  0.586,  0.783,  0.404
  0.585,  0.784,  0.413
  0.595,  0.784,  0.405
  0.594,  0.786,  0.414
  0.603,  0.786,  0.405
  0.603,  0.787,  0.415
  0.612,  0.787,  0.405
  0.612,  0.788,  0.414
  0.620,  0.788,  0.404
  0.621,  0.789,  0.413
  0.628,  0.788,  0.402
  0.630,  0.790,  0.412
  0.637,  0.789,  0.400
  0.639,  0.791,  0.409
  0.645,  0.790,  0.397
  0.648,  0.792,  0.406
  0.653,  0.790,  0.393
  0.656,  0.792,  0.402
  0.660,  0.791,  0.389
  0.665,  0.793,  0.398
  0.667,  0.791,  0.385
  0.672,  0.793,  0.393
  0.674,  0.791,  0.379
  0.680,  0.793,  0.387
  0.681,  0.792,  0.374
  0.687,  0.793,  0.381
  0.687,  0.792,  0.367
  0.694,  0.793,  0.374
  0.693,  0.791,  0.361
  0.700,  0.793,  0.367
  0.698,  0.791,  0.353
  0.706,  0.793,  0.359
  0.703,  0.791,  0.346
  0.711,  0.793,  0.351
  0.707,  0.790,  0.338
  0.716,  0.792,  0.343
  0.711,  0.790,  0.330
  0.720,  0.791,  0.334
  0.714,  0.789,  0.321
  0.723,  0.791,  0.325
  0.717,  0.788,  0.313
  0.726,  0.790,  0.315
  0.719,  0.787,  0.304
  0.728,  0.789,  0.306
  0.721,  0.786,  0.295
  0.730,  0.788,  0.296
  0.722,  0.785,  0.285
  0.731,  0.787,  0.286
  0.722,  0.784,  0.276
  0.731,  0.785,  0.276
  0.721,  0.783,  0.267
  0.731,  0.784,  0.266
  0.720,  0.782,  0.258
  0.730,  0.783,  0.257
  0.719,  0.780,  0.249
  0.728,  0.781,  0.247
  0.717,  0.779,  0.240
  0.726,  0.779,  0.237
  0.714,  0.777,  0.231
  0.723,  0.778,  0.228
  0.711,  0.776,  0.223
  0.719,  0.776,  0.219
  0.707,  0.774,  0.215
  0.715,  0.774,  0.210
  0.703,  0.772,  0.207
  0.710,  0.773,  0.201
  0.698,  0.771,  0.199
  0.705,  0.771,  0.193
  0.692,  0.769,  0.192
  0.699,  0.769,  0.186
  0.686,  0.768,  0.185
  0.693,  0.767,  0.178
  0.680,  0.766,  0.179
  0.686,  0.766,  0.172
  0.673,  0.764,  0.173
  0.679,  0.764,  0.165
  0.666,  0.763,  0.168
  0.671,  0.762,  0.160
  0.659,  0.761,  0.163
  0.663,  0.760,  0.155
  0.651,  0.760,  0.159
  0.655,  0.759,  0.150
  0.644,  0.758,  0.156
  0.647,  0.757,  0.146
  0.635,  0.757,  0.153
  0.638,  0.756,  0.143
  0.627,  0.755,  0.150
  0.629,  0.754,  0.141
  0.619,  0.754,  0.149
  0.620,  0.753,  0.139
  0.610,  0.753,  0.148
  0.611,  0.751,  0.138
  0.602,  0.752,  0.148
  0.602,  0.750,  0.138
  0.593,  0.750,  0.148
  0.593,  0.749,  0.138
  0.583,  0.759,  0.148
  0.582,  0.758,  0.138
  0.575,  0.759,  0.149
  0.573,  0.757,  0.140
  0.567,  0.758,  0.151
  0.564,  0.757,  0.142
  0.559,  0.758,  0.154
  0.555,  0.756,  0.145
  0.551,  0.757,  0.158
  0.547,  0.756,  0.149
  0.543,  0.757,  0.162
  0.539,  0.755,  0.153
  0.536,  0.757,  0.167
  0.531,  0.755,  0.158
  0.529,  0.757,  0.172
  0.523,  0.755,  0.164
  0.522,  0.757,  0.177
  0.516,  0.755,  0.170
  0.516,  0.757,  0.184
  0.509,  0.756,  0.177
  0.510,  0.758,  0.190
  0.503,  0.756,  0.184
  0.505,  0.758,  0.198
  0.497,  0.756,  0.192
  0.500,  0.758,  0.205
  0.492,  0.757,  0.200
  0.495,  0.759,  0.213
  0.487,  0.758,  0.208
  0.492,  0.760,  0.221
  0.483,  0.758,  0.217
  0.488,  0.761,  0.230
  0.480,  0.759,  0.226
  0.486,  0.762,  0.238
  0.477,  0.760,  0.235
  0.484,  0.763,  0.247
  0.475,  0.761,  0.245
  0.482,  0.764,  0.256
  0.473,  0.762,  0.255
  0.481,  0.765,  0.265
  0.472,  0.764,  0.265
  0.481,  0.766,  0.274
  0.472,  0.765,  0.274
  0.481,  0.767,  0.284
  0.472,  0.766,  0.284
  0.482,  0.769,  0.293
  0.473,  0.768,  0.294
  0.484,  0.770,  0.302
  0.475,  0.769,  0.304
  0.486,  0.771,  0.311
  0.477,  0.771,  0.314
  0.489,  0.773,  0.319
  0.480,  0.772,  0.323
  0.492,  0.774,  0.328
  0.484,  0.774,  0.332
  0.496,  0.776,  0.336
  0.488,  0.776,  0.341
  0.500,  0.777,  0.344
  0.493,  0.777,  0.349
  0.505,  0.779,  0.352
  0.498,  0.779,  0.358
  0.511,  0.780,  0.359
  0.504,  0.781,  0.365
  0.517,  0.782,  0.366
  0.510,  0.782,  0.373
  0.523,  0.783,  0.372
  0.517,  0.784,  0.379
  0.529,  0.785,  0.378
  0.524,  0.785,  0.386
  0.537,  0.786,  0.383
  0.532,  0.787,  0.391
  0.544,  0.788,  0.388
  0.540,  0.788,  0.396
  0.552,  0.789,  0.392
  0.548,  0.790,  0.401
  0.560,  0.790,  0.395
  0.556,  0.791,  0.405
  0.568,  0.792,  0.398
  0.565,  0.793,  0.408
  0.576,  0.793,  0.401
  0.574,  0.794,  0.410
  0.584,  0.794,  0.402
  0.583,  0.795,  0.412
  0.593,  0.795,  0.403
  0.592,  0.796,  0.413
  0.601,  0.796,  0.404
  0.601,  0.797,  0.414
  0.610,  0.797,  0.403
  0.611,  0.798,  0.413
  0.618,  0.797,  0.402
  0.620,  0.799,  0.412
  0.627,  0.798,  0.401
  0.629,  0.800,  0.410
  0.635,  0.799,  0.399
  0.638,  0.800,  0.408
  0.643,  0.799,  0.396
  0.647,  0.801,  0.405
  0.651,  0.799,  0.392
  0.655,  0.801,  0.401
  0.659,  0.800,  0.388
  0.663,  0.801,  0.397
  0.666,  0.800,  0.383
  0.671,  0.801,  0.392
  0.673,  0.800,  0.378
  0.679,  0.801,  0.386
  0.680,  0.800,  0.373
  0.686,  0.801,  0.380
  0.686,  0.799,  0.366
  0.693,  0.801,  0.373
  0.692,  0.799,  0.360
  0.699,  0.801,  0.366
  0.697,  0.799,  0.352
  0.705,  0.800,  0.358
  0.702,  0.798,  0.345
  0.710,  0.800,  0.350
  0.706,  0.798,  0.337
  0.714,  0.799,  0.342
  0.710,  0.797,  0.329
  0.719,  0.798,  0.333
  0.713,  0.796,  0.320
  0.722,  0.797,  0.324
  0.716,  0.795,  0.312
  0.725,  0.796,  0.315
  0.718,  0.794,  0.303
  0.727,  0.795,  0.305
  0.720,  0.793,  0.294
  0.729,  0.794,  0.295
  0.720,  0.792,  0.285
  0.730,  0.793,  0.285
  0.721,  0.791,  0.275
  0.730,  0.792,  0.276
  0.720,  0.789,  0.266
  0.730,  0.790,  0.266
  0.719,  0.788,  0.257
  0.729,  0.789,  0.256
  0.718,  0.787,  0.248
  0.727,  0.787,  0.246
  0.716,  0.785,  0.239
  0.725,  0.786,  0.236
  0.713,  0.784,  0.230
  0.722,  0.784,  0.227
  0.710,  0.782,  0.222
  0.718,  0.783,  0.218
  0.706,  0.781,  0.214
  0.714,  0.781,  0.209
  0.701,  0.779,  0.206
  0.709,  0.779,  0.201
  0.697,  0.778,  0.198
  0.704,  0.778,  0.192
  0.691,  0.776,  0.191
  0.698,  0.776,  0.185
  0.685,  0.775,  0.184
  0.692,  0.774,  0.177
  0.679,  0.773,  0.178
  0.685,  0.773,  0.171
  0.672,  0.772,  0.172
  0.678,  0.771,  0.164
  0.665,  0.770,  0.167
  0.670,  0.770,  0.159
  0.658,  0.769,  0.162
  0.662,  0.768,  0.154
  0.650,  0.768,  0.158
  0.654,  0.767,  0.149
  0.642,  0.766,  0.155
  0.645,  0.765,  0.145
  0.634,  0.765,  0.152
  0.637,  0.764,  0.142
  0.626,  0.764,  0.149
  0.628,  0.763,  0.140
  0.617,  0.763,  0.148
  0.619,  0.762,  0.138
  0.609,  0.762,  0.147
  0.610,  0.761,  0.137
  0.600,  0.761,  0.146
  0.600,  0.760,  0.136
  0.592,  0.760,  0.147
  0.591,  0.759,  0.137
  0.582,  0.769,  0.146
  0.580,  0.768,  0.137
  0.573,  0.769,  0.148
  0.571,  0.767,  0.138
  0.565,  0.768,  0.150
  0.562,  0.767,  0.141
  0.557,  0.768,  0.153
  0.554,  0.767,  0.144
  0.549,  0.768,  0.156
  0.545,  0.766,  0.147
  0.541,  0.768,  0.160
  0.537,  0.766,  0.152
  0.534,  0.768,  0.165
  0.529,  0.767,  0.157
  0.527,  0.768,  0.170
  0.521,  0.767,  0.162
  0.520,  0.769,  0.176
  0.514,  0.767,  0.168
  0.514,  0.769,  0.182
  0.507,  0.768,  0.175
  0.508,  0.769,  0.189
  0.501,  0.768,  0.182
  0.503,  0.770,  0.196
  0.495,  0.769,  0.190
  0.498,  0.771,  0.203
  0.490,  0.769,  0.198
  0.493,  0.772,  0.211
  0.485,  0.770,  0.207
  0.490,  0.772,  0.220
  0.481,  0.771,  0.215
  0.486,  0.773,  0.228
  0.478,  0.772,  0.224
  0.484,  0.774,  0.237
  0.475,  0.773,  0.234
  0.482,  0.775,  0.246
  0.473,  0.774,  0.243
  0.480,  0.777,  0.255
  0.471,  0.776,  0.253
  0.479,  0.778,  0.264
  0.470,  0.777,  0.263
  0.479,  0.779,  0.273
  0.470,  0.778,  0.273
  0.479,  0.780,  0.282
  0.470,  0.780,  0.283
  0.480,  0.782,  0.291
  0.471,  0.781,  0.292
  0.482,  0.783,  0.300
  0.473,  0.783,  0.302
  0.484,  0.784,  0.309
  0.475,  0.784,  0.312
  0.487,  0.786,  0.318
  0.478,  0.786,  0.321
  0.490,  0.787,  0.326
  0.482,  0.787,  0.330
  0.494,  0.789,  0.335
  0.486,  0.789,  0.339
  0.498,  0.790,  0.342
  0.491,  0.790,  0.348
  0.503,  0.792,  0.350
  0.496,  0.792,  0.356
  0.509,  0.793,  0.357
  0.502,  0.793,  0.364
  0.515,  0.794,  0.364
  0.508,  0.795,  0.371
  0.521,  0.796,  0.370
  0.515,  0.796,  0.378
  0.528,  0.797,  0.376
  0.522,  0.798,  0.384
  0.535,  0.798,  0.381
  0.530,  0.799,  0.390
  0.542,  0.799,  0.386
  0.538,  0.800,  0.395
  0.550,  0.801,  0.390
  0.546,  0.802,  0.399
  0.558,  0.802,  0.394
  0.555,  0.803,  0.403
  0.566,  0.803,  0.397
  0.563,  0.804,  0.406
  0.574,  0.804,  0.399
  0.572,  0.805,  0.409
  0.583,  0.805,  0.401
  0.581,  0.806,  0.411
  0.591,  0.805,  0.402
  0.591,  0.807,  0.412
  0.600,  0.806,  0.402
  0.600,  0.807,  0.412
  0.608,  0.807,  0.402
  0.609,  0.808,  0.412
  0.617,  0.807,  0.401
  0.618,  0.809,  0.411
  0.625,  0.808,  0.400
  0.627,  0.809,  0.409
  0.634,  0.808,  0.397
  0.636,  0.809,  0.407
  0.642,  0.808,  0.395
  0.645,  0.810,  0.404
  0.650,  0.808,  0.391
  0.654,  0.810,  0.400
  0.657,  0.808,  0.387
  0.662,  0.810,  0.396
  0.665,  0.808,  0.382
  0.670,  0.810,  0.391
  0.672,  0.808,  0.377
  0.677,  0.809,  0.385
  0.679,  0.808,  0.371
  0.685,  0.809,  0.379
  0.685,  0.807,  0.365
  0.691,  0.809,  0.372
  0.691,  0.807,  0.359
  0.698,  0.808,  0.365
  0.696,  0.806,  0.351
  0.703,  0.808,  0.357
  0.701,  0.805,  0.344
  0.709,  0.807,  0.349
  0.705,  0.805,  0.336
  0.713,  0.806,  0.341
  0.709,  0.804,  0.328
  0.717,  0.805,  0.332
  0.712,  0.803,  0.320
  0.721,  0.804,  0.323
  0.715,  0.802,  0.311
  0.724,  0.803,  0.314
  0.717,  0.801,  0.302
  0.726,  0.802,  0.304
  0.719,  0.800,  0.293
  0.728,  0.801,  0.294
  0.719,  0.799,  0.284
  0.729,  0.799,  0.285
  0.720,  0.797,  0.275
  0.729,  0.798,  0.275
  0.719,  0.796,  0.265
  0.729,  0.797,  0.265
  0.718,  0.795,  0.256
  0.728,  0.795,  0.255
  0.717,  0.793,  0.247
  0.726,  0.794,  0.245
  0.715,  0.792,  0.238
  0.724,  0.792,  0.236
  0.712,  0.790,  0.230
  0.721,  0.791,  0.226
  0.709,  0.789,  0.221
  0.717,  0.789,  0.217
  0.705,  0.788,  0.213
  0.713,  0.788,  0.208
  0.700,  0.786,  0.205
  0.708,  0.786,  0.200
  0.695,  0.785,  0.197
  0.703,  0.784,  0.192
  0.690,  0.783,  0.190
  0.697,  0.783,  0.184
  0.684,  0.782,  0.183
  0.691,  0.781,  0.177
  0.678,  0.781,  0.177
  0.684,  0.780,  0.170
  0.671,  0.779,  0.171
  0.677,  0.779,  0.163
  0.664,  0.778,  0.166
  0.669,  0.777,  0.158
  0.657,  0.777,  0.161
  0.661,  0.776,  0.153
  0.649,  0.776,  0.157
  0.653,  0.775,  0.148
  0.641,  0.775,  0.154
  0.644,  0.773,  0.144
  0.633,  0.773,  0.151
  0.635,  0.772,  0.141
  0.624,  0.773,  0.148
  0.626,  0.771,  0.139
  0.616,  0.772,  0.147
  0.617,  0.770,  0.137
  0.607,  0.771,  0.146
  0.608,  0.770,  0.136
  0.599,  0.770,  0.145
  0.599,  0.769,  0.135
  0.590,  0.770,  0.145
  0.590,  0.768,  0.136
  0.580,  0.779,  0.145
  0.579,  0.777,  0.135
  0.572,  0.779,  0.147
  0.570,  0.777,  0.137
  0.563,  0.779,  0.149
  0.561,  0.777,  0.139
  0.555,  0.779,  0.152
  0.552,  0.777,  0.142
  0.547,  0.779,  0.155
  0.543,  0.777,  0.146
  0.540,  0.779,  0.159
  0.535,  0.777,  0.150
  0.532,  0.779,  0.164
  0.527,  0.778,  0.155
  0.525,  0.780,  0.169
  0.519,  0.778,  0.161
  0.518,  0.780,  0.175
  0.512,  0.779,  0.167
  0.512,  0.781,  0.181
  0.505,  0.779,  0.174
  0.506,  0.781,  0.187
  0.499,  0.780,  0.181
  0.501,  0.782,  0.194
  0.493,  0.781,  0.188
  0.496,  0.783,  0.202
  0.488,  0.782,  0.196
  0.492,  0.784,  0.210
  0.483,  0.783,  0.205
  0.488,  0.785,  0.218
  0.479,  0.784,  0.214
  0.484,  0.786,  0.226
  0.476,  0.785,  0.223
  0.482,  0.787,  0.235
  0.473,  0.786,  0.232
  0.480,  0.788,  0.244
  0.470,  0.787,  0.242
  0.478,  0.789,  0.253
  0.469,  0.789,  0.251
  0.477,  0.791,  0.262
  0.468,  0.790,  0.261
  0.477,  0.792,  0.271
  0.468,  0.792,  0.271
  0.477,  0.793,  0.280
  0.468,  0.793,  0.281
  0.478,  0.795,  0.289
  0.469,  0.794,  0.291
  0.480,  0.796,  0.299
  0.471,  0.796,  0.301
  0.482,  0.797,  0.307
  0.473,  0.797,  0.310
  0.485,  0.799,  0.316
  0.476,  0.799,  0.320
  0.488,  0.800,  0.325
  0.480,  0.800,  0.329
  0.492,  0.802,  0.333
  0.484,  0.802,  0.338
  0.496,  0.803,  0.341
  0.489,  0.803,  0.346
  0.501,  0.804,  0.348
  0.494,  0.805,  0.354
  0.507,  0.805,  0.356
  0.500,  0.806,  0.362
  0.513,  0.807,  0.362
  0.506,  0.807,  0.369
  0.519,  0.808,  0.369
  0.513,  0.809,  0.376
  0.526,  0.809,  0.375
  0.520,  0.810,  0.382
  0.533,  0.810,  0.380
  0.528,  0.811,  0.388
  0.540,  0.811,  0.385
  0.536,  0.812,  0.393
  0.548,  0.812,  0.389
  0.544,  0.813,  0.398
  0.556,  0.813,  0.392
  0.553,  0.814,  0.402
  0.564,  0.814,  0.395
  0.562,  0.815,  0.405
  0.572,  0.815,  0.398
  0.571,  0.816,  0.407
  0.581,  0.815,  0.399
  0.580,  0.817,  0.409
  0.590,  0.816,  0.401
  0.589,  0.817,  0.410
  0.598,  0.816,  0.401
  0.598,  0.818,  0.411
  0.607,  0.817,  0.401
  0.607,  0.818,  0.411
  0.615,  0.817,  0.400
  0.617,  0.818,  0.410
  0.624,  0.817,  0.398
  0.626,  0.819,  0.408
  0.632,  0.817,  0.396
  0.635,  0.819,  0.406
  0.640,  0.817,  0.393
  0.644,  0.819,  0.403
  0.648,  0.817,  0.390
  0.652,  0.819,  0.399
  0.656,  0.817,  0.386
  0.661,  0.818,  0.395
  0.663,  0.817,  0.381
  0.669,  0.818,  0.390
  0.671,  0.816,  0.376
  0.676,  0.818,  0.384
  0.677,  0.816,  0.370
  0.683,  0.817,  0.378
  0.684,  0.815,  0.364
  0.690,  0.816,  0.371
  0.689,  0.814,  0.358
  0.696,  0.816,  0.364
  0.695,  0.814,  0.351
  0.702,  0.815,  0.357
  0.700,  0.813,  0.343
  0.708,  0.814,  0.348
  0.704,  0.812,  0.335
  0.712,  0.813,  0.340
  0.708,  0.811,  0.327
  0.716,  0.812,  0.331
  0.711,  0.810,  0.319
  0.720,  0.811,  0.322
  0.714,  0.809,  0.310
  0.723,  0.810,  0.313
  0.716,  0.808,  0.301
  0.725,  0.808,  0.303
  0.717,  0.806,  0.292
  0.727,  0.807,  0.294
  0.718,  0.805,  0.283
  0.728,  0.806,  0.284
  0.719,  0.804,  0.274
  0.728,  0.804,  0.274
  0.718,  0.803,  0.265
  0.728,  0.803,  0.264
  0.717,  0.801,  0.255
  0.727,  0.801,  0.254
  0.716,  0.800,  0.246
  0.725,  0.800,  0.244
  0.714,  0.798,  0.238
  0.723,  0.798,  0.235
  0.711,  0.797,  0.229
  0.720,  0.797,  0.225
  0.708,  0.796,  0.220
  0.716,  0.795,  0.216
  0.704,  0.794,  0.212
  0.712,  0.794,  0.207
  0.699,  0.793,  0.204
  0.707,  0.793,  0.199
  0.694,  0.792,  0.197
  0.702,  0.791,  0.191
  0.689,  0.790,  0.189
  0.696,  0.790,  0.183
  0.683,  0.789,  0.183
  0.690,  0.788,  0.176
  0.677,  0.788,  0.176
  0.683,  0.787,  0.169
  0.670,  0.787,  0.170
  0.675,  0.786,  0.163
  0.663,  0.786,  0.165
  0.668,  0.785,  0.157
  0.655,  0.785,  0.160
  0.660,  0.784,  0.152
  0.648,  0.784,  0.156
  0.651,  0.783,  0.147
  0.640,  0.783,  0.153
  0.643,  0.782,  0.143
  0.631,  0.782,  0.150
  0.634,  0.781,  0.140
  0.623,  0.781,  0.147
  0.625,  0.780,  0.138
  0.615,  0.781,  0.145
  0.616,  0.779,  0.136
  0.606,  0.780,  0.144
  0.607,  0.779,  0.135
  0.597,  0.780,  0.144
  0.597,  0.778,  0.134
  0.589,  0.779,  0.144
  0.588,  0.778,  0.134
  0.579,  0.789,  0.144
  0.577,  0.787,  0.134
  0.570,  0.789,  0.145
  0.568,  0.787,  0.136
  0.562,  0.789,  0.147
  0.559,  0.787,  0.138
  0.554,  0.789,  0.150
  0.550,  0.788,  0.141
  0.546,  0.789,  0.154
  0.542,  0.788,  0.145
  0.538,  0.790,  0.158
  0.533,  0.789,  0.149
  0.530,  0.790,  0.162
  0.525,  0.789,  0.154
  0.523,  0.791,  0.167
  0.518,  0.790,  0.159
  0.517,  0.792,  0.173
  0.510,  0.790,  0.165
  0.510,  0.792,  0.179
  0.504,  0.791,  0.172
  0.504,  0.793,  0.186
  0.497,  0.792,  0.179
  0.499,  0.794,  0.193
  0.491,  0.793,  0.187
  0.494,  0.795,  0.200
  0.486,  0.794,  0.195
  0.490,  0.796,  0.208
  0.481,  0.795,  0.203
  0.486,  0.797,  0.216
  0.477,  0.797,  0.212
  0.482,  0.799,  0.225
  0.474,  0.798,  0.221
  0.480,  0.800,  0.233
  0.471,  0.799,  0.230
  0.478,  0.801,  0.242
  0.468,  0.801,  0.240
  0.476,  0.802,  0.251
  0.467,  0.802,  0.250
  0.475,  0.804,  0.260
  0.466,  0.803,  0.260
  0.475,  0.805,  0.270
  0.466,  0.805,  0.269
  0.475,  0.806,  0.279
  0.466,  0.806,  0.279
  0.476,  0.808,  0.288
  0.467,  0.808,  0.289
  0.478,  0.809,  0.297
  0.469,  0.809,  0.299
  0.480,  0.810,  0.306
  0.471,  0.811,  0.308
  0.483,  0.812,  0.315
  0.474,  0.812,  0.318
  0.486,  0.813,  0.323
  0.477,  0.813,  0.327
  0.490,  0.814,  0.331
  0.482,  0.815,  0.336
  0.494,  0.816,  0.339
  0.486,  0.816,  0.344
  0.499,  0.817,  0.347
  0.492,  0.818,  0.353
  0.505,  0.818,  0.354
  0.498,  0.819,  0.360
  0.511,  0.819,  0.361
  0.504,  0.820,  0.368
  0.517,  0.820,  0.367
  0.511,  0.821,  0.375
  0.524,  0.821,  0.373
  0.518,  0.822,  0.381
  0.531,  0.822,  0.378
  0.526,  0.823,  0.387
  0.538,  0.823,  0.383
  0.534,  0.824,  0.392
  0.546,  0.824,  0.387
  0.542,  0.825,  0.396
  0.554,  0.824,  0.391
  0.551,  0.826,  0.400
  0.562,  0.825,  0.394
  0.560,  0.826,  0.403
  0.571,  0.826,  0.396
  0.569,  0.827,  0.406
  0.579,  0.826,  0.398
  0.578,  0.827,  0.408
  0.588,  0.826,  0.399
  0.587,  0.828,  0.409
  0.597,  0.827,  0.400
  0.597,  0.828,  0.410
  0.605,  0.827,  0.399
  0.606,  0.828,  0.409
  0.614,  0.827,  0.399
  0.615,  0.828,  0.408
  0.622,  0.827,  0.397
  0.624,  0.828,  0.407
  0.631,  0.827,  0.395
  0.633,  0.828,  0.404
  0.639,  0.826,  0.392
  0.642,  0.828,  0.401
  0.647,  0.826,  0.389
  0.651,  0.827,  0.398
  0.655,  0.826,  0.385
  0.659,  0.827,  0.394
  0.662,  0.825,  0.380
  0.667,  0.826,  0.389
  0.669,  0.824,  0.375
  0.675,  0.826,  0.383
  0.676,  0.824,  0.369
  0.682,  0.825,  0.377
  0.682,  0.823,  0.363
  0.689,  0.824,  0.370
  0.688,  0.822,  0.357
  0.695,  0.823,  0.363
  0.694,  0.821,  0.350
  0.701,  0.822,  0.356
  0.699,  0.820,  0.342
  0.706,  0.821,  0.348
  0.703,  0.819,  0.334
  0.711,  0.820,  0.339
  0.707,  0.818,  0.326
  0.715,  0.819,  0.330
  0.710,  0.817,  0.318
  0.719,  0.818,  0.321
  0.713,  0.816,  0.309
  0.722,  0.816,  0.312
  0.715,  0.814,  0.300
  0.724,  0.815,  0.302
  0.716,  0.813,  0.291
  0.726,  0.813,  0.293
  0.717,  0.812,  0.282
  0.727,  0.812,  0.283
  0.718,  0.810,  0.273
  0.727,  0.811,  0.273
  0.717,  0.809,  0.264
  0.727,  0.809,  0.263
  0.716,  0.808,  0.255
  0.726,  0.808,  0.253
  0.715,  0.806,  0.246
  0.724,  0.806,  0.244
  0.713,  0.805,  0.237
  0.722,  0.805,  0.234
  0.710,  0.804,  0.228
  0.719,  0.803,  0.225
  0.707,  0.802,  0.219
  0.715,  0.802,  0.215
  0.703,  0.801,  0.211
  0.711,  0.801,  0.207
  0.698,  0.800,  0.203
  0.706,  0.799,  0.198
  0.693,  0.799,  0.196
  0.701,  0.798,  0.190
  0.688,  0.797,  0.188
  0.695,  0.797,  0.182
  0.682,  0.796,  0.182
  0.688,  0.795,  0.175
  0.675,  0.795,  0.175
  0.682,  0.794,  0.168
  0.669,  0.794,  0.169
  0.674,  0.793,  0.162
  0.662,  0.793,  0.164
  0.667,  0.792,  0.156
  0.654,  0.792,  0.159
  0.659,  0.791,  0.151
  0.646,  0.792,  0.155
  0.650,  0.790,  0.146
  0.638,  0.791,  0.151
  0.642,  0.790,  0.142
  0.630,  0.790,  0.148
  0.633,  0.789,  0.139
  0.622,  0.790,  0.146
  0.624,  0.789,  0.136
  0.613,  0.789,  0.144
  0.614,  0.788,  0.135
  0.605,  0.789,  0.143
  0.605,  0.788,  0.133
  0.596,  0.789,  0.143
  0.596,  0.787,  0.133
  0.587,  0.789,  0.143
  0.587,  0.787,  0.133
  0.577,  0.798,  0.143
  0.576,  0.797,  0.133
  0.569,  0.799,  0.144
  0.567,  0.797,  0.134
  0.560,  0.799,  0.146
  0.557,  0.798,  0.137
  0.552,  0.800,  0.149
  0.549,  0.798,  0.140
  0.544,  0.800,  0.152
  0.540,  0.799,  0.143
  0.536,  0.801,  0.156
  0.532,  0.800,  0.148
  0.529,  0.802,  0.161
  0.523,  0.800,  0.152
  0.521,  0.802,  0.166
  0.516,  0.801,  0.158
  0.515,  0.803,  0.172
  0.509,  0.802,  0.164
  0.508,  0.804,  0.178
  0.502,  0.803,  0.171
  0.502,  0.805,  0.184
  0.495,  0.804,  0.178
  0.497,  0.806,  0.191
  0.489,  0.805,  0.185
  0.492,  0.808,  0.199
  0.484,  0.807,  0.193
  0.488,  0.809,  0.207
  0.479,  0.808,  0.202
  0.484,  0.810,  0.215
  0.475,  0.809,  0.210
  0.480,  0.811,  0.223
  0.472,  0.811,  0.220
  0.478,  0.813,  0.232
  0.469,  0.812,  0.229
  0.476,  0.814,  0.241
  0.466,  0.814,  0.238
  0.474,  0.815,  0.250
  0.465,  0.815,  0.248
  0.473,  0.817,  0.259
  0.464,  0.817,  0.258
  0.473,  0.818,  0.268
  0.463,  0.818,  0.268
  0.473,  0.819,  0.277
  0.464,  0.820,  0.278
  0.474,  0.821,  0.286
  0.465,  0.821,  0.287
  0.476,  0.822,  0.295
  0.466,  0.822,  0.297
  0.478,  0.823,  0.304
  0.469,  0.824,  0.307
  0.481,  0.825,  0.313
  0.472,  0.825,  0.316
  0.484,  0.826,  0.321
  0.475,  0.827,  0.325
  0.488,  0.827,  0.330
  0.480,  0.828,  0.334
  0.492,  0.828,  0.338
  0.484,  0.829,  0.343
  0.497,  0.829,  0.345
  0.490,  0.830,  0.351
  0.503,  0.831,  0.352
  0.496,  0.832,  0.359
  0.509,  0.832,  0.359
  0.502,  0.833,  0.366
  0.515,  0.832,  0.366
  0.509,  0.834,  0.373
  0.522,  0.833,  0.371
  0.516,  0.834,  0.379
  0.529,  0.834,  0.377
  0.524,  0.835,  0.385
  0.536,  0.835,  0.382
  0.532,  0.836,  0.390
  0.544,  0.835,  0.386
  0.540,  0.837,  0.395
  0.552,  0.836,  0.390
  0.549,  0.837,  0.399
  0.561,  0.836,  0.393
  0.558,  0.838,  0.402
  0.569,  0.836,  0.395
  0.567,  0.838,  0.405
  0.578,  0.837,  0.397
  0.576,  0.838,  0.407
  0.586,  0.837,  0.398
  0.586,  0.838,  0.408
  0.595,  0.837,  0.398
  0.595,  0.838,  0.408
  0.604,  0.837,  0.398
  0.604,  0.838,  0.408
  0.612,  0.837,  0.397
  0.614,  0.838,  0.407
  0.621,  0.836,  0.396
  0.623,  0.838,  0.406
  0.629,  0.836,  0.394
  0.632,  0.837,  0.403
  0.638,  0.835,  0.391
  0.641,  0.837,  0.400
  0.646,  0.835,  0.388
  0.649,  0.836,  0.397
  0.653,  0.834,  0.384
  0.658,  0.836,  0.392
  0.661,  0.833,  0.379
  0.666,  0.835,  0.388
  0.668,  0.833,  0.374
  0.674,  0.834,  0.382
  0.675,  0.832,  0.368
  0.681,  0.833,  0.376
  0.681,  0.831,  0.362
  0.688,  0.832,  0.369
  0.687,  0.830,  0.356
  0.694,  0.831,  0.362
  0.692,  0.829,  0.349
  0.700,  0.830,  0.355
  0.697,  0.828,  0.341
  0.705,  0.828,  0.347
  0.702,  0.826,  0.333
  0.710,  0.827,  0.338
  0.706,  0.825,  0.325
  0.714,  0.826,  0.330
  0.709,  0.824,  0.317
  0.718,  0.824,  0.320
  0.712,  0.822,  0.308
  0.721,  0.823,  0.311
  0.714,  0.821,  0.299
  0.723,  0.821,  0.302
  0.715,  0.820,  0.290
  0.725,  0.820,  0.292
  0.716,  0.818,  0.281
  0.726,  0.818,  0.282
  0.717,  0.817,  0.272
  0.726,  0.817,  0.272
  0.716,  0.816,  0.263
  0.726,  0.815,  0.262
  0.715,  0.814,  0.254
  0.725,  0.814,  0.253
  0.714,  0.813,  0.245
  0.723,  0.813,  0.243
  0.712,  0.812,  0.236
  0.721,  0.811,  0.233
  0.709,  0.810,  0.227
  0.718,  0.810,  0.224
  0.705,  0.809,  0.219
  0.714,  0.808,  0.215
  0.702,  0.808,  0.210
  0.710,  0.807,  0.206
  0.697,  0.807,  0.202
  0.705,  0.806,  0.197
  0.692,  0.806,  0.195
  0.700,  0.805,  0.189
  0.687,  0.804,  0.188
  0.694,  0.803,  0.181
  0.681,  0.804,  0.181
  0.687,  0.802,  0.174
  0.674,  0.803,  0.174
  0.680,  0.801,  0.167
  0.668,  0.802,  0.168
  0.673,  0.801,  0.161
  0.660,  0.801,  0.163
  0.665,  0.800,  0.155
  0.653,  0.800,  0.158
  0.657,  0.799,  0.150
  0.645,  0.800,  0.154
  0.649,  0.798,  0.145
  0.637,  0.799,  0.150
  0.640,  0.798,  0.141
  0.629,  0.799,  0.147
  0.631,  0.797,  0.138
  0.620,  0.799,  0.145
  0.622,  0.797,  0.135
  0.612,  0.798,  0.143
  0.613,  0.797,  0.133
  0.603,  0.798,  0.142
  0.604,  0.797,  0.132
  0.594,  0.798,  0.142
  0.594,  0.797,  0.132
  0.586,  0.798,  0.142
  0.585,  0.797,  0.132
  0.576,  0.808,  0.141
  0.574,  0.807,  0.132
  0.567,  0.809,  0.143
  0.565,  0.807,  0.133
  0.558,  0.809,  0.145
  0.556,  0.808,  0.135
  0.550,  0.810,  0.148
  0.547,  0.809,  0.138
  0.542,  0.811,  0.151
  0.538,  0.810,  0.142
  0.534,  0.812,  0.155
  0.530,  0.811,  0.146
  0.527,  0.813,  0.159
  0.522,  0.812,  0.151
  0.520,  0.814,  0.164
  0.514,  0.813,  0.156
  0.513,  0.815,  0.170
  0.507,  0.814,  0.162
  0.506,  0.816,  0.176
  0.500,  0.815,  0.169
  0.501,  0.817,  0.183
  0.493,  0.816,  0.176
  0.495,  0.818,  0.190
  0.487,  0.818,  0.184
  0.490,  0.820,  0.197
  0.482,  0.819,  0.192
  0.486,  0.821,  0.205
  0.477,  0.821,  0.200
  0.482,  0.822,  0.213
  0.473,  0.822,  0.209
  0.478,  0.824,  0.222
  0.470,  0.824,  0.218
  0.476,  0.825,  0.230
  0.467,  0.825,  0.227
  0.473,  0.827,  0.239
  0.464,  0.827,  0.237
  0.472,  0.828,  0.248
  0.463,  0.828,  0.246
  0.471,  0.830,  0.257
  0.462,  0.830,  0.256
  0.471,  0.831,  0.266
  0.461,  0.831,  0.266
  0.471,  0.832,  0.275
  0.462,  0.833,  0.276
  0.472,  0.834,  0.284
  0.463,  0.834,  0.286
  0.474,  0.835,  0.294
  0.464,  0.836,  0.295
  0.476,  0.836,  0.302
  0.467,  0.837,  0.305
  0.478,  0.838,  0.311
  0.470,  0.839,  0.314
  0.482,  0.839,  0.320
  0.473,  0.840,  0.324
  0.486,  0.840,  0.328
  0.478,  0.841,  0.333
  0.490,  0.841,  0.336
  0.482,  0.842,  0.341
  0.495,  0.842,  0.344
  0.488,  0.843,  0.349
  0.501,  0.843,  0.351
  0.494,  0.844,  0.357
  0.507,  0.844,  0.358
  0.500,  0.845,  0.365
  0.513,  0.845,  0.364
  0.507,  0.846,  0.371
  0.520,  0.845,  0.370
  0.514,  0.847,  0.378
  0.527,  0.846,  0.375
  0.522,  0.847,  0.384
  0.535,  0.846,  0.380
  0.530,  0.848,  0.389
  0.542,  0.847,  0.384
  0.539,  0.848,  0.393
  0.551,  0.847,  0.388
  0.547,  0.849,  0.397
  0.559,  0.847,  0.391
  0.556,  0.849,  0.401
  0.567,  0.847,  0.394
  0.565,  0.849,  0.403
  0.576,  0.847,  0.395
  0.575,  0.849,  0.405
  0.585,  0.847,  0.397
  0.584,  0.849,  0.406
  0.593,  0.847,  0.397
  0.593,  0.849,  0.407
  0.602,  0.847,  0.397
  0.603,  0.848,  0.407
  0.611,  0.846,  0.396
  0.612,  0.848,  0.406
  0.619,  0.846,  0.395
  0.621,  0.847,  0.404
  0.628,  0.845,  0.393
  0.630,  0.847,  0.402
  0.636,  0.845,  0.390
  0.639,  0.846,  0.399
  0.644,  0.844,  0.387
  0.648,  0.845,  0.396
  0.652,  0.843,  0.383
  0.656,  0.844,  0.391
  0.659,  0.842,  0.378
  0.665,  0.843,  0.386
  0.667,  0.841,  0.373
  0.672,  0.842,  0.381
  0.673,  0.840,  0.367
  0.680,  0.841,  0.375
  0.680,  0.839,  0.361
  0.686,  0.840,  0.368
  0.686,  0.837,  0.355
  0.693,  0.838,  0.361
  0.691,  0.836,  0.348
  0.699,  0.837,  0.354
  0.696,  0.835,  0.340
  0.704,  0.835,  0.346
  0.701,  0.834,  0.332
  0.709,  0.834,  0.337
  0.705,  0.832,  0.324
  0.713,  0.833,  0.329
  0.708,  0.831,  0.316
  0.717,  0.831,  0.320
  0.711,  0.829,  0.307
  0.720,  0.829,  0.310
  0.713,  0.828,  0.298
  0.722,  0.828,  0.301
  0.714,  0.826,  0.290
  0.724,  0.826,  0.291
  0.715,  0.825,  0.280
  0.725,  0.825,  0.281
  0.716,  0.824,  0.271
  0.725,  0.823,  0.271
  0.715,  0.822,  0.262
  0.725,  0.822,  0.262
  0.714,  0.821,  0.253
  0.724,  0.820,  0.252
  0.713,  0.819,  0.244
  0.722,  0.819,  0.242
  0.711,  0.818,  0.235
  0.720,  0.817,  0.232
  0.708,  0.817,  0.226
  0.717,  0.816,  0.223
  0.704,  0.816,  0.218
  0.713,  0.815,  0.214
  0.700,  0.815,  0.209
  0.709,  0.814,  0.205
  0.696,  0.813,  0.201
  0.704,  0.812,  0.196
  0.691,  0.812,  0.194
  0.699,  0.811,  0.188
  0.686,  0.812,  0.187
  0.693,  0.810,  0.180
  0.680,  0.811,  0.180
  0.686,  0.809,  0.173
  0.673,  0.810,  0.173
  0.679,  0.809,  0.166
  0.666,  0.809,  0.168
  0.672,  0.808,  0.160
  0.659,  0.809,  0.162
  0.664,  0.807,  0.154
  0.652,  0.808,  0.157
  0.656,  0.807,  0.149
  0.644,  0.808,  0.153
  0.648,  0.806,  0.144
  0.636,  0.807,  0.149
  0.639,  0.806,  0.140
  0.627,  0.807,  0.146
  0.630,  0.806,  0.137
  0.619,  0.807,  0.144
  0.621,  0.806,  0.134
  0.610,  0.807,  0.142
  0.612,  0.806,  0.132
  0.602,  0.807,  0.141
  0.602,  0.806,  0.131
  0.593,  0.808,  0.140
  0.593,  0.806,  0.131
  0.584,  0.808,  0.141
  0.584,  0.806,  0.131
  0.574,  0.818,  0.140
  0.573,  0.817,  0.130
  0.565,  0.819,  0.142
  0.563,  0.817,  0.132
  0.557,  0.820,  0.144
  0.554,  0.818,  0.134
  0.549,  0.821,  0.146
  0.545,  0.819,  0.137
  0.540,  0.822,  0.150
  0.536,  0.820,  0.141
  0.533,  0.823,  0.153
  0.528,  0.822,  0.145
  0.525,  0.824,  0.158
  0.520,  0.823,  0.150
  0.518,  0.825,  0.163
  0.512,  0.824,  0.155
  0.511,  0.826,  0.169
  0.505,  0.826,  0.161
  0.505,  0.828,  0.175
  0.498,  0.827,  0.168
  0.499,  0.829,  0.181
  0.491,  0.828,  0.175
  0.493,  0.831,  0.188
  0.486,  0.830,  0.182
  0.488,  0.832,  0.196
  0.480,  0.832,  0.190
  0.484,  0.834,  0.203
  0.475,  0.833,  0.198
  0.480,  0.835,  0.212
  0.471,  0.835,  0.207
  0.476,  0.837,  0.220
  0.468,  0.837,  0.216
  0.474,  0.838,  0.229
  0.465,  0.838,  0.226
  0.471,  0.840,  0.237
  0.462,  0.840,  0.235
  0.470,  0.841,  0.246
  0.461,  0.841,  0.245
  0.469,  0.843,  0.255
  0.460,  0.843,  0.254
  0.469,  0.844,  0.265
  0.459,  0.845,  0.264
  0.469,  0.845,  0.274
  0.460,  0.846,  0.274
  0.470,  0.847,  0.283
  0.461,  0.848,  0.284
  0.471,  0.848,  0.292
  0.462,  0.849,  0.294
  0.474,  0.849,  0.301
  0.465,  0.850,  0.303
  0.476,  0.851,  0.310
  0.468,  0.852,  0.313
  0.480,  0.852,  0.318
  0.471,  0.853,  0.322
  0.484,  0.853,  0.326
  0.475,  0.854,  0.331
  0.488,  0.854,  0.334
  0.480,  0.855,  0.339
  0.493,  0.855,  0.342
  0.486,  0.856,  0.348
  0.499,  0.856,  0.349
  0.492,  0.857,  0.356
  0.505,  0.856,  0.356
  0.498,  0.858,  0.363
  0.511,  0.857,  0.362
  0.505,  0.858,  0.370
  0.518,  0.857,  0.368
  0.512,  0.859,  0.376
  0.525,  0.858,  0.374
  0.520,  0.859,  0.382
  0.533,  0.858,  0.379
  0.528,  0.860,  0.387
  0.541,  0.858,  0.383
  0.537,  0.860,  0.392
  0.549,  0.858,  0.387
  0.545,  0.860,  0.396
  0.557,  0.858,  0.390
  0.554,  0.860,  0.399
  0.566,  0.858,  0.392
  0.564,  0.860,  0.402
  0.574,  0.858,  0.394
  0.573,  0.860,  0.404
  0.583,  0.858,  0.395
  0.582,  0.859,  0.405
  0.592,  0.857,  0.396
  0.592,  0.859,  0.406
  0.600,  0.857,  0.396
  0.601,  0.858,  0.405
  0.609,  0.856,  0.395
  0.611,  0.858,  0.405
  0.618,  0.855,  0.393
  0.620,  0.857,  0.403
  0.626,  0.855,  0.391
  0.629,  0.856,  0.401
  0.635,  0.854,  0.389
  0.638,  0.855,  0.398
  0.643,  0.853,  0.385
  0.647,  0.854,  0.394
  0.651,  0.852,  0.381
  0.655,  0.853,  0.390
  0.658,  0.850,  0.377
  0.663,  0.851,  0.385
  0.665,  0.849,  0.372
  0.671,  0.850,  0.380
  0.672,  0.848,  0.366
  0.678,  0.849,  0.374
  0.679,  0.847,  0.360
  0.685,  0.847,  0.367
  0.685,  0.845,  0.354
  0.692,  0.846,  0.360
  0.690,  0.844,  0.347
  0.698,  0.844,  0.353
  0.695,  0.842,  0.339
  0.703,  0.843,  0.345
  0.699,  0.841,  0.332
  0.708,  0.841,  0.336
  0.703,  0.839,  0.323
  0.712,  0.839,  0.328
  0.707,  0.838,  0.315
  0.716,  0.838,  0.319
  0.710,  0.836,  0.306
  0.719,  0.836,  0.309
  0.712,  0.835,  0.298
  0.721,  0.834,  0.300
  0.713,  0.833,  0.289
  0.723,  0.833,  0.290
  0.714,  0.832,  0.280
  0.724,  0.831,  0.281
  0.714,  0.830,  0.270
  0.724,  0.830,  0.271
  0.714,  0.829,  0.261
  0.724,  0.828,  0.261
  0.713,  0.827,  0.252
  0.723,  0.827,  0.251
  0.712,  0.826,  0.243
  0.721,  0.825,  0.241
  0.709,  0.825,  0.234
  0.719,  0.824,  0.232
  0.707,  0.824,  0.225
  0.716,  0.822,  0.222
  0.703,  0.822,  0.217
  0.712,  0.821,  0.213
  0.699,  0.821,  0.209
  0.708,  0.820,  0.204
  0.695,  0.820,  0.201
  0.703,  0.819,  0.195
  0.690,  0.819,  0.193
  0.697,  0.818,  0.187
  0.684,  0.819,  0.186
  0.692,  0.817,  0.179
  0.678,  0.818,  0.179
  0.685,  0.816,  0.172
  0.672,  0.817,  0.172
  0.678,  0.816,  0.165
  0.665,  0.817,  0.167
  0.671,  0.815,  0.159
  0.658,  0.816,  0.161
  0.663,  0.815,  0.153
  0.650,  0.816,  0.156
  0.655,  0.814,  0.148
  0.643,  0.816,  0.152
  0.646,  0.814,  0.143
  0.634,  0.816,  0.148
  0.638,  0.814,  0.139
  0.626,  0.816,  0.145
  0.629,  0.814,  0.136
  0.618,  0.816,  0.143
  0.620,  0.814,  0.133
  0.609,  0.816,  0.141
  0.610,  0.814,  0.131
  0.600,  0.816,  0.140
  0.601,  0.815,  0.130
  0.591,  0.817,  0.139
  0.591,  0.815,  0.129
  0.583,  0.817,  0.139
  0.582,  0.816,  0.129
  0.572,  0.828,  0.139
  0.571,  0.826,  0.129
  0.564,  0.829,  0.140
  0.562,  0.827,  0.131
  0.555,  0.830,  0.142
  0.553,  0.829,  0.133
  0.547,  0.831,  0.145
  0.544,  0.830,  0.136
  0.539,  0.832,  0.148
  0.535,  0.831,  0.139
  0.531,  0.834,  0.152
  0.526,  0.833,  0.143
  0.523,  0.835,  0.157
  0.518,  0.834,  0.148
  0.516,  0.836,  0.162
  0.510,  0.836,  0.154
  0.509,  0.838,  0.167
  0.503,  0.837,  0.160
  0.503,  0.839,  0.173
  0.496,  0.839,  0.166
  0.497,  0.841,  0.180
  0.490,  0.841,  0.173
  0.491,  0.843,  0.187
  0.484,  0.842,  0.181
  0.486,  0.844,  0.194
  0.478,  0.844,  0.189
  0.482,  0.846,  0.202
  0.473,  0.846,  0.197
  0.478,  0.848,  0.210
  0.469,  0.848,  0.206
  0.474,  0.849,  0.218
  0.465,  0.849,  0.215
  0.472,  0.851,  0.227
  0.462,  0.851,  0.224
  0.469,  0.852,  0.236
  0.460,  0.853,  0.233
  0.468,  0.854,  0.245
  0.458,  0.855,  0.243
  0.467,  0.856,  0.254
  0.457,  0.856,  0.253
  0.467,  0.857,  0.263
  0.457,  0.858,  0.263
  0.467,  0.859,  0.272
  0.457,  0.859,  0.272
  0.468,  0.860,  0.281
  0.458,  0.861,  0.282
  0.469,  0.861,  0.290
  0.460,  0.862,  0.292
  0.472,  0.862,  0.299
  0.462,  0.864,  0.302
  0.474,  0.864,  0.308
  0.465,  0.865,  0.311
  0.478,  0.865,  0.316
  0.469,  0.866,  0.320
  0.482,  0.866,  0.325
  0.473,  0.867,  0.329
  0.486,  0.867,  0.333
  0.478,  0.868,  0.338
  0.491,  0.867,  0.340
  0.484,  0.869,  0.346
  0.497,  0.868,  0.348
  0.490,  0.870,  0.354
  0.503,  0.869,  0.355
  0.496,  0.870,  0.361
  0.509,  0.869,  0.361
  0.503,  0.871,  0.368
  0.516,  0.870,  0.367
  0.510,  0.871,  0.375
  0.523,  0.870,  0.372
  0.518,  0.872,  0.380
  0.531,  0.870,  0.377
  0.526,  0.872,  0.386
  0.539,  0.870,  0.381
  0.535,  0.872,  0.390
  0.547,  0.870,  0.385
  0.544,  0.872,  0.394
  0.555,  0.870,  0.388
  0.553,  0.871,  0.398
  0.564,  0.869,  0.391
  0.562,  0.871,  0.400
  0.572,  0.869,  0.393
  0.571,  0.871,  0.402
  0.581,  0.868,  0.394
  0.581,  0.870,  0.404
  0.590,  0.868,  0.394
  0.590,  0.869,  0.404
  0.599,  0.867,  0.394
  0.600,  0.868,  0.404
  0.608,  0.866,  0.394
  0.609,  0.867,  0.403
  0.616,  0.865,  0.392
  0.618,  0.866,  0.402
  0.625,  0.864,  0.390
  0.627,  0.865,  0.400
  0.633,  0.863,  0.388
  0.636,  0.864,  0.397
  0.641,  0.862,  0.384
  0.645,  0.863,  0.393
  0.649,  0.860,  0.380
  0.654,  0.861,  0.389
  0.657,  0.859,  0.376
  0.662,  0.860,  0.384
  0.664,  0.857,  0.371
  0.670,  0.858,  0.379
  0.671,  0.856,  0.365
  0.677,  0.857,  0.373
  0.677,  0.854,  0.359
  0.684,  0.855,  0.366
  0.683,  0.853,  0.353
  0.690,  0.853,  0.359
  0.689,  0.851,  0.346
  0.696,  0.852,  0.352
  0.694,  0.850,  0.338
  0.702,  0.850,  0.344
  0.698,  0.848,  0.331
  0.707,  0.848,  0.336
  0.702,  0.846,  0.323
  0.711,  0.846,  0.327
  0.706,  0.845,  0.314
  0.715,  0.844,  0.318
  0.708,  0.843,  0.306
  0.718,  0.843,  0.309
  0.711,  0.841,  0.297
  0.720,  0.841,  0.299
  0.712,  0.840,  0.288
  0.722,  0.839,  0.289
  0.713,  0.838,  0.279
  0.723,  0.838,  0.280
  0.713,  0.837,  0.270
  0.723,  0.836,  0.270
  0.713,  0.835,  0.260
  0.723,  0.834,  0.260
  0.712,  0.834,  0.251
  0.722,  0.833,  0.250
  0.711,  0.833,  0.242
  0.720,  0.831,  0.240
  0.708,  0.831,  0.233
  0.718,  0.830,  0.231
  0.706,  0.830,  0.225
  0.715,  0.829,  0.221
  0.702,  0.829,  0.216
  0.711,  0.828,  0.212
  0.698,  0.828,  0.208
  0.707,  0.827,  0.203
  0.694,  0.827,  0.200
  0.702,  0.826,  0.195
  0.689,  0.826,  0.192
  0.696,  0.825,  0.186
  0.683,  0.826,  0.185
  0.690,  0.824,  0.179
  0.677,  0.825,  0.178
  0.684,  0.823,  0.171
  0.671,  0.825,  0.172
  0.677,  0.823,  0.164
  0.664,  0.824,  0.166
  0.670,  0.823,  0.158
  0.657,  0.824,  0.160
  0.662,  0.822,  0.152
  0.649,  0.824,  0.155
  0.654,  0.822,  0.147
  0.641,  0.824,  0.151
  0.645,  0.822,  0.142
  0.633,  0.824,  0.147
  0.636,  0.822,  0.138
  0.625,  0.824,  0.144
  0.627,  0.822,  0.135
  0.616,  0.825,  0.142
  0.618,  0.823,  0.132
  0.608,  0.825,  0.140
  0.609,  0.823,  0.130
  0.599,  0.826,  0.139
  0.599,  0.824,  0.129
  0.590,  0.826,  0.138
  0.590,  0.825,  0.128
  0.581,  0.827,  0.138
  0.581,  0.825,  0.128
  0.571,  0.838,  0.138
  0.570,  0.836,  0.128
  0.562,  0.839,  0.139
  0.560,  0.838,  0.129
  0.554,  0.840,  0.141
  0.551,  0.839,  0.131
  0.545,  0.842,  0.144
  0.542,  0.840,  0.134
  0.537,  0.843,  0.147
  0.533,  0.842,  0.138
  0.529,  0.845,  0.151
  0.525,  0.844,  0.142
  0.522,  0.846,  0.155
  0.516,  0.845,  0.147
  0.514,  0.848,  0.160
  0.509,  0.847,  0.152
  0.507,  0.849,  0.166
  0.501,  0.849,  0.158
  0.501,  0.851,  0.172
  0.494,  0.851,  0.165
  0.495,  0.853,  0.178
  0.488,  0.853,  0.172
  0.489,  0.855,  0.185
  0.482,  0.855,  0.179
  0.484,  0.857,  0.193
  0.476,  0.857,  0.187
  0.480,  0.858,  0.200
  0.471,  0.858,  0.195
  0.476,  0.860,  0.208
  0.467,  0.860,  0.204
  0.472,  0.862,  0.217
  0.463,  0.862,  0.213
  0.470,  0.864,  0.225
  0.460,  0.864,  0.222
  0.467,  0.865,  0.234
  0.458,  0.866,  0.232
  0.466,  0.867,  0.243
  0.456,  0.868,  0.241
  0.465,  0.869,  0.252
  0.455,  0.869,  0.251
  0.465,  0.870,  0.261
  0.455,  0.871,  0.261
  0.465,  0.872,  0.270
  0.455,  0.873,  0.271
  0.466,  0.873,  0.279
  0.456,  0.874,  0.281
  0.467,  0.874,  0.289
  0.458,  0.876,  0.290
  0.470,  0.876,  0.297
  0.460,  0.877,  0.300
  0.472,  0.877,  0.306
  0.463,  0.878,  0.309
  0.476,  0.878,  0.315
  0.467,  0.879,  0.319
  0.480,  0.879,  0.323
  0.471,  0.880,  0.328
  0.484,  0.879,  0.331
  0.476,  0.881,  0.336
  0.489,  0.880,  0.339
  0.482,  0.882,  0.344
  0.495,  0.881,  0.346
  0.488,  0.883,  0.352
  0.501,  0.881,  0.353
  0.494,  0.883,  0.360
  0.507,  0.881,  0.359
  0.501,  0.883,  0.367
  0.514,  0.882,  0.365
  0.508,  0.884,  0.373
  0.521,  0.882,  0.371
  0.516,  0.884,  0.379
  0.529,  0.882,  0.376
  0.524,  0.884,  0.384
  0.537,  0.882,  0.380
  0.533,  0.883,  0.389
  0.545,  0.881,  0.384
  0.542,  0.883,  0.393
  0.554,  0.881,  0.387
  0.551,  0.883,  0.396
  0.562,  0.880,  0.389
  0.560,  0.882,  0.399
  0.571,  0.880,  0.391
  0.569,  0.881,  0.401
  0.580,  0.879,  0.393
  0.579,  0.880,  0.402
  0.588,  0.878,  0.393
  0.588,  0.879,  0.403
  0.597,  0.877,  0.393
  0.598,  0.878,  0.403
  0.606,  0.876,  0.392
  0.607,  0.877,  0.402
  0.615,  0.875,  0.391
  0.617,  0.876,  0.401
  0.623,  0.873,  0.389
  0.626,  0.875,  0.399
  0.632,  0.872,  0.386
  0.635,  0.873,  0.396
  0.640,  0.870,  0.383
  0.644,  0.871,  0.392
  0.648,  0.869,  0.379
  0.652,  0.870,  0.388
  0.655,  0.867,  0.375
  0.661,  0.868,  0.383
  0.663,  0.866,  0.370
  0.668,  0.866,  0.378
  0.670,  0.864,  0.364
  0.676,  0.864,  0.372
  0.676,  0.862,  0.358
  0.683,  0.863,  0.365
  0.682,  0.860,  0.352
  0.689,  0.861,  0.358
  0.688,  0.859,  0.345
  0.695,  0.859,  0.351
  0.693,  0.857,  0.337
  0.701,  0.857,  0.343
  0.697,  0.855,  0.330
  0.706,  0.855,  0.335
  0.701,  0.853,  0.322
  0.710,  0.853,  0.326
  0.705,  0.852,  0.313
  0.713,  0.851,  0.317
  0.707,  0.850,  0.305
  0.717,  0.849,  0.308
  0.710,  0.848,  0.296
  0.719,  0.847,  0.298
  0.711,  0.846,  0.287
  0.721,  0.846,  0.289
  0.712,  0.845,  0.278
  0.722,  0.844,  0.279
  0.712,  0.843,  0.269
  0.722,  0.842,  0.269
  0.712,  0.842,  0.260
  0.722,  0.841,  0.259
  0.711,  0.840,  0.250
  0.721,  0.839,  0.249
  0.710,  0.839,  0.241
  0.719,  0.838,  0.240
  0.707,  0.838,  0.232
  0.717,  0.836,  0.230
  0.705,  0.837,  0.224
  0.714,  0.835,  0.221
  0.701,  0.836,  0.215
  0.710,  0.834,  0.211
  0.697,  0.835,  0.207
  0.706,  0.833,  0.202
  0.693,  0.834,  0.199
  0.701,  0.832,  0.194
  0.688,  0.833,  0.191
  0.695,  0.832,  0.186
  0.682,  0.833,  0.184
  0.689,  0.831,  0.178
  0.676,  0.832,  0.177
  0.683,  0.830,  0.170
  0.670,  0.832,  0.171
  0.676,  0.830,  0.163
  0.663,  0.832,  0.165
  0.668,  0.830,  0.157
  0.656,  0.832,  0.159
  0.661,  0.830,  0.151
  0.648,  0.832,  0.154
  0.652,  0.830,  0.146
  0.640,  0.832,  0.150
  0.644,  0.830,  0.141
  0.632,  0.832,  0.146
  0.635,  0.830,  0.137
  0.623,  0.833,  0.143
  0.626,  0.831,  0.134
  0.615,  0.833,  0.141
  0.617,  0.831,  0.131
  0.606,  0.834,  0.139
  0.608,  0.832,  0.129
  0.597,  0.835,  0.137
  0.598,  0.833,  0.128
  0.589,  0.836,  0.137
  0.589,  0.834,  0.127
  0.580,  0.837,  0.137
  0.579,  0.835,  0.127
  0.569,  0.847,  0.136
  0.568,  0.846,  0.127
  0.561,  0.849,  0.138
  0.559,  0.848,  0.128
  0.552,  0.850,  0.140
  0.549,  0.849,  0.130
  0.544,  0.852,  0.142
  0.540,  0.851,  0.133
  0.535,  0.854,  0.145
  0.531,  0.853,  0.136
  0.527,  0.855,  0.149
  0.523,  0.855,  0.140
  0.520,  0.857,  0.154
  0.515,  0.857,  0.145
  0.512,  0.859,  0.159
  0.507,  0.859,  0.151
  0.506,  0.861,  0.164
  0.499,  0.861,  0.157
  0.499,  0.863,  0.170
  0.492,  0.863,  0.163
  0.493,  0.865,  0.177
  0.486,  0.865,  0.170
  0.487,  0.867,  0.184
  0.480,  0.867,  0.177
  0.482,  0.869,  0.191
  0.474,  0.869,  0.185
  0.478,  0.871,  0.199
  0.469,  0.871,  0.194
  0.474,  0.873,  0.207
  0.465,  0.873,  0.202
  0.470,  0.875,  0.215
  0.461,  0.875,  0.211
  0.468,  0.876,  0.224
  0.458,  0.877,  0.221
  0.465,  0.878,  0.232
  0.456,  0.879,  0.230
  0.464,  0.880,  0.241
  0.454,  0.881,  0.240
  0.463,  0.882,  0.250
  0.453,  0.883,  0.249
  0.462,  0.883,  0.260
  0.453,  0.884,  0.259
  0.463,  0.885,  0.269
  0.453,  0.886,  0.269
  0.464,  0.886,  0.278
  0.454,  0.888,  0.279
  0.465,  0.887,  0.287
  0.456,  0.889,  0.289
  0.467,  0.889,  0.296
  0.458,  0.890,  0.298
  0.470,  0.890,  0.305
  0.461,  0.891,  0.308
  0.474,  0.891,  0.313
  0.465,  0.892,  0.317
  0.478,  0.891,  0.321
  0.469,  0.893,  0.326
  0.482,  0.892,  0.329
  0.474,  0.894,  0.335
  0.487,  0.893,  0.337
  0.480,  0.895,  0.343
  0.493,  0.893,  0.344
  0.486,  0.895,  0.351
  0.499,  0.894,  0.351
  0.492,  0.896,  0.358
  0.505,  0.894,  0.358
  0.499,  0.896,  0.365
  0.512,  0.894,  0.364
  0.506,  0.896,  0.371
  0.520,  0.894,  0.369
  0.514,  0.896,  0.377
  0.527,  0.893,  0.374
  0.523,  0.896,  0.383
  0.535,  0.893,  0.379
  0.531,  0.895,  0.387
  0.543,  0.893,  0.382
  0.540,  0.895,  0.391
  0.552,  0.892,  0.385
  0.549,  0.894,  0.395
  0.560,  0.891,  0.388
  0.558,  0.893,  0.398
  0.569,  0.890,  0.390
  0.568,  0.892,  0.400
  0.578,  0.889,  0.391
  0.577,  0.891,  0.401
  0.587,  0.888,  0.392
  0.587,  0.890,  0.402
  0.596,  0.887,  0.392
  0.596,  0.888,  0.402
  0.605,  0.886,  0.391
  0.606,  0.887,  0.401
  0.613,  0.884,  0.390
  0.615,  0.885,  0.399
  0.622,  0.883,  0.388
  0.625,  0.884,  0.397
  0.630,  0.881,  0.385
  0.634,  0.882,  0.395
  0.638,  0.879,  0.382
  0.642,  0.880,  0.391
  0.646,  0.878,  0.378
  0.651,  0.878,  0.387
  0.654,  0.876,  0.374
  0.659,  0.876,  0.382
  0.661,  0.874,  0.369
  0.667,  0.874,  0.377
  0.668,  0.872,  0.363
  0.675,  0.872,  0.371
  0.675,  0.870,  0.357
  0.682,  0.870,  0.364
  0.681,  0.868,  0.351
  0.688,  0.868,  0.357
  0.686,  0.866,  0.344
  0.694,  0.866,  0.350
  0.692,  0.864,  0.337
  0.700,  0.864,  0.342
  0.696,  0.862,  0.329
  0.704,  0.862,  0.334
  0.700,  0.860,  0.321
  0.709,  0.860,  0.325
  0.703,  0.859,  0.312
  0.712,  0.858,  0.316
  0.706,  0.857,  0.304
  0.715,  0.856,  0.307
  0.708,  0.855,  0.295
  0.718,  0.854,  0.297
  0.710,  0.853,  0.286
  0.720,  0.852,  0.288
  0.711,  0.852,  0.277
  0.721,  0.850,  0.278
  0.711,  0.850,  0.268
  0.721,  0.849,  0.268
  0.711,  0.848,  0.259
  0.721,  0.847,  0.258
  0.710,  0.847,  0.250
  0.720,  0.846,  0.249
  0.709,  0.846,  0.241
  0.718,  0.844,  0.239
  0.706,  0.844,  0.232
  0.716,  0.843,  0.229
  0.704,  0.843,  0.223
  0.713,  0.842,  0.220
  0.700,  0.842,  0.214
  0.709,  0.841,  0.211
  0.696,  0.842,  0.206
  0.705,  0.840,  0.202
  0.692,  0.841,  0.198
  0.700,  0.839,  0.193
  0.687,  0.840,  0.190
  0.694,  0.838,  0.185
  0.681,  0.840,  0.183
  0.688,  0.838,  0.177
  0.675,  0.839,  0.176
  0.682,  0.837,  0.169
  0.668,  0.839,  0.170
  0.675,  0.837,  0.162
  0.662,  0.839,  0.164
  0.667,  0.837,  0.156
  0.654,  0.839,  0.158
  0.659,  0.837,  0.150
  0.647,  0.840,  0.153
  0.651,  0.838,  0.145
  0.639,  0.840,  0.149
  0.643,  0.838,  0.140
  0.631,  0.840,  0.145
  0.634,  0.838,  0.136
  0.622,  0.841,  0.142
  0.625,  0.839,  0.133
  0.613,  0.842,  0.139
  0.616,  0.840,  0.130
  0.605,  0.843,  0.138
  0.606,  0.841,  0.128
  0.596,  0.844,  0.136
  0.597,  0.842,  0.126
  0.587,  0.845,  0.136
  0.587,  0.843,  0.126
  0.578,  0.846,  0.136
  0.577,  0.845,  0.126
  0.568,  0.857,  0.135
  0.566,  0.856,  0.125
  0.559,  0.859,  0.136
  0.557,  0.858,  0.127
  0.550,  0.861,  0.138
  0.548,  0.860,  0.129
  0.542,  0.863,  0.141
  0.539,  0.861,  0.132
  0.534,  0.864,  0.144
  0.530,  0.864,  0.135
  0.526,  0.866,  0.148
  0.521,  0.866,  0.139
  0.518,  0.868,  0.152
  0.513,  0.868,  0.144
  0.511,  0.871,  0.157
  0.505,  0.870,  0.149
  0.504,  0.873,  0.163
  0.497,  0.872,  0.155
  0.497,  0.875,  0.169
  0.490,  0.875,  0.161
  0.491,  0.877,  0.175
  0.484,  0.877,  0.168
  0.485,  0.879,  0.182
  0.478,  0.879,  0.176
  0.480,  0.881,  0.189
  0.472,  0.881,  0.184
  0.476,  0.883,  0.197
  0.467,  0.884,  0.192
  0.472,  0.885,  0.205
  0.463,  0.886,  0.201
  0.468,  0.887,  0.213
  0.459,  0.888,  0.210
  0.466,  0.889,  0.222
  0.456,  0.890,  0.219
  0.463,  0.891,  0.231
  0.454,  0.892,  0.228
  0.462,  0.893,  0.240
  0.452,  0.894,  0.238
  0.461,  0.894,  0.249
  0.451,  0.896,  0.248
  0.460,  0.896,  0.258
  0.451,  0.898,  0.258
  0.461,  0.898,  0.267
  0.451,  0.899,  0.267
  0.462,  0.899,  0.276
  0.452,  0.901,  0.277
  0.463,  0.900,  0.285
  0.454,  0.902,  0.287
  0.465,  0.902,  0.294
  0.456,  0.903,  0.297
  0.468,  0.903,  0.303
  0.459,  0.905,  0.306
  0.472,  0.904,  0.311
  0.463,  0.906,  0.315
  0.476,  0.904,  0.320
  0.467,  0.906,  0.324
  0.480,  0.905,  0.328
  0.472,  0.907,  0.333
  0.485,  0.905,  0.336
  0.478,  0.908,  0.341
  0.491,  0.906,  0.343
  0.484,  0.908,  0.349
  0.497,  0.906,  0.350
  0.490,  0.908,  0.356
  0.503,  0.906,  0.356
  0.497,  0.908,  0.363
  0.510,  0.906,  0.362
  0.505,  0.908,  0.370
  0.518,  0.906,  0.368
  0.512,  0.908,  0.376
  0.525,  0.905,  0.373
  0.521,  0.907,  0.381
  0.533,  0.905,  0.377
  0.529,  0.907,  0.386
  0.542,  0.904,  0.381
  0.538,  0.906,  0.390
  0.550,  0.903,  0.384
  0.547,  0.905,  0.393
  0.559,  0.902,  0.387
  0.557,  0.904,  0.396
  0.567,  0.901,  0.389
  0.566,  0.903,  0.398
  0.576,  0.900,  0.390
  0.576,  0.902,  0.400
  0.585,  0.898,  0.391
  0.585,  0.900,  0.400
  0.594,  0.897,  0.391
  0.595,  0.899,  0.400
  0.603,  0.895,  0.390
  0.604,  0.897,  0.400
  0.612,  0.894,  0.389
  0.614,  0.895,  0.398
  0.620,  0.892,  0.387
  0.623,  0.893,  0.396
  0.629,  0.890,  0.384
  0.632,  0.891,  0.393
  0.637,  0.888,  0.381
  0.641,  0.889,  0.390
  0.645,  0.886,  0.377
  0.650,  0.887,  0.386
  0.653,  0.884,  0.373
  0.658,  0.885,  0.381
  0.660,  0.882,  0.368
  0.666,  0.883,  0.376
  0.667,  0.880,  0.362
  0.673,  0.880,  0.370
  0.674,  0.878,  0.356
  0.680,  0.878,  0.363
  0.680,  0.876,  0.350
  0.687,  0.876,  0.357
  0.685,  0.874,  0.343
  0.693,  0.873,  0.349
  0.690,  0.872,  0.336
  0.698,  0.871,  0.341
  0.695,  0.870,  0.328
  0.703,  0.869,  0.333
  0.699,  0.867,  0.320
  0.708,  0.867,  0.324
  0.702,  0.865,  0.312
  0.711,  0.865,  0.315
  0.705,  0.864,  0.303
  0.714,  0.863,  0.306
  0.707,  0.862,  0.294
  0.717,  0.861,  0.297
  0.709,  0.860,  0.285
  0.719,  0.859,  0.287
  0.710,  0.858,  0.276
  0.720,  0.857,  0.277
  0.710,  0.857,  0.267
  0.720,  0.855,  0.267
  0.710,  0.855,  0.258
  0.720,  0.853,  0.258
  0.709,  0.854,  0.249
  0.719,  0.852,  0.248
  0.707,  0.852,  0.240
  0.717,  0.850,  0.238
  0.705,  0.851,  0.231
  0.715,  0.849,  0.228
  0.703,  0.850,  0.222
  0.712,  0.848,  0.219
  0.699,  0.849,  0.213
  0.708,  0.847,  0.210
  0.695,  0.848,  0.205
  0.704,  0.846,  0.201
  0.691,  0.848,  0.197
  0.699,  0.846,  0.192
  0.686,  0.847,  0.189
  0.693,  0.845,  0.184
  0.680,  0.847,  0.182
  0.687,  0.845,  0.176
  0.674,  0.847,  0.175
  0.681,  0.844,  0.168
  0.667,  0.847,  0.169
  0.674,  0.844,  0.162
  0.660,  0.847,  0.163
  0.666,  0.844,  0.155
  0.653,  0.847,  0.157
  0.658,  0.845,  0.149
  0.645,  0.847,  0.152
  0.650,  0.845,  0.144
  0.637,  0.848,  0.148
  0.641,  0.846,  0.139
  0.629,  0.849,  0.144
  0.633,  0.847,  0.135
  0.621,  0.850,  0.141
  0.623,  0.847,  0.132
  0.612,  0.851,  0.138
  0.614,  0.849,  0.129
  0.603,  0.852,  0.136
  0.605,  0.850,  0.127
  0.594,  0.853,  0.135
  0.595,  0.851,  0.125
  0.586,  0.854,  0.134
  0.586,  0.853,  0.125
  0.577,  0.856,  0.134
  0.576,  0.854,  0.125
  0.566,  0.867,  0.134
  0.565,  0.866,  0.124
  0.557,  0.869,  0.135
  0.555,  0.868,  0.125
  0.549,  0.871,  0.137
  0.546,  0.870,  0.127
  0.540,  0.873,  0.140
  0.537,  0.872,  0.130
  0.532,  0.875,  0.143
  0.528,  0.874,  0.134
  0.524,  0.877,  0.147
  0.519,  0.877,  0.138
  0.516,  0.880,  0.151
  0.511,  0.879,  0.142
  0.509,  0.882,  0.156
  0.503,  0.882,  0.148
  0.502,  0.884,  0.161
  0.496,  0.884,  0.154
  0.495,  0.886,  0.167
  0.488,  0.886,  0.160
  0.489,  0.889,  0.174
  0.482,  0.889,  0.167
  0.484,  0.891,  0.181
  0.476,  0.891,  0.174
  0.478,  0.893,  0.188
  0.470,  0.894,  0.182
  0.474,  0.896,  0.196
  0.465,  0.896,  0.190
  0.470,  0.898,  0.204
  0.461,  0.899,  0.199
  0.466,  0.900,  0.212
  0.457,  0.901,  0.208
  0.463,  0.902,  0.220
  0.454,  0.903,  0.217
  0.461,  0.904,  0.229
  0.452,  0.905,  0.227
  0.460,  0.906,  0.238
  0.450,  0.907,  0.236
  0.459,  0.907,  0.247
  0.449,  0.909,  0.246
  0.458,  0.909,  0.256
  0.449,  0.911,  0.256
  0.459,  0.911,  0.265
  0.449,  0.913,  0.266
  0.460,  0.912,  0.274
  0.450,  0.914,  0.276
  0.461,  0.913,  0.284
  0.452,  0.915,  0.285
  0.463,  0.915,  0.292
  0.454,  0.917,  0.295
  0.466,  0.916,  0.301
  0.457,  0.918,  0.304
  0.470,  0.916,  0.310
  0.461,  0.919,  0.314
  0.474,  0.917,  0.318
  0.465,  0.920,  0.323
  0.478,  0.918,  0.326
  0.470,  0.920,  0.331
  0.483,  0.918,  0.334
  0.475,  0.921,  0.340
  0.489,  0.918,  0.341
  0.482,  0.921,  0.347
  0.495,  0.918,  0.348
  0.488,  0.921,  0.355
  0.501,  0.918,  0.355
  0.495,  0.921,  0.362
  0.508,  0.918,  0.361
  0.503,  0.920,  0.368
  0.516,  0.918,  0.366
  0.511,  0.920,  0.374
  0.523,  0.917,  0.371
  0.519,  0.919,  0.380
  0.531,  0.916,  0.376
  0.527,  0.918,  0.384
  0.540,  0.915,  0.379
  0.536,  0.918,  0.388
  0.548,  0.914,  0.383
  0.545,  0.916,  0.392
  0.557,  0.913,  0.385
  0.555,  0.915,  0.395
  0.566,  0.912,  0.387
  0.564,  0.914,  0.397
  0.575,  0.910,  0.389
  0.574,  0.912,  0.398
  0.584,  0.909,  0.389
  0.584,  0.910,  0.399
  0.592,  0.907,  0.389
  0.593,  0.909,  0.399
  0.601,  0.905,  0.389
  0.603,  0.907,  0.398
  0.610,  0.903,  0.387
  0.612,  0.905,  0.397
  0.619,  0.901,  0.385
  0.622,  0.902,  0.395
  0.627,  0.899,  0.383
  0.631,  0.900,  0.392
  0.636,  0.897,  0.380
  0.640,  0.898,  0.389
  0.644,  0.895,  0.376
  0.648,  0.896,  0.385
  0.651,  0.893,  0.372
  0.657,  0.893,  0.380
  0.659,  0.890,  0.367
  0.665,  0.891,  0.375
  0.666,  0.888,  0.361
  0.672,  0.888,  0.369
  0.672,  0.886,  0.355
  0.679,  0.886,  0.362
  0.678,  0.883,  0.349
  0.686,  0.883,  0.356
  0.684,  0.881,  0.342
  0.692,  0.881,  0.348
  0.689,  0.879,  0.335
  0.697,  0.878,  0.340
  0.694,  0.877,  0.327
  0.702,  0.876,  0.332
  0.698,  0.875,  0.319
  0.707,  0.874,  0.323
  0.701,  0.872,  0.311
  0.710,  0.871,  0.314
  0.704,  0.870,  0.302
  0.713,  0.869,  0.305
  0.706,  0.868,  0.293
  0.716,  0.867,  0.296
  0.708,  0.867,  0.284
  0.718,  0.865,  0.286
  0.709,  0.865,  0.275
  0.719,  0.863,  0.276
  0.709,  0.863,  0.266
  0.719,  0.861,  0.267
  0.709,  0.862,  0.257
  0.719,  0.860,  0.257
  0.708,  0.860,  0.248
  0.718,  0.858,  0.247
  0.706,  0.859,  0.239
  0.716,  0.857,  0.237
  0.704,  0.858,  0.230
  0.714,  0.855,  0.228
  0.701,  0.857,  0.221
  0.711,  0.854,  0.218
  0.698,  0.856,  0.213
  0.707,  0.853,  0.209
  0.694,  0.855,  0.204
  0.703,  0.853,  0.200
  0.689,  0.855,  0.196
  0.698,  0.852,  0.191
  0.684,  0.854,  0.189
  0.692,  0.852,  0.183
  0.679,  0.854,  0.181
  0.686,  0.851,  0.175
  0.673,  0.854,  0.174
  0.680,  0.851,  0.168
  0.666,  0.854,  0.168
  0.673,  0.852,  0.161
  0.659,  0.854,  0.162
  0.665,  0.852,  0.154
  0.652,  0.855,  0.156
  0.657,  0.852,  0.148
  0.644,  0.855,  0.151
  0.649,  0.853,  0.143
  0.636,  0.856,  0.147
  0.640,  0.854,  0.138
  0.628,  0.857,  0.143
  0.631,  0.855,  0.134
  0.619,  0.858,  0.140
  0.622,  0.856,  0.131
  0.611,  0.859,  0.137
  0.613,  0.857,  0.128
  0.602,  0.861,  0.135
  0.603,  0.859,  0.126
  0.593,  0.862,  0.134
  0.594,  0.860,  0.124
  0.584,  0.864,  0.133
  0.584,  0.862,  0.123
  0.575,  0.865,  0.133
  0.574,  0.864,  0.123
  0.565,  0.877,  0.133
  0.563,  0.875,  0.123
  0.556,  0.879,  0.134
  0.554,  0.878,  0.124
  0.547,  0.881,  0.136
  0.544,  0.880,  0.126
  0.539,  0.884,  0.138
  0.535,  0.883,  0.129
  0.530,  0.886,  0.141
  0.526,  0.885,  0.132
  0.522,  0.888,  0.145
  0.518,  0.888,  0.136
  0.514,  0.891,  0.149
  0.509,  0.890,  0.141
  0.507,  0.893,  0.154
  0.501,  0.893,  0.146
  0.500,  0.896,  0.160
  0.494,  0.896,  0.152
  0.493,  0.898,  0.166
  0.487,  0.898,  0.158
  0.487,  0.901,  0.172
  0.480,  0.901,  0.165
  0.482,  0.903,  0.179
  0.474,  0.904,  0.173
  0.476,  0.906,  0.186
  0.468,  0.906,  0.181
  0.472,  0.908,  0.194
  0.463,  0.909,  0.189
  0.468,  0.910,  0.202
  0.459,  0.911,  0.197
  0.464,  0.912,  0.210
  0.455,  0.914,  0.206
  0.461,  0.915,  0.219
  0.452,  0.916,  0.216
  0.459,  0.917,  0.228
  0.450,  0.918,  0.225
  0.458,  0.919,  0.236
  0.448,  0.920,  0.235
  0.457,  0.920,  0.245
  0.447,  0.922,  0.244
  0.456,  0.922,  0.255
  0.447,  0.924,  0.254
  0.457,  0.924,  0.264
  0.447,  0.926,  0.264
  0.458,  0.925,  0.273
  0.448,  0.927,  0.274
  0.459,  0.926,  0.282
  0.450,  0.929,  0.284
  0.461,  0.928,  0.291
  0.452,  0.930,  0.293
  0.464,  0.929,  0.300
  0.455,  0.931,  0.303
  0.468,  0.929,  0.308
  0.459,  0.932,  0.312
  0.472,  0.930,  0.317
  0.463,  0.933,  0.321
  0.476,  0.930,  0.325
  0.468,  0.933,  0.330
  0.481,  0.931,  0.332
  0.473,  0.933,  0.338
  0.487,  0.931,  0.340
  0.479,  0.933,  0.346
  0.493,  0.931,  0.347
  0.486,  0.933,  0.353
  0.499,  0.930,  0.353
  0.493,  0.933,  0.360
  0.506,  0.930,  0.359
  0.501,  0.933,  0.367
  0.514,  0.929,  0.365
  0.509,  0.932,  0.373
  0.522,  0.929,  0.370
  0.517,  0.931,  0.378
  0.530,  0.928,  0.374
  0.526,  0.930,  0.383
  0.538,  0.927,  0.378
  0.534,  0.929,  0.387
  0.546,  0.925,  0.381
  0.544,  0.928,  0.391
  0.555,  0.924,  0.384
  0.553,  0.926,  0.393
  0.564,  0.922,  0.386
  0.563,  0.924,  0.396
  0.573,  0.921,  0.387
  0.572,  0.923,  0.397
  0.582,  0.919,  0.388
  0.582,  0.921,  0.398
  0.591,  0.917,  0.388
  0.592,  0.919,  0.398
  0.600,  0.915,  0.387
  0.601,  0.916,  0.397
  0.609,  0.913,  0.386
  0.611,  0.914,  0.396
  0.617,  0.911,  0.384
  0.620,  0.912,  0.394
  0.626,  0.908,  0.382
  0.629,  0.909,  0.391
  0.634,  0.906,  0.379
  0.638,  0.907,  0.388
  0.642,  0.904,  0.375
  0.647,  0.904,  0.384
  0.650,  0.901,  0.371
  0.655,  0.901,  0.379
  0.657,  0.899,  0.366
  0.663,  0.899,  0.374
  0.664,  0.896,  0.360
  0.671,  0.896,  0.368
  0.671,  0.894,  0.354
  0.678,  0.893,  0.362
  0.677,  0.891,  0.348
  0.685,  0.891,  0.355
  0.683,  0.889,  0.341
  0.691,  0.888,  0.347
  0.688,  0.886,  0.334
  0.696,  0.886,  0.339
  0.693,  0.884,  0.326
  0.701,  0.883,  0.331
  0.697,  0.882,  0.318
  0.706,  0.880,  0.323
  0.700,  0.879,  0.310
  0.709,  0.878,  0.314
  0.703,  0.877,  0.301
  0.712,  0.876,  0.304
  0.705,  0.875,  0.292
  0.715,  0.874,  0.295
  0.707,  0.873,  0.284
  0.716,  0.871,  0.285
  0.708,  0.871,  0.275
  0.718,  0.869,  0.276
  0.708,  0.870,  0.265
  0.718,  0.868,  0.266
  0.708,  0.868,  0.256
  0.718,  0.866,  0.256
  0.707,  0.867,  0.247
  0.717,  0.864,  0.246
  0.705,  0.865,  0.238
  0.715,  0.863,  0.236
  0.703,  0.864,  0.229
  0.713,  0.862,  0.227
  0.700,  0.863,  0.220
  0.709,  0.861,  0.217
  0.697,  0.862,  0.212
  0.706,  0.860,  0.208
  0.693,  0.862,  0.203
  0.701,  0.859,  0.199
  0.688,  0.861,  0.195
  0.697,  0.859,  0.190
  0.683,  0.861,  0.188
  0.691,  0.858,  0.182
  0.678,  0.861,  0.180
  0.685,  0.858,  0.174
  0.672,  0.861,  0.173
  0.678,  0.858,  0.167
  0.665,  0.861,  0.167
  0.671,  0.859,  0.160
  0.658,  0.862,  0.161
  0.664,  0.859,  0.153
  0.651,  0.862,  0.155
  0.656,  0.860,  0.147
  0.643,  0.863,  0.150
  0.648,  0.861,  0.142
  0.635,  0.864,  0.146
  0.639,  0.862,  0.137
  0.627,  0.865,  0.142
  0.630,  0.863,  0.133
  0.618,  0.866,  0.139
  0.621,  0.864,  0.129
  0.609,  0.868,  0.136
  0.611,  0.866,  0.127
  0.601,  0.869,  0.134
  0.602,  0.867,  0.124
  0.592,  0.871,  0.133
  0.592,  0.869,  0.123
  0.583,  0.873,  0.132
  0.583,  0.871,  0.122
  0.574,  0.875,  0.132
  0.573,  0.873,  0.122
  0.563,  0.887,  0.131
  0.562,  0.885,  0.122
  0.554,  0.889,  0.133
  0.552,  0.888,  0.123
  0.545,  0.891,  0.134
  0.543,  0.890,  0.125
  0.537,  0.894,  0.137
  0.534,  0.893,  0.128
  0.529,  0.897,  0.140
  0.525,  0.896,  0.131
  0.520,  0.899,  0.144
  0.516,  0.899,  0.135
  0.513,  0.902,  0.148
  0.507,  0.902,  0.140
  0.505,  0.905,  0.153
  0.499,  0.904,  0.145
  0.498,  0.907,  0.158
  0.492,  0.907,  0.151
  0.492,  0.910,  0.164
  0.485,  0.910,  0.157
  0.485,  0.913,  0.171
  0.478,  0.913,  0.164
  0.480,  0.915,  0.177
  0.472,  0.916,  0.171
  0.475,  0.918,  0.185
  0.466,  0.919,  0.179
  0.470,  0.920,  0.192
  0.461,  0.921,  0.187
  0.466,  0.923,  0.200
  0.457,  0.924,  0.196
  0.462,  0.925,  0.209
  0.453,  0.927,  0.205
  0.459,  0.927,  0.217
  0.450,  0.929,  0.214
  0.457,  0.930,  0.226
  0.448,  0.931,  0.223
  0.456,  0.932,  0.235
  0.446,  0.934,  0.233
  0.455,  0.933,  0.244
  0.445,  0.936,  0.243
  0.454,  0.935,  0.253
  0.444,  0.937,  0.252
  0.455,  0.937,  0.262
  0.445,  0.939,  0.262
  0.455,  0.938,  0.271
  0.446,  0.941,  0.272
  0.457,  0.939,  0.280
  0.448,  0.942,  0.282
  0.459,  0.941,  0.289
  0.450,  0.943,  0.292
  0.462,  0.942,  0.298
  0.453,  0.944,  0.301
  0.465,  0.942,  0.307
  0.457,  0.945,  0.310
  0.469,  0.943,  0.315
  0.461,  0.946,  0.319
  0.474,  0.943,  0.323
  0.466,  0.946,  0.328
  0.479,  0.943,  0.331
  0.471,  0.946,  0.336
  0.485,  0.943,  0.338
  0.477,  0.946,  0.344
  0.491,  0.943,  0.345
  0.484,  0.946,  0.352
  0.498,  0.943,  0.352
  0.491,  0.946,  0.359
  0.505,  0.942,  0.358
  0.499,  0.945,  0.365
  0.512,  0.941,  0.363
  0.507,  0.944,  0.371
  0.520,  0.940,  0.368
  0.515,  0.943,  0.377
  0.528,  0.939,  0.373
  0.524,  0.942,  0.381
  0.536,  0.938,  0.376
  0.533,  0.940,  0.386
  0.545,  0.937,  0.380
  0.542,  0.939,  0.389
  0.553,  0.935,  0.382
  0.551,  0.937,  0.392
  0.562,  0.933,  0.384
  0.561,  0.935,  0.394
  0.571,  0.931,  0.386
  0.571,  0.933,  0.396
  0.580,  0.929,  0.387
  0.580,  0.931,  0.396
  0.589,  0.927,  0.387
  0.590,  0.929,  0.397
  0.598,  0.925,  0.386
  0.600,  0.926,  0.396
  0.607,  0.922,  0.385
  0.609,  0.924,  0.395
  0.616,  0.920,  0.383
  0.619,  0.921,  0.393
  0.625,  0.917,  0.381
  0.628,  0.918,  0.390
  0.633,  0.915,  0.377
  0.637,  0.916,  0.387
  0.641,  0.912,  0.374
  0.646,  0.913,  0.383
  0.649,  0.910,  0.369
  0.654,  0.910,  0.378
  0.656,  0.907,  0.365
  0.662,  0.907,  0.373
  0.663,  0.904,  0.359
  0.670,  0.904,  0.367
  0.670,  0.901,  0.353
  0.677,  0.901,  0.361
  0.676,  0.899,  0.347
  0.683,  0.898,  0.354
  0.682,  0.896,  0.340
  0.689,  0.895,  0.346
  0.687,  0.894,  0.333
  0.695,  0.893,  0.338
  0.692,  0.891,  0.325
  0.700,  0.890,  0.330
  0.696,  0.889,  0.317
  0.704,  0.887,  0.322
  0.699,  0.886,  0.309
  0.708,  0.885,  0.313
  0.702,  0.884,  0.300
  0.711,  0.882,  0.304
  0.704,  0.882,  0.292
  0.714,  0.880,  0.294
  0.706,  0.880,  0.283
  0.715,  0.878,  0.285
  0.707,  0.878,  0.274
  0.717,  0.876,  0.275
  0.707,  0.876,  0.265
  0.717,  0.874,  0.265
  0.707,  0.875,  0.255
  0.717,  0.872,  0.255
  0.706,  0.873,  0.246
  0.716,  0.871,  0.245
  0.704,  0.872,  0.237
  0.714,  0.869,  0.236
  0.702,  0.871,  0.228
  0.712,  0.868,  0.226
  0.699,  0.870,  0.219
  0.708,  0.867,  0.216
  0.696,  0.869,  0.211
  0.705,  0.866,  0.207
  0.692,  0.869,  0.203
  0.700,  0.866,  0.198
  0.687,  0.868,  0.194
  0.696,  0.865,  0.190
  0.682,  0.868,  0.187
  0.690,  0.865,  0.181
  0.677,  0.868,  0.179
  0.684,  0.865,  0.173
  0.670,  0.868,  0.172
  0.677,  0.865,  0.166
  0.664,  0.869,  0.166
  0.670,  0.866,  0.159
  0.657,  0.869,  0.160
  0.663,  0.866,  0.152
  0.649,  0.870,  0.154
  0.655,  0.867,  0.146
  0.642,  0.871,  0.149
  0.646,  0.868,  0.141
  0.634,  0.872,  0.145
  0.638,  0.870,  0.136
  0.625,  0.873,  0.141
  0.629,  0.871,  0.132
  0.617,  0.875,  0.138
  0.620,  0.873,  0.128
  0.608,  0.877,  0.135
  0.610,  0.874,  0.126
  0.599,  0.878,  0.133
  0.601,  0.876,  0.123
  0.590,  0.880,  0.132
  0.591,  0.878,  0.122
  0.581,  0.882,  0.131
  0.581,  0.880,  0.121
  0.572,  0.884,  0.131
  0.571,  0.883,  0.121
  0.560,  0.895,  0.120
  0.562,  0.896,  0.130
  0.570,  0.893,  0.120
  0.570,  0.894,  0.129
  0.580,  0.891,  0.120
  0.579,  0.892,  0.130
  0.589,  0.889,  0.120
  0.588,  0.891,  0.130
  0.599,  0.887,  0.122
  0.597,  0.889,  0.132
  0.608,  0.885,  0.124
  0.606,  0.887,  0.134
  0.618,  0.884,  0.127
  0.615,  0.886,  0.136
  0.627,  0.882,  0.130
  0.623,  0.885,  0.140
  0.636,  0.881,  0.135
  0.632,  0.884,  0.143
  0.644,  0.880,  0.139
  0.640,  0.883,  0.148
  0.653,  0.879,  0.145
  0.648,  0.882,  0.153
  0.661,  0.879,  0.151
  0.655,  0.881,  0.158
  0.668,  0.878,  0.157
  0.662,  0.881,  0.164
  0.675,  0.878,  0.164
  0.668,  0.881,  0.171
  0.682,  0.878,  0.172
  0.675,  0.881,  0.178
  0.688,  0.878,  0.180
  0.680,  0.881,  0.185
  0.693,  0.878,  0.188
  0.685,  0.881,  0.193
  0.698,  0.879,  0.197
  0.690,  0.881,  0.201
  0.703,  0.880,  0.206
  0.694,  0.882,  0.209
  0.706,  0.880,  0.215
  0.697,  0.883,  0.218
  0.709,  0.881,  0.224
  0.700,  0.884,  0.227
  0.712,  0.883,  0.234
  0.702,  0.885,  0.236
  0.713,  0.884,  0.244
  0.704,  0.886,  0.245
  0.714,  0.886,  0.253
  0.705,  0.888,  0.254
  0.715,  0.887,  0.263
  0.705,  0.889,  0.263
  0.714,  0.889,  0.273
  0.705,  0.891,  0.272
  0.713,  0.891,  0.283
  0.704,  0.893,  0.281
  0.712,  0.893,  0.292
  0.702,  0.895,  0.290
  0.709,  0.895,  0.302
  0.700,  0.897,  0.299
  0.706,  0.898,  0.311
  0.697,  0.899,  0.307
  0.702,  0.900,  0.320
  0.694,  0.901,  0.316
  0.698,  0.903,  0.329
  0.690,  0.903,  0.324
  0.693,  0.905,  0.337
  0.685,  0.906,  0.331
  0.688,  0.908,  0.345
  0.680,  0.908,  0.338
  0.681,  0.910,  0.352
  0.674,  0.911,  0.345
  0.675,  0.913,  0.359
  0.668,  0.913,  0.352
  0.668,  0.916,  0.365
  0.661,  0.916,  0.358
  0.660,  0.918,  0.371
  0.654,  0.918,  0.363
  0.652,  0.921,  0.377
  0.647,  0.921,  0.368
  0.644,  0.924,  0.381
  0.639,  0.923,  0.372
  0.635,  0.926,  0.385
  0.631,  0.926,  0.376
  0.626,  0.929,  0.389
  0.623,  0.928,  0.379
  0.617,  0.931,  0.391
  0.614,  0.930,  0.382
  0.608,  0.934,  0.393
  0.606,  0.932,  0.384
  0.598,  0.936,  0.395
  0.597,  0.935,  0.385
  0.588,  0.938,  0.395
  0.588,  0.937,  0.385
  0.579,  0.940,  0.395
  0.579,  0.939,  0.385
  0.569,  0.942,  0.394
  0.570,  0.940,  0.385
  0.559,  0.944,  0.393
  0.561,  0.942,  0.383
  0.550,  0.946,  0.391
  0.552,  0.944,  0.381
  0.541,  0.947,  0.388
  0.543,  0.945,  0.379
  0.531,  0.949,  0.385
  0.535,  0.946,  0.375
  0.522,  0.950,  0.380
  0.527,  0.947,  0.372
  0.514,  0.951,  0.376
  0.518,  0.948,  0.367
  0.505,  0.952,  0.370
  0.511,  0.949,  0.362
  0.498,  0.952,  0.364
  0.503,  0.950,  0.357
  0.490,  0.953,  0.358
  0.496,  0.950,  0.351
  0.483,  0.953,  0.351
  0.490,  0.950,  0.344
  0.476,  0.953,  0.343
  0.484,  0.950,  0.337
  0.470,  0.953,  0.335
  0.478,  0.950,  0.330
  0.465,  0.953,  0.327
  0.473,  0.950,  0.322
  0.460,  0.952,  0.318
  0.468,  0.950,  0.314
  0.456,  0.952,  0.309
  0.464,  0.949,  0.306
  0.452,  0.951,  0.300
  0.461,  0.948,  0.297
  0.449,  0.950,  0.291
  0.458,  0.947,  0.288
  0.447,  0.948,  0.281
  0.456,  0.946,  0.279
  0.445,  0.947,  0.271
  0.454,  0.945,  0.270
  0.444,  0.945,  0.261
  0.453,  0.943,  0.261
  0.443,  0.944,  0.252
  0.453,  0.942,  0.252
  0.444,  0.942,  0.242
  0.454,  0.940,  0.243
  0.445,  0.940,  0.232
  0.455,  0.938,  0.234
  0.447,  0.938,  0.223
  0.456,  0.936,  0.225
  0.449,  0.936,  0.213
  0.458,  0.934,  0.216
  0.452,  0.933,  0.204
  0.461,  0.932,  0.208
  0.456,  0.931,  0.195
  0.465,  0.930,  0.199
  0.460,  0.928,  0.186
  0.469,  0.928,  0.191
  0.465,  0.926,  0.178
  0.473,  0.925,  0.184
  0.471,  0.923,  0.170
  0.479,  0.923,  0.176
  0.477,  0.921,  0.163
  0.484,  0.920,  0.170
  0.483,  0.918,  0.156
  0.490,  0.918,  0.163
  0.491,  0.915,  0.150
  0.497,  0.915,  0.157
  0.498,  0.913,  0.144
  0.504,  0.913,  0.152
  0.506,  0.910,  0.138
  0.511,  0.910,  0.147
  0.514,  0.907,  0.134
  0.519,  0.908,  0.143
  0.523,  0.905,  0.130
  0.527,  0.905,  0.139
  0.532,  0.902,  0.126
  0.535,  0.903,  0.136
  0.541,  0.900,  0.124
  0.544,  0.901,  0.133
  0.551,  0.897,  0.122
  0.553,  0.899,  0.131
  0.559,  0.905,  0.119
  0.560,  0.906,  0.129
  0.568,  0.903,  0.118
  0.569,  0.904,  0.128
  0.578,  0.901,  0.118
  0.578,  0.903,  0.128
  0.588,  0.899,  0.119
  0.587,  0.901,  0.129
  0.597,  0.898,  0.121
  0.596,  0.900,  0.130
  0.607,  0.896,  0.123
  0.605,  0.898,  0.132
  0.616,  0.895,  0.126
  0.613,  0.897,  0.135
  0.625,  0.894,  0.129
  0.622,  0.896,  0.138
  0.634,  0.893,  0.133
  0.630,  0.895,  0.142
  0.643,  0.892,  0.138
  0.638,  0.894,  0.146
  0.651,  0.891,  0.143
  0.646,  0.894,  0.151
  0.659,  0.891,  0.149
  0.653,  0.893,  0.157
  0.666,  0.891,  0.156
  0.660,  0.893,  0.163
  0.673,  0.891,  0.163
  0.666,  0.893,  0.169
  0.680,  0.891,  0.170
  0.673,  0.893,  0.176
  0.686,  0.891,  0.178
  0.678,  0.893,  0.184
  0.691,  0.891,  0.186
  0.683,  0.894,  0.191
  0.696,  0.892,  0.195
  0.688,  0.894,  0.199
  0.701,  0.893,  0.204
  0.692,  0.895,  0.208
  0.704,  0.894,  0.213
  0.695,  0.896,  0.216
  0.707,  0.895,  0.223
  0.698,  0.897,  0.225
  0.710,  0.896,  0.232
  0.700,  0.898,  0.234
  0.711,  0.897,  0.242
  0.702,  0.899,  0.243
  0.712,  0.899,  0.252
  0.703,  0.901,  0.252
  0.713,  0.901,  0.262
  0.703,  0.902,  0.261
  0.712,  0.902,  0.271
  0.703,  0.904,  0.270
  0.711,  0.904,  0.281
  0.702,  0.906,  0.279
  0.710,  0.906,  0.291
  0.700,  0.908,  0.288
  0.707,  0.908,  0.300
  0.698,  0.910,  0.297
  0.704,  0.911,  0.309
  0.695,  0.912,  0.306
  0.700,  0.913,  0.318
  0.692,  0.914,  0.314
  0.696,  0.915,  0.327
  0.688,  0.916,  0.322
  0.691,  0.918,  0.335
  0.683,  0.918,  0.330
  0.686,  0.920,  0.343
  0.678,  0.920,  0.337
  0.680,  0.922,  0.351
  0.672,  0.923,  0.344
  0.673,  0.925,  0.357
  0.666,  0.925,  0.350
  0.666,  0.927,  0.364
  0.660,  0.927,  0.356
  0.658,  0.930,  0.370
  0.653,  0.930,  0.362
  0.650,  0.932,  0.375
  0.645,  0.932,  0.367
  0.642,  0.935,  0.380
  0.637,  0.934,  0.371
  0.633,  0.937,  0.384
  0.629,  0.936,  0.375
  0.625,  0.939,  0.387
  0.621,  0.938,  0.378
  0.615,  0.942,  0.390
  0.613,  0.940,  0.380
  0.606,  0.944,  0.392
  0.604,  0.942,  0.382
  0.597,  0.946,  0.393
  0.595,  0.944,  0.384
  0.587,  0.948,  0.394
  0.586,  0.946,  0.384
  0.577,  0.950,  0.394
  0.577,  0.948,  0.384
  0.568,  0.951,  0.393
  0.568,  0.949,  0.384
  0.558,  0.953,  0.392
  0.559,  0.951,  0.382
  0.549,  0.954,  0.390
  0.551,  0.952,  0.380
  0.539,  0.956,  0.387
  0.542,  0.953,  0.378
  0.530,  0.957,  0.383
  0.533,  0.954,  0.374
  0.521,  0.958,  0.379
  0.525,  0.955,  0.371
  0.513,  0.958,  0.375
  0.517,  0.956,  0.366
  0.504,  0.959,  0.369
  0.510,  0.957,  0.361
  0.496,  0.960,  0.363
  0.502,  0.957,  0.356
  0.489,  0.960,  0.357
  0.495,  0.957,  0.350
  0.482,  0.960,  0.350
  0.489,  0.958,  0.343
  0.475,  0.960,  0.342
  0.483,  0.957,  0.336
  0.469,  0.960,  0.335
  0.477,  0.957,  0.329
  0.464,  0.959,  0.326
  0.472,  0.957,  0.321
  0.459,  0.959,  0.318
  0.467,  0.956,  0.313
  0.455,  0.958,  0.309
  0.463,  0.956,  0.305
  0.451,  0.957,  0.299
  0.460,  0.955,  0.296
  0.448,  0.956,  0.290
  0.457,  0.954,  0.287
  0.446,  0.955,  0.280
  0.455,  0.953,  0.279
  0.444,  0.953,  0.271
  0.453,  0.951,  0.269
  0.443,  0.952,  0.261
  0.452,  0.950,  0.260
  0.442,  0.950,  0.251
  0.452,  0.948,  0.251
  0.443,  0.948,  0.241
  0.452,  0.947,  0.242
  0.444,  0.946,  0.231
  0.453,  0.945,  0.233
  0.446,  0.944,  0.222
  0.455,  0.943,  0.224
  0.448,  0.942,  0.212
  0.457,  0.941,  0.215
  0.451,  0.940,  0.203
  0.460,  0.939,  0.207
  0.455,  0.938,  0.194
  0.464,  0.937,  0.199
  0.459,  0.935,  0.185
  0.468,  0.935,  0.191
  0.464,  0.933,  0.177
  0.472,  0.932,  0.183
  0.470,  0.931,  0.169
  0.477,  0.930,  0.176
  0.476,  0.928,  0.162
  0.483,  0.928,  0.169
  0.482,  0.926,  0.155
  0.489,  0.926,  0.162
  0.489,  0.923,  0.149
  0.496,  0.923,  0.156
  0.497,  0.921,  0.143
  0.503,  0.921,  0.151
  0.505,  0.918,  0.137
  0.510,  0.919,  0.146
  0.513,  0.916,  0.133
  0.518,  0.917,  0.142
  0.522,  0.914,  0.129
  0.526,  0.914,  0.138
  0.531,  0.911,  0.125
  0.534,  0.912,  0.135
  0.540,  0.909,  0.122
  0.543,  0.910,  0.132
  0.549,  0.907,  0.120
  0.551,  0.908,  0.130
  0.557,  0.915,  0.118
  0.558,  0.916,  0.128
  0.567,  0.913,  0.117
  0.567,  0.914,  0.127
  0.576,  0.911,  0.117
  0.576,  0.913,  0.127
  0.586,  0.910,  0.118
  0.585,  0.912,  0.128
  0.595,  0.909,  0.119
  0.594,  0.910,  0.129
  0.605,  0.907,  0.121
  0.603,  0.909,  0.131
  0.614,  0.906,  0.124
  0.611,  0.908,  0.133
  0.623,  0.905,  0.128
  0.620,  0.907,  0.137
  0.632,  0.905,  0.132
  0.628,  0.907,  0.140
  0.641,  0.904,  0.136
  0.636,  0.906,  0.145
  0.649,  0.904,  0.142
  0.644,  0.906,  0.150
  0.657,  0.903,  0.148
  0.651,  0.906,  0.155
  0.664,  0.903,  0.154
  0.658,  0.905,  0.161
  0.671,  0.903,  0.161
  0.665,  0.905,  0.168
  0.678,  0.903,  0.168
  0.671,  0.906,  0.175
  0.684,  0.904,  0.176
  0.676,  0.906,  0.182
  0.689,  0.904,  0.185
  0.681,  0.907,  0.190
  0.694,  0.905,  0.193
  0.686,  0.907,  0.198
  0.699,  0.906,  0.202
  0.690,  0.908,  0.206
  0.702,  0.907,  0.211
  0.693,  0.909,  0.215
  0.705,  0.908,  0.221
  0.696,  0.910,  0.223
  0.708,  0.909,  0.230
  0.698,  0.911,  0.232
  0.709,  0.911,  0.240
  0.700,  0.912,  0.241
  0.710,  0.912,  0.250
  0.701,  0.914,  0.250
  0.711,  0.914,  0.260
  0.701,  0.915,  0.260
  0.710,  0.916,  0.270
  0.701,  0.917,  0.269
  0.709,  0.917,  0.279
  0.700,  0.919,  0.278
  0.707,  0.919,  0.289
  0.698,  0.920,  0.287
  0.705,  0.921,  0.299
  0.696,  0.922,  0.295
  0.702,  0.923,  0.308
  0.693,  0.924,  0.304
  0.698,  0.926,  0.317
  0.690,  0.926,  0.312
  0.694,  0.928,  0.325
  0.686,  0.928,  0.320
  0.689,  0.930,  0.334
  0.681,  0.930,  0.328
  0.684,  0.932,  0.342
  0.676,  0.932,  0.335
  0.678,  0.935,  0.349
  0.670,  0.935,  0.342
  0.671,  0.937,  0.356
  0.664,  0.937,  0.349
  0.664,  0.939,  0.362
  0.658,  0.939,  0.355
  0.657,  0.941,  0.368
  0.651,  0.941,  0.360
  0.649,  0.944,  0.374
  0.643,  0.943,  0.365
  0.640,  0.946,  0.378
  0.636,  0.945,  0.370
  0.632,  0.948,  0.382
  0.628,  0.947,  0.373
  0.623,  0.950,  0.386
  0.620,  0.949,  0.377
  0.614,  0.952,  0.389
  0.611,  0.951,  0.379
  0.604,  0.954,  0.391
  0.602,  0.952,  0.381
  0.595,  0.956,  0.392
  0.594,  0.954,  0.382
  0.585,  0.957,  0.393
  0.585,  0.956,  0.383
  0.576,  0.959,  0.393
  0.576,  0.957,  0.383
  0.566,  0.960,  0.392
  0.567,  0.959,  0.382
  0.557,  0.962,  0.391
  0.558,  0.960,  0.381
  0.547,  0.963,  0.389
  0.549,  0.961,  0.379
  0.538,  0.964,  0.386
  0.541,  0.962,  0.377
  0.529,  0.965,  0.382
  0.532,  0.963,  0.373
  0.520,  0.966,  0.378
  0.524,  0.963,  0.370
  0.511,  0.966,  0.374
  0.516,  0.964,  0.365
  0.503,  0.967,  0.368
  0.508,  0.964,  0.360
  0.495,  0.967,  0.362
  0.501,  0.965,  0.355
  0.488,  0.967,  0.356
  0.494,  0.965,  0.349
  0.481,  0.967,  0.349
  0.488,  0.965,  0.342
  0.474,  0.967,  0.342
  0.481,  0.965,  0.335
  0.468,  0.966,  0.334
  0.476,  0.964,  0.328
  0.463,  0.966,  0.325
  0.471,  0.964,  0.320
  0.458,  0.965,  0.317
  0.466,  0.963,  0.312
  0.454,  0.964,  0.308
  0.462,  0.962,  0.304
  0.450,  0.963,  0.299
  0.459,  0.961,  0.295
  0.447,  0.962,  0.289
  0.456,  0.960,  0.287
  0.445,  0.961,  0.279
  0.454,  0.959,  0.278
  0.443,  0.960,  0.270
  0.452,  0.958,  0.269
  0.442,  0.958,  0.260
  0.451,  0.956,  0.260
  0.441,  0.956,  0.250
  0.451,  0.955,  0.250
  0.442,  0.955,  0.240
  0.451,  0.953,  0.241
  0.443,  0.953,  0.230
  0.452,  0.952,  0.232
  0.445,  0.951,  0.221
  0.454,  0.950,  0.223
  0.447,  0.949,  0.211
  0.456,  0.948,  0.215
  0.450,  0.947,  0.202
  0.459,  0.946,  0.206
  0.454,  0.945,  0.193
  0.462,  0.944,  0.198
  0.458,  0.942,  0.185
  0.466,  0.942,  0.190
  0.463,  0.940,  0.176
  0.471,  0.940,  0.182
  0.468,  0.938,  0.168
  0.476,  0.938,  0.175
  0.474,  0.936,  0.161
  0.482,  0.936,  0.168
  0.481,  0.933,  0.154
  0.488,  0.933,  0.161
  0.488,  0.931,  0.148
  0.494,  0.931,  0.155
  0.496,  0.929,  0.142
  0.501,  0.929,  0.150
  0.503,  0.927,  0.136
  0.509,  0.927,  0.145
  0.512,  0.924,  0.132
  0.516,  0.925,  0.140
  0.520,  0.922,  0.127
  0.524,  0.923,  0.137
  0.529,  0.920,  0.124
  0.533,  0.921,  0.133
  0.538,  0.918,  0.121
  0.541,  0.919,  0.131
  0.548,  0.916,  0.119
  0.550,  0.918,  0.129
  0.556,  0.924,  0.117
  0.557,  0.926,  0.126
  0.565,  0.923,  0.116
  0.566,  0.925,  0.126
  0.575,  0.922,  0.116
  0.575,  0.923,  0.126
  0.584,  0.920,  0.116
  0.583,  0.922,  0.126
  0.594,  0.919,  0.118
  0.592,  0.921,  0.128
  0.603,  0.918,  0.120
  0.601,  0.920,  0.129
  0.612,  0.918,  0.123
  0.610,  0.919,  0.132
  0.621,  0.917,  0.126
  0.618,  0.919,  0.135
  0.630,  0.916,  0.130
  0.626,  0.918,  0.139
  0.639,  0.916,  0.135
  0.634,  0.918,  0.143
  0.647,  0.916,  0.140
  0.642,  0.918,  0.148
  0.655,  0.916,  0.146
  0.649,  0.918,  0.154
  0.662,  0.916,  0.152
  0.656,  0.918,  0.160
  0.669,  0.916,  0.159
  0.663,  0.918,  0.166
  0.676,  0.916,  0.167
  0.669,  0.918,  0.173
  0.682,  0.917,  0.175
  0.674,  0.919,  0.180
  0.687,  0.917,  0.183
  0.679,  0.919,  0.188
  0.692,  0.918,  0.192
  0.684,  0.920,  0.196
  0.696,  0.919,  0.201
  0.688,  0.921,  0.204
  0.700,  0.920,  0.210
  0.691,  0.922,  0.213
  0.703,  0.921,  0.219
  0.694,  0.923,  0.222
  0.705,  0.922,  0.229
  0.696,  0.924,  0.231
  0.707,  0.924,  0.239
  0.698,  0.925,  0.240
  0.708,  0.925,  0.248
  0.699,  0.927,  0.249
  0.709,  0.927,  0.258
  0.699,  0.928,  0.258
  0.708,  0.929,  0.268
  0.699,  0.930,  0.267
  0.707,  0.931,  0.278
  0.698,  0.932,  0.276
  0.705,  0.932,  0.287
  0.696,  0.933,  0.285
  0.703,  0.934,  0.297
  0.694,  0.935,  0.294
  0.700,  0.936,  0.306
  0.691,  0.937,  0.302
  0.696,  0.938,  0.315
  0.688,  0.939,  0.311
  0.692,  0.940,  0.324
  0.684,  0.941,  0.319
  0.687,  0.942,  0.332
  0.679,  0.943,  0.327
  0.682,  0.945,  0.340
  0.674,  0.945,  0.334
  0.676,  0.947,  0.347
  0.668,  0.947,  0.341
  0.669,  0.949,  0.354
  0.662,  0.948,  0.347
  0.662,  0.951,  0.361
  0.656,  0.950,  0.353
  0.655,  0.953,  0.367
  0.649,  0.952,  0.359
  0.647,  0.955,  0.372
  0.642,  0.954,  0.364
  0.639,  0.957,  0.377
  0.634,  0.956,  0.368
  0.630,  0.959,  0.381
  0.626,  0.958,  0.372
  0.621,  0.960,  0.385
  0.618,  0.959,  0.375
  0.612,  0.962,  0.387
  0.609,  0.961,  0.378
  0.603,  0.964,  0.389
  0.601,  0.963,  0.380
  0.593,  0.965,  0.391
  0.592,  0.964,  0.381
  0.584,  0.967,  0.392
  0.583,  0.965,  0.382
  0.574,  0.968,  0.392
  0.574,  0.967,  0.382
  0.565,  0.969,  0.391
  0.565,  0.968,  0.381
  0.555,  0.970,  0.390
  0.557,  0.969,  0.380
  0.546,  0.971,  0.388
  0.548,  0.970,  0.378
  0.537,  0.972,  0.385
  0.539,  0.970,  0.375
  0.528,  0.973,  0.381
  0.531,  0.971,  0.372
  0.519,  0.974,  0.377
  0.523,  0.971,  0.369
  0.510,  0.974,  0.373
  0.515,  0.972,  0.364
  0.502,  0.974,  0.367
  0.507,  0.972,  0.359
  0.494,  0.974,  0.361
  0.500,  0.972,  0.354
  0.487,  0.974,  0.355
  0.493,  0.972,  0.348
  0.480,  0.974,  0.348
  0.486,  0.972,  0.341
  0.473,  0.974,  0.341
  0.480,  0.972,  0.334
  0.467,  0.973,  0.333
  0.475,  0.971,  0.327
  0.462,  0.973,  0.325
  0.470,  0.971,  0.319
  0.457,  0.972,  0.316
  0.465,  0.970,  0.311
  0.453,  0.971,  0.307
  0.461,  0.969,  0.303
  0.449,  0.970,  0.298
  0.458,  0.968,  0.295
  0.446,  0.969,  0.288
  0.455,  0.967,  0.286
  0.444,  0.967,  0.279
  0.453,  0.966,  0.277
  0.442,  0.966,  0.269
  0.451,  0.964,  0.268
  0.441,  0.964,  0.259
  0.450,  0.963,  0.259
  0.440,  0.963,  0.249
  0.450,  0.961,  0.250
  0.441,  0.961,  0.239
  0.450,  0.960,  0.240
  0.442,  0.959,  0.230
  0.451,  0.958,  0.231
  0.444,  0.957,  0.220
  0.453,  0.957,  0.222
  0.446,  0.955,  0.211
  0.455,  0.955,  0.214
  0.449,  0.954,  0.201
  0.458,  0.953,  0.205
  0.453,  0.951,  0.192
  0.461,  0.951,  0.197
  0.457,  0.949,  0.184
  0.465,  0.949,  0.189
  0.462,  0.947,  0.175
  0.470,  0.947,  0.181
  0.467,  0.945,  0.167
  0.475,  0.945,  0.174
  0.473,  0.943,  0.160
  0.481,  0.943,  0.167
  0.480,  0.941,  0.153
  0.487,  0.941,  0.160
  0.487,  0.939,  0.147
  0.493,  0.939,  0.154
  0.494,  0.937,  0.141
  0.500,  0.938,  0.149
  0.502,  0.935,  0.135
  0.507,  0.936,  0.144
  0.510,  0.933,  0.130
  0.515,  0.934,  0.139
  0.519,  0.931,  0.126
  0.523,  0.932,  0.135
  0.528,  0.929,  0.123
  0.531,  0.930,  0.132
  0.537,  0.928,  0.120
  0.540,  0.929,  0.130
  0.546,  0.926,  0.118
  0.548,  0.927,  0.128
  0.554,  0.934,  0.115
  0.555,  0.936,  0.125
  0.563,  0.933,  0.115
  0.564,  0.935,  0.124
  0.573,  0.932,  0.114
  0.573,  0.934,  0.124
  0.583,  0.931,  0.115
  0.582,  0.933,  0.125
  0.592,  0.930,  0.116
  0.591,  0.932,  0.126
  0.601,  0.929,  0.118
  0.599,  0.931,  0.128
  0.611,  0.929,  0.121
  0.608,  0.931,  0.131
  0.620,  0.928,  0.125
  0.616,  0.930,  0.134
  0.628,  0.928,  0.129
  0.624,  0.930,  0.137
  0.637,  0.928,  0.133
  0.632,  0.930,  0.142
  0.645,  0.928,  0.139
  0.640,  0.930,  0.147
  0.653,  0.928,  0.144
  0.647,  0.930,  0.152
  0.660,  0.928,  0.151
  0.654,  0.930,  0.158
  0.667,  0.928,  0.158
  0.661,  0.930,  0.165
  0.674,  0.929,  0.165
  0.667,  0.931,  0.171
  0.680,  0.930,  0.173
  0.672,  0.931,  0.179
  0.685,  0.930,  0.181
  0.677,  0.932,  0.186
  0.690,  0.931,  0.190
  0.682,  0.933,  0.194
  0.694,  0.932,  0.199
  0.686,  0.934,  0.203
  0.698,  0.933,  0.208
  0.689,  0.935,  0.211
  0.701,  0.934,  0.217
  0.692,  0.936,  0.220
  0.703,  0.936,  0.227
  0.694,  0.937,  0.229
  0.705,  0.937,  0.237
  0.696,  0.938,  0.238
  0.706,  0.939,  0.247
  0.697,  0.940,  0.247
  0.706,  0.940,  0.257
  0.697,  0.941,  0.256
  0.706,  0.942,  0.266
  0.697,  0.943,  0.265
  0.705,  0.944,  0.276
  0.696,  0.944,  0.274
  0.703,  0.945,  0.286
  0.694,  0.946,  0.283
  0.701,  0.947,  0.295
  0.692,  0.948,  0.292
  0.698,  0.949,  0.305
  0.689,  0.950,  0.301
  0.694,  0.951,  0.314
  0.686,  0.951,  0.309
  0.690,  0.953,  0.322
  0.682,  0.953,  0.317
  0.685,  0.955,  0.331
  0.677,  0.955,  0.325
  0.680,  0.957,  0.338
  0.672,  0.957,  0.332
  0.674,  0.959,  0.346
  0.667,  0.958,  0.339
  0.667,  0.961,  0.353
  0.661,  0.960,  0.346
  0.660,  0.962,  0.359
  0.654,  0.962,  0.352
  0.653,  0.964,  0.365
  0.647,  0.964,  0.357
  0.645,  0.966,  0.371
  0.640,  0.965,  0.362
  0.637,  0.968,  0.376
  0.632,  0.967,  0.367
  0.628,  0.969,  0.380
  0.624,  0.968,  0.371
  0.620,  0.971,  0.383
  0.616,  0.970,  0.374
  0.610,  0.973,  0.386
  0.608,  0.971,  0.377
  0.601,  0.974,  0.388
  0.599,  0.973,  0.379
  0.592,  0.975,  0.390
  0.591,  0.974,  0.380
  0.582,  0.976,  0.390
  0.582,  0.975,  0.381
  0.573,  0.977,  0.390
  0.573,  0.976,  0.381
  0.563,  0.978,  0.390
  0.564,  0.977,  0.380
  0.554,  0.979,  0.389
  0.555,  0.978,  0.379
  0.545,  0.980,  0.386
  0.547,  0.978,  0.377
  0.535,  0.981,  0.384
  0.538,  0.979,  0.374
  0.526,  0.981,  0.380
  0.530,  0.979,  0.371
  0.517,  0.981,  0.376
  0.521,  0.980,  0.367
  0.509,  0.982,  0.372
  0.513,  0.980,  0.363
  0.501,  0.982,  0.366
  0.506,  0.980,  0.358
  0.493,  0.982,  0.361
  0.499,  0.980,  0.353
  0.485,  0.981,  0.354
  0.492,  0.979,  0.347
  0.479,  0.981,  0.347
  0.485,  0.979,  0.340
  0.472,  0.981,  0.340
  0.479,  0.979,  0.334
  0.466,  0.980,  0.332
  0.474,  0.978,  0.326
  0.461,  0.979,  0.324
  0.469,  0.977,  0.319
  0.456,  0.978,  0.315
  0.464,  0.977,  0.311
  0.452,  0.977,  0.306
  0.460,  0.976,  0.302
  0.448,  0.976,  0.297
  0.457,  0.975,  0.294
  0.445,  0.975,  0.287
  0.454,  0.973,  0.285
  0.443,  0.974,  0.278
  0.452,  0.972,  0.276
  0.441,  0.972,  0.268
  0.450,  0.971,  0.267
  0.440,  0.971,  0.258
  0.449,  0.970,  0.258
  0.439,  0.969,  0.248
  0.449,  0.968,  0.249
  0.440,  0.967,  0.239
  0.449,  0.967,  0.240
  0.441,  0.966,  0.229
  0.450,  0.965,  0.231
  0.443,  0.964,  0.219
  0.452,  0.963,  0.222
  0.445,  0.962,  0.210
  0.454,  0.962,  0.213
  0.448,  0.960,  0.200
  0.457,  0.960,  0.204
  0.452,  0.958,  0.191
  0.460,  0.958,  0.196
  0.456,  0.956,  0.183
  0.464,  0.956,  0.188
  0.461,  0.955,  0.174
  0.469,  0.955,  0.180
  0.466,  0.953,  0.167
  0.474,  0.953,  0.173
  0.472,  0.951,  0.159
  0.479,  0.951,  0.166
  0.479,  0.949,  0.152
  0.485,  0.949,  0.159
  0.486,  0.947,  0.146
  0.492,  0.947,  0.153
  0.493,  0.945,  0.140
  0.499,  0.946,  0.148
  0.501,  0.943,  0.134
  0.506,  0.944,  0.143
  0.509,  0.942,  0.129
  0.514,  0.943,  0.138
  0.518,  0.940,  0.125
  0.521,  0.941,  0.134
  0.526,  0.938,  0.122
  0.530,  0.940,  0.131
  0.535,  0.937,  0.119
  0.538,  0.938,  0.128
  0.545,  0.936,  0.117
  0.547,  0.937,  0.126
  0.552,  0.944,  0.114
  0.554,  0.945,  0.124
  0.562,  0.943,  0.113
  0.563,  0.945,  0.123
  0.571,  0.942,  0.113
  0.571,  0.944,  0.123
  0.581,  0.941,  0.114
  0.580,  0.943,  0.124
  0.590,  0.941,  0.115
  0.589,  0.943,  0.125
  0.600,  0.940,  0.117
  0.598,  0.942,  0.127
  0.609,  0.940,  0.120
  0.606,  0.942,  0.129
  0.618,  0.940,  0.123
  0.614,  0.942,  0.132
  0.627,  0.940,  0.127
  0.623,  0.941,  0.136
  0.635,  0.940,  0.132
  0.631,  0.941,  0.140
  0.643,  0.940,  0.137
  0.638,  0.942,  0.145
  0.651,  0.940,  0.143
  0.645,  0.942,  0.151
  0.658,  0.940,  0.149
  0.652,  0.942,  0.157
  0.665,  0.941,  0.156
  0.659,  0.943,  0.163
  0.672,  0.942,  0.164
  0.665,  0.943,  0.170
  0.678,  0.942,  0.171
  0.670,  0.944,  0.177
  0.683,  0.943,  0.180
  0.675,  0.945,  0.185
  0.688,  0.944,  0.188
  0.680,  0.946,  0.193
  0.692,  0.945,  0.197
  0.684,  0.947,  0.201
  0.696,  0.946,  0.206
  0.687,  0.948,  0.210
  0.699,  0.948,  0.216
  0.690,  0.949,  0.218
  0.701,  0.949,  0.225
  0.692,  0.950,  0.227
  0.703,  0.951,  0.235
  0.694,  0.952,  0.236
  0.704,  0.952,  0.245
  0.694,  0.953,  0.245
  0.704,  0.954,  0.255
  0.695,  0.954,  0.255
  0.704,  0.955,  0.265
  0.694,  0.956,  0.264
  0.703,  0.957,  0.274
  0.694,  0.957,  0.273
  0.701,  0.959,  0.284
  0.692,  0.959,  0.282
  0.699,  0.960,  0.294
  0.690,  0.961,  0.291
  0.696,  0.962,  0.303
  0.687,  0.962,  0.299
  0.692,  0.964,  0.312
  0.684,  0.964,  0.308
  0.688,  0.966,  0.321
  0.680,  0.966,  0.316
  0.683,  0.967,  0.329
  0.675,  0.967,  0.323
  0.678,  0.969,  0.337
  0.670,  0.969,  0.331
  0.672,  0.971,  0.344
  0.665,  0.970,  0.338
  0.665,  0.973,  0.351
  0.659,  0.972,  0.344
  0.658,  0.974,  0.358
  0.652,  0.973,  0.350
  0.651,  0.976,  0.364
  0.645,  0.975,  0.356
  0.643,  0.977,  0.369
  0.638,  0.976,  0.361
  0.635,  0.979,  0.374
  0.631,  0.978,  0.365
  0.627,  0.980,  0.378
  0.623,  0.979,  0.369
  0.618,  0.982,  0.382
  0.615,  0.980,  0.373
  0.609,  0.983,  0.385
  0.606,  0.981,  0.375
  0.600,  0.984,  0.387
  0.598,  0.983,  0.377
  0.590,  0.985,  0.388
  0.589,  0.984,  0.379
  0.581,  0.986,  0.389
  0.580,  0.984,  0.379
  0.571,  0.987,  0.389
  0.571,  0.985,  0.379
  0.562,  0.988,  0.389
  0.563,  0.986,  0.379
  0.552,  0.988,  0.387
  0.554,  0.986,  0.378
  0.543,  0.989,  0.385
  0.545,  0.987,  0.376
  0.534,  0.989,  0.383
  0.537,  0.987,  0.373
  0.525,  0.989,  0.379
  0.528,  0.987,  0.370
  0.516,  0.989,  0.375
  0.520,  0.988,  0.366
  0.508,  0.989,  0.371
  0.512,  0.988,  0.362
  0.500,  0.989,  0.365
  0.505,  0.987,  0.357
  0.492,  0.989,  0.360
  0.497,  0.987,  0.352
  0.484,  0.989,  0.353
  0.491,  0.987,  0.346
  0.477,  0.988,  0.346
  0.484,  0.986,  0.340
  0.471,  0.987,  0.339
  0.478,  0.986,  0.333
  0.465,  0.987,  0.331
  0.473,  0.985,  0.325
  0.460,  0.986,  0.323
  0.468,  0.984,  0.318
  0.455,  0.985,  0.314
  0.463,  0.983,  0.310
  0.450,  0.984,  0.305
  0.459,  0.982,  0.301
  0.447,  0.983,  0.296
  0.456,  0.981,  0.293
  0.444,  0.981,  0.287
  0.453,  0.980,  0.284
  0.442,  0.980,  0.277
  0.451,  0.979,  0.275
  0.440,  0.979,  0.267
  0.449,  0.978,  0.266
  0.439,  0.977,  0.257
  0.448,  0.976,  0.257
  0.438,  0.975,  0.248
  0.448,  0.975,  0.248
  0.439,  0.974,  0.238
  0.448,  0.973,  0.239
  0.440,  0.972,  0.228
  0.449,  0.972,  0.230
  0.441,  0.970,  0.218
  0.451,  0.970,  0.221
  0.444,  0.969,  0.209
  0.453,  0.968,  0.212
  0.447,  0.967,  0.200
  0.456,  0.967,  0.203
  0.450,  0.965,  0.191
  0.459,  0.965,  0.195
  0.455,  0.963,  0.182
  0.463,  0.964,  0.187
  0.460,  0.962,  0.174
  0.468,  0.962,  0.179
  0.465,  0.960,  0.166
  0.473,  0.960,  0.172
  0.471,  0.958,  0.158
  0.478,  0.959,  0.165
  0.477,  0.956,  0.151
  0.484,  0.957,  0.158
  0.484,  0.955,  0.145
  0.491,  0.956,  0.152
  0.492,  0.953,  0.139
  0.497,  0.954,  0.147
  0.499,  0.952,  0.133
  0.505,  0.953,  0.142
  0.508,  0.950,  0.128
  0.512,  0.951,  0.137
  0.516,  0.949,  0.124
  0.520,  0.950,  0.133
  0.525,  0.947,  0.121
  0.528,  0.949,  0.130
  0.534,  0.946,  0.118
  0.537,  0.948,  0.127
  0.543,  0.945,  0.116
  0.545,  0.946,  0.125
  0.551,  0.954,  0.113
  0.552,  0.955,  0.123
  0.560,  0.953,  0.112
  0.561,  0.955,  0.122
  0.570,  0.953,  0.112
  0.570,  0.954,  0.122
  0.579,  0.952,  0.112
  0.578,  0.954,  0.122
  0.589,  0.952,  0.114
  0.587,  0.953,  0.123
  0.598,  0.951,  0.116
  0.596,  0.953,  0.125
  0.607,  0.951,  0.118
  0.604,  0.953,  0.128
  0.616,  0.951,  0.122
  0.613,  0.953,  0.131
  0.625,  0.951,  0.126
  0.621,  0.953,  0.135
  0.633,  0.952,  0.130
  0.629,  0.953,  0.139
  0.641,  0.952,  0.135
  0.636,  0.954,  0.144
  0.649,  0.952,  0.141
  0.643,  0.954,  0.149
  0.656,  0.953,  0.148
  0.650,  0.954,  0.155
  0.663,  0.954,  0.155
  0.657,  0.955,  0.161
  0.670,  0.954,  0.162
  0.663,  0.956,  0.168
  0.676,  0.955,  0.170
  0.668,  0.957,  0.175
  0.681,  0.956,  0.178
  0.673,  0.958,  0.183
  0.686,  0.957,  0.187
  0.678,  0.959,  0.191
  0.690,  0.958,  0.195
  0.682,  0.960,  0.199
  0.694,  0.960,  0.205
  0.685,  0.961,  0.208
  0.697,  0.961,  0.214
  0.688,  0.962,  0.217
  0.699,  0.962,  0.224
  0.690,  0.963,  0.226
  0.701,  0.964,  0.233
  0.691,  0.965,  0.235
  0.702,  0.965,  0.243
  0.692,  0.966,  0.244
  0.702,  0.967,  0.253
  0.693,  0.967,  0.253
  0.702,  0.968,  0.263
  0.692,  0.969,  0.262
  0.701,  0.970,  0.273
  0.692,  0.970,  0.271
  0.699,  0.972,  0.282
  0.690,  0.972,  0.280
  0.697,  0.973,  0.292
  0.688,  0.973,  0.289
  0.694,  0.975,  0.301
  0.685,  0.975,  0.298
  0.690,  0.977,  0.310
  0.682,  0.976,  0.306
  0.686,  0.978,  0.319
  0.678,  0.978,  0.314
  0.681,  0.980,  0.327
  0.673,  0.979,  0.322
  0.676,  0.981,  0.335
  0.668,  0.981,  0.329
  0.670,  0.983,  0.343
  0.663,  0.982,  0.336
  0.663,  0.984,  0.350
  0.657,  0.984,  0.343
  0.657,  0.986,  0.356
  0.650,  0.985,  0.349
  0.649,  0.987,  0.362
  0.644,  0.986,  0.354
  0.641,  0.989,  0.368
  0.636,  0.988,  0.359
  0.633,  0.990,  0.373
  0.629,  0.989,  0.364
  0.625,  0.991,  0.377
  0.621,  0.990,  0.368
  0.616,  0.992,  0.381
  0.613,  0.991,  0.371
  0.607,  0.993,  0.383
  0.605,  0.992,  0.374
  0.598,  0.994,  0.386
  0.596,  0.993,  0.376
  0.589,  0.995,  0.387
  0.587,  0.993,  0.377
  0.579,  0.996,  0.388
  0.579,  0.994,  0.378
  0.570,  0.996,  0.388
  0.570,  0.995,  0.378
  0.560,  0.997,  0.388
  0.561,  0.995,  0.378
  0.551,  0.997,  0.386
  0.552,  0.995,  0.377
  0.542,  0.997,  0.384
  0.544,  0.996,  0.375
  0.533,  0.997,  0.382
  0.535,  0.996,  0.372
  0.524,  0.997,  0.378
  0.527,  0.996,  0.369
  0.515,  0.997,  0.374
  0.519,  0.996,  0.365
  0.506,  0.997,  0.370
  0.511,  0.995,  0.361
  0.498,  0.997,  0.364
  0.503,  0.995,  0.356
  0.491,  0.996,  0.359
  0.496,  0.995,  0.351
  0.483,  0.996,  0.352
  0.489,  0.994,  0.345
  0.476,  0.995,  0.345
  0.483,  0.994,  0.339
  0.470,  0.994,  0.338
  0.477,  0.993,  0.332
  0.464,  0.993,  0.330
  0.471,  0.992,  0.324
  0.459,  0.992,  0.322
  0.466,  0.991,  0.317
  0.454,  0.991,  0.313
  0.462,  0.990,  0.309
  0.449,  0.990,  0.304
  0.458,  0.989,  0.301
  0.446,  0.989,  0.295
  0.455,  0.988,  0.292
  0.443,  0.988,  0.286
  0.452,  0.987,  0.283
  0.441,  0.986,  0.276
  0.450,  0.985,  0.274
  0.439,  0.985,  0.267
  0.448,  0.984,  0.265
  0.438,  0.983,  0.257
  0.447,  0.983,  0.256
  0.437,  0.982,  0.247
  0.447,  0.981,  0.247
  0.438,  0.980,  0.237
  0.447,  0.980,  0.238
  0.439,  0.979,  0.227
  0.448,  0.978,  0.229
  0.440,  0.977,  0.218
  0.450,  0.977,  0.220
  0.443,  0.975,  0.208
  0.452,  0.975,  0.211
  0.446,  0.974,  0.199
  0.455,  0.974,  0.202
  0.449,  0.972,  0.190
  0.458,  0.972,  0.194
  0.454,  0.970,  0.181
  0.462,  0.971,  0.186
  0.458,  0.969,  0.173
  0.466,  0.969,  0.178
  0.464,  0.967,  0.165
  0.471,  0.968,  0.171
  0.470,  0.966,  0.157
  0.477,  0.966,  0.164
  0.476,  0.964,  0.150
  0.483,  0.965,  0.157
  0.483,  0.963,  0.144
  0.489,  0.964,  0.151
  0.490,  0.961,  0.137
  0.496,  0.962,  0.146
  0.498,  0.960,  0.132
  0.503,  0.961,  0.140
  0.506,  0.959,  0.127
  0.511,  0.960,  0.136
  0.515,  0.958,  0.123
  0.519,  0.959,  0.132
  0.523,  0.956,  0.119
  0.527,  0.958,  0.129
  0.532,  0.956,  0.117
  0.535,  0.957,  0.126
  0.542,  0.955,  0.114
  0.544,  0.956,  0.124
  0.549,  0.964,  0.112
  0.551,  0.965,  0.121
  0.559,  0.963,  0.111
  0.559,  0.965,  0.121
  0.568,  0.963,  0.111
  0.568,  0.964,  0.120
  0.577,  0.963,  0.111
  0.577,  0.964,  0.121
  0.587,  0.962,  0.112
  0.586,  0.964,  0.122
  0.596,  0.962,  0.114
  0.594,  0.964,  0.124
  0.605,  0.963,  0.117
  0.603,  0.964,  0.126
  0.614,  0.963,  0.120
  0.611,  0.964,  0.129
  0.623,  0.963,  0.124
  0.619,  0.965,  0.133
  0.631,  0.963,  0.129
  0.627,  0.965,  0.137
  0.639,  0.964,  0.134
  0.634,  0.965,  0.142
  0.647,  0.965,  0.140
  0.641,  0.966,  0.148
  0.654,  0.965,  0.146
  0.648,  0.967,  0.153
  0.661,  0.966,  0.153
  0.655,  0.967,  0.160
  0.668,  0.967,  0.160
  0.661,  0.968,  0.167
  0.674,  0.968,  0.168
  0.666,  0.969,  0.174
  0.679,  0.969,  0.176
  0.671,  0.970,  0.181
  0.684,  0.970,  0.185
  0.676,  0.971,  0.189
  0.688,  0.972,  0.194
  0.680,  0.973,  0.198
  0.692,  0.973,  0.203
  0.683,  0.974,  0.206
  0.695,  0.974,  0.212
  0.686,  0.975,  0.215
  0.697,  0.976,  0.222
  0.688,  0.976,  0.224
  0.699,  0.977,  0.232
  0.689,  0.978,  0.233
  0.700,  0.979,  0.242
  0.690,  0.979,  0.242
  0.700,  0.980,  0.251
  0.691,  0.980,  0.251
  0.700,  0.982,  0.261
  0.690,  0.982,  0.260
  0.699,  0.983,  0.271
  0.689,  0.983,  0.270
  0.697,  0.985,  0.281
  0.688,  0.985,  0.278
  0.695,  0.986,  0.290
  0.686,  0.986,  0.287
  0.692,  0.988,  0.300
  0.683,  0.988,  0.296
  0.688,  0.989,  0.309
  0.680,  0.989,  0.304
  0.684,  0.991,  0.317
  0.676,  0.990,  0.312
  0.679,  0.992,  0.326
  0.671,  0.992,  0.320
  0.674,  0.994,  0.334
  0.666,  0.993,  0.328
  0.668,  0.995,  0.341
  0.661,  0.994,  0.335
  0.662,  0.996,  0.348
  0.655,  0.995,  0.341
  0.655,  0.998,  0.355
  0.649,  0.997,  0.347
  0.647,  0.999,  0.361
  0.642,  0.998,  0.353
  0.640,  1.000,  0.366
  0.635,  0.999,  0.358
  0.632,  1.001,  0.371
  0.627,  1.000,  0.363
  0.623,  1.002,  0.376
  0.619,  1.001,  0.367
  0.615,  1.003,  0.379
  0.611,  1.001,  0.370
  0.606,  1.003,  0.382
  0.603,  1.002,  0.373
  0.596,  1.004,  0.384
  0.594,  1.003,  0.375
  0.587,  1.005,  0.386
  0.586,  1.003,  0.376
  0.578,  1.005,  0.387
  0.577,  1.004,  0.377
  0.568,  1.005,  0.387
  0.568,  1.004,  0.377
  0.559,  1.006,  0.386
  0.560,  1.004,  0.377
  0.550,  1.006,  0.385
  0.551,  1.004,  0.375
  0.540,  1.006,  0.383
  0.542,  1.004,  0.374
  0.531,  1.006,  0.381
  0.534,  1.004,  0.371
  0.522,  1.005,  0.377
  0.526,  1.004,  0.368
  0.514,  1.005,  0.373
  0.518,  1.004,  0.364
  0.505,  1.005,  0.369
  0.510,  1.003,  0.360
  0.497,  1.004,  0.364
  0.502,  1.003,  0.355
  0.489,  1.004,  0.358
  0.495,  1.002,  0.350
  0.482,  1.003,  0.351
  0.488,  1.001,  0.344
  0.475,  1.002,  0.345
  0.482,  1.001,  0.338
  0.469,  1.001,  0.337
  0.476,  1.000,  0.331
  0.463,  1.000,  0.329
  0.470,  0.999,  0.324
  0.457,  0.999,  0.321
  0.465,  0.998,  0.316
  0.453,  0.998,  0.313
  0.461,  0.997,  0.308
  0.448,  0.997,  0.304
  0.457,  0.996,  0.300
  0.445,  0.995,  0.294
  0.454,  0.994,  0.291
  0.442,  0.994,  0.285
  0.451,  0.993,  0.282
  0.440,  0.993,  0.275
  0.449,  0.992,  0.274
  0.438,  0.991,  0.266
  0.447,  0.991,  0.264
  0.437,  0.990,  0.256
  0.446,  0.989,  0.255
  0.436,  0.988,  0.246
  0.446,  0.988,  0.246
  0.437,  0.987,  0.236
  0.446,  0.986,  0.237
  0.438,  0.985,  0.226
  0.447,  0.985,  0.228
  0.439,  0.983,  0.217
  0.449,  0.984,  0.219
  0.442,  0.982,  0.207
  0.451,  0.982,  0.210
  0.445,  0.980,  0.198
  0.454,  0.981,  0.202
  0.448,  0.979,  0.189
  0.457,  0.979,  0.193
  0.452,  0.977,  0.180
  0.461,  0.978,  0.185
  0.457,  0.976,  0.172
  0.465,  0.977,  0.177
  0.463,  0.975,  0.164
  0.470,  0.975,  0.170
  0.469,  0.973,  0.156
  0.476,  0.974,  0.163
  0.475,  0.972,  0.149
  0.482,  0.973,  0.156
  0.482,  0.971,  0.142
  0.488,  0.972,  0.150
  0.489,  0.969,  0.136
  0.495,  0.971,  0.144
  0.497,  0.968,  0.131
  0.502,  0.969,  0.139
  0.505,  0.967,  0.126
  0.509,  0.969,  0.135
  0.513,  0.966,  0.122
  0.517,  0.968,  0.131
  0.522,  0.966,  0.118
  0.525,  0.967,  0.128
  0.531,  0.965,  0.115
  0.534,  0.966,  0.125
  0.540,  0.964,  0.113
  0.542,  0.966,  0.123
  0.548,  0.973,  0.110
  0.549,  0.975,  0.120
  0.557,  0.973,  0.109
  0.558,  0.975,  0.119
  0.566,  0.973,  0.109
  0.566,  0.975,  0.119
  0.576,  0.973,  0.110
  0.575,  0.975,  0.120
  0.585,  0.973,  0.111
  0.584,  0.975,  0.121
  0.594,  0.973,  0.113
  0.592,  0.975,  0.122
  0.603,  0.974,  0.115
  0.601,  0.975,  0.125
  0.612,  0.974,  0.119
  0.609,  0.976,  0.128
  0.621,  0.975,  0.123
  0.617,  0.976,  0.132
  0.629,  0.975,  0.127
  0.625,  0.977,  0.136
  0.637,  0.976,  0.132
  0.632,  0.977,  0.141
  0.645,  0.977,  0.138
  0.640,  0.978,  0.146
  0.652,  0.978,  0.144
  0.646,  0.979,  0.152
  0.659,  0.979,  0.151
  0.653,  0.980,  0.158
  0.666,  0.980,  0.159
  0.659,  0.981,  0.165
  0.672,  0.981,  0.166
  0.664,  0.982,  0.172
  0.677,  0.982,  0.175
  0.669,  0.983,  0.180
  0.682,  0.983,  0.183
  0.674,  0.984,  0.188
  0.686,  0.985,  0.192
  0.677,  0.985,  0.196
  0.690,  0.986,  0.201
  0.681,  0.987,  0.205
  0.693,  0.988,  0.211
  0.684,  0.988,  0.213
  0.695,  0.989,  0.220
  0.686,  0.989,  0.222
  0.697,  0.990,  0.230
  0.687,  0.991,  0.231
  0.698,  0.992,  0.240
  0.688,  0.992,  0.240
  0.698,  0.993,  0.250
  0.689,  0.993,  0.250
  0.698,  0.995,  0.260
  0.688,  0.995,  0.259
  0.697,  0.996,  0.269
  0.687,  0.996,  0.268
  0.695,  0.998,  0.279
  0.686,  0.998,  0.277
  0.693,  0.999,  0.289
  0.684,  0.999,  0.286
  0.690,  1.001,  0.298
  0.681,  1.000,  0.294
  0.686,  1.002,  0.307
  0.678,  1.001,  0.303
  0.682,  1.003,  0.316
  0.674,  1.003,  0.311
  0.677,  1.005,  0.324
  0.669,  1.004,  0.319
  0.672,  1.006,  0.332
  0.664,  1.005,  0.326
  0.666,  1.007,  0.340
  0.659,  1.006,  0.333
  0.660,  1.008,  0.347
  0.653,  1.007,  0.340
  0.653,  1.009,  0.353
  0.647,  1.008,  0.346
  0.646,  1.010,  0.360
  0.640,  1.009,  0.352
  0.638,  1.011,  0.365
  0.633,  1.010,  0.357
  0.630,  1.012,  0.370
  0.625,  1.011,  0.361
  0.621,  1.013,  0.374
  0.618,  1.011,  0.365
  0.613,  1.013,  0.378
  0.610,  1.012,  0.369
  0.604,  1.014,  0.381
  0.601,  1.012,  0.371
  0.595,  1.014,  0.383
  0.593,  1.013,  0.373
  0.586,  1.014,  0.385
  0.584,  1.013,  0.375
  0.576,  1.015,  0.386
  0.576,  1.013,  0.376
  0.567,  1.015,  0.386
  0.567,  1.013,  0.376
  0.558,  1.015,  0.385
  0.558,  1.013,  0.375
  0.548,  1.015,  0.384
  0.550,  1.013,  0.374
  0.539,  1.014,  0.382
  0.541,  1.013,  0.372
  0.530,  1.014,  0.380
  0.533,  1.013,  0.370
  0.521,  1.014,  0.376
  0.524,  1.012,  0.367
  0.512,  1.013,  0.372
  0.516,  1.012,  0.363
  0.504,  1.012,  0.368
  0.509,  1.011,  0.359
  0.496,  1.012,  0.363
  0.501,  1.010,  0.354
  0.488,  1.011,  0.357
  0.494,  1.010,  0.349
  0.481,  1.010,  0.350
  0.487,  1.009,  0.343
  0.474,  1.009,  0.344
  0.481,  1.008,  0.337
  0.468,  1.008,  0.336
  0.475,  1.007,  0.330
  0.462,  1.007,  0.329
  0.469,  1.006,  0.323
  0.456,  1.006,  0.320
  0.464,  1.005,  0.315
  0.452,  1.004,  0.312
  0.460,  1.004,  0.307
  0.447,  1.003,  0.303
  0.456,  1.002,  0.299
  0.444,  1.002,  0.294
  0.453,  1.001,  0.290
  0.441,  1.000,  0.284
  0.450,  1.000,  0.282
  0.439,  0.999,  0.275
  0.448,  0.998,  0.273
  0.437,  0.997,  0.265
  0.446,  0.997,  0.264
  0.436,  0.996,  0.255
  0.445,  0.996,  0.255
  0.435,  0.994,  0.245
  0.445,  0.994,  0.245
  0.436,  0.993,  0.235
  0.445,  0.993,  0.236
  0.437,  0.991,  0.226
  0.446,  0.992,  0.227
  0.438,  0.990,  0.216
  0.448,  0.990,  0.218
  0.441,  0.989,  0.206
  0.450,  0.989,  0.209
  0.444,  0.987,  0.197
  0.452,  0.988,  0.201
  0.447,  0.986,  0.188
  0.456,  0.986,  0.192
  0.451,  0.984,  0.179
  0.460,  0.985,  0.184
  0.456,  0.983,  0.171
  0.464,  0.984,  0.176
  0.461,  0.982,  0.163
  0.469,  0.983,  0.169
  0.467,  0.981,  0.155
  0.474,  0.982,  0.162
  0.474,  0.980,  0.148
  0.480,  0.981,  0.155
  0.481,  0.979,  0.141
  0.487,  0.980,  0.149
  0.488,  0.978,  0.135
  0.493,  0.979,  0.143
  0.496,  0.977,  0.130
  0.501,  0.978,  0.138
  0.504,  0.976,  0.125
  0.508,  0.977,  0.134
  0.512,  0.975,  0.121
  0.516,  0.977,  0.130
  0.521,  0.975,  0.117
  0.524,  0.976,  0.126
  0.529,  0.974,  0.114
  0.532,  0.976,  0.124
  0.539,  0.974,  0.112
  0.541,  0.975,  0.122
  0.546,  0.983,  0.109
  0.548,  0.985,  0.119
  0.555,  0.983,  0.108
  0.556,  0.985,  0.118
  0.565,  0.983,  0.108
  0.565,  0.985,  0.118
  0.574,  0.984,  0.108
  0.574,  0.985,  0.118
  0.583,  0.984,  0.110
  0.582,  0.985,  0.119
  0.593,  0.984,  0.111
  0.591,  0.986,  0.121
  0.602,  0.985,  0.114
  0.599,  0.986,  0.123
  0.611,  0.986,  0.117
  0.607,  0.987,  0.126
  0.619,  0.986,  0.121
  0.615,  0.988,  0.130
  0.628,  0.987,  0.126
  0.623,  0.988,  0.134
  0.636,  0.988,  0.131
  0.631,  0.989,  0.139
  0.643,  0.989,  0.137
  0.638,  0.990,  0.144
  0.651,  0.990,  0.143
  0.644,  0.991,  0.150
  0.657,  0.991,  0.150
  0.651,  0.992,  0.157
  0.664,  0.993,  0.157
  0.657,  0.993,  0.163
  0.670,  0.994,  0.165
  0.662,  0.995,  0.171
  0.675,  0.995,  0.173
  0.667,  0.996,  0.178
  0.680,  0.997,  0.182
  0.672,  0.997,  0.186
  0.684,  0.998,  0.190
  0.675,  0.998,  0.194
  0.688,  0.999,  0.200
  0.679,  1.000,  0.203
  0.690,  1.001,  0.209
  0.682,  1.001,  0.212
  0.693,  1.002,  0.219
  0.684,  1.002,  0.221
  0.695,  1.004,  0.228
  0.685,  1.004,  0.230
  0.696,  1.005,  0.238
  0.686,  1.005,  0.239
  0.696,  1.007,  0.248
  0.687,  1.006,  0.248
  0.696,  1.008,  0.258
  0.686,  1.008,  0.257
  0.695,  1.009,  0.268
  0.685,  1.009,  0.266
  0.693,  1.011,  0.277
  0.684,  1.010,  0.275
  0.691,  1.012,  0.287
  0.682,  1.012,  0.284
  0.688,  1.014,  0.296
  0.679,  1.013,  0.293
  0.684,  1.015,  0.305
  0.676,  1.014,  0.301
  0.680,  1.016,  0.314
  0.672,  1.015,  0.309
  0.675,  1.017,  0.323
  0.667,  1.016,  0.317
  0.670,  1.018,  0.331
  0.663,  1.017,  0.325
  0.664,  1.019,  0.338
  0.657,  1.018,  0.332
  0.658,  1.020,  0.345
  0.651,  1.019,  0.338
  0.651,  1.021,  0.352
  0.645,  1.020,  0.344
  0.644,  1.022,  0.358
  0.638,  1.020,  0.350
  0.636,  1.022,  0.364
  0.631,  1.021,  0.355
  0.628,  1.023,  0.369
  0.624,  1.022,  0.360
  0.620,  1.023,  0.373
  0.616,  1.022,  0.364
  0.611,  1.024,  0.376
  0.608,  1.022,  0.367
  0.602,  1.024,  0.379
  0.600,  1.023,  0.370
  0.593,  1.024,  0.382
  0.591,  1.023,  0.372
  0.584,  1.024,  0.383
  0.583,  1.023,  0.374
  0.575,  1.024,  0.384
  0.574,  1.023,  0.374
  0.566,  1.024,  0.385
  0.565,  1.023,  0.375
  0.556,  1.024,  0.384
  0.557,  1.022,  0.374
  0.547,  1.023,  0.383
  0.548,  1.022,  0.373
  0.538,  1.023,  0.381
  0.540,  1.022,  0.371
  0.529,  1.022,  0.378
  0.531,  1.021,  0.369
  0.520,  1.022,  0.375
  0.523,  1.020,  0.366
  0.511,  1.021,  0.371
  0.515,  1.020,  0.362
  0.503,  1.020,  0.367
  0.507,  1.019,  0.358
  0.495,  1.019,  0.362
  0.500,  1.018,  0.353
  0.487,  1.018,  0.356
  0.493,  1.017,  0.348
  0.480,  1.017,  0.350
  0.486,  1.016,  0.342
  0.473,  1.016,  0.343
  0.480,  1.015,  0.336
  0.467,  1.015,  0.335
  0.474,  1.014,  0.329
  0.461,  1.014,  0.328
  0.468,  1.013,  0.322
  0.455,  1.012,  0.319
  0.463,  1.012,  0.314
  0.451,  1.011,  0.311
  0.459,  1.010,  0.306
  0.446,  1.009,  0.302
  0.455,  1.009,  0.298
  0.443,  1.008,  0.293
  0.452,  1.008,  0.290
  0.440,  1.007,  0.283
  0.449,  1.006,  0.281
  0.438,  1.005,  0.274
  0.447,  1.005,  0.272
  0.436,  1.004,  0.264
  0.445,  1.004,  0.263
  0.435,  1.002,  0.254
  0.444,  1.002,  0.254
  0.434,  1.001,  0.244
  0.444,  1.001,  0.245
  0.435,  0.999,  0.235
  0.444,  1.000,  0.235
  0.436,  0.998,  0.225
  0.445,  0.998,  0.226
  0.437,  0.997,  0.215
  0.446,  0.997,  0.217
  0.440,  0.995,  0.205
  0.449,  0.996,  0.208
  0.443,  0.994,  0.196
  0.451,  0.995,  0.200
  0.446,  0.993,  0.187
  0.455,  0.993,  0.191
  0.450,  0.991,  0.178
  0.458,  0.992,  0.183
  0.455,  0.990,  0.170
  0.463,  0.991,  0.175
  0.460,  0.989,  0.162
  0.468,  0.990,  0.168
  0.466,  0.988,  0.154
  0.473,  0.989,  0.161
  0.472,  0.987,  0.147
  0.479,  0.988,  0.154
  0.479,  0.986,  0.140
  0.485,  0.988,  0.148
  0.487,  0.986,  0.134
  0.492,  0.987,  0.142
  0.494,  0.985,  0.129
  0.499,  0.986,  0.137
  0.502,  0.984,  0.124
  0.507,  0.986,  0.133
  0.511,  0.984,  0.120
  0.514,  0.985,  0.129
  0.519,  0.984,  0.116
  0.522,  0.985,  0.125
  0.528,  0.983,  0.113
  0.531,  0.985,  0.122
  0.537,  0.983,  0.111
  0.539,  0.985,  0.120
  0.545,  0.993,  0.108
  0.546,  0.994,  0.118
  0.554,  0.993,  0.107
  0.555,  0.995,  0.117
  0.563,  0.994,  0.107
  0.563,  0.995,  0.116
  0.572,  0.994,  0.107
  0.572,  0.996,  0.117
  0.582,  0.995,  0.108
  0.580,  0.996,  0.118
  0.591,  0.996,  0.110
  0.589,  0.997,  0.120
  0.600,  0.996,  0.113
  0.597,  0.998,  0.122
  0.609,  0.997,  0.116
  0.605,  0.998,  0.125
  0.617,  0.998,  0.120
  0.613,  0.999,  0.129
  0.626,  0.999,  0.124
  0.621,  1.000,  0.133
  0.634,  1.000,  0.129
  0.629,  1.001,  0.138
  0.641,  1.001,  0.135
  0.636,  1.002,  0.143
  0.649,  1.003,  0.141
  0.642,  1.003,  0.149
  0.655,  1.004,  0.148
  0.649,  1.005,  0.155
  0.662,  1.005,  0.155
  0.655,  1.006,  0.162
  0.668,  1.007,  0.163
  0.660,  1.007,  0.169
  0.673,  1.008,  0.171
  0.665,  1.009,  0.177
  0.678,  1.010,  0.180
  0.670,  1.010,  0.185
  0.682,  1.011,  0.189
  0.673,  1.011,  0.193
  0.685,  1.013,  0.198
  0.677,  1.013,  0.201
  0.688,  1.014,  0.207
  0.679,  1.014,  0.210
  0.691,  1.016,  0.217
  0.682,  1.015,  0.219
  0.692,  1.017,  0.227
  0.683,  1.017,  0.228
  0.693,  1.018,  0.237
  0.684,  1.018,  0.237
  0.694,  1.020,  0.246
  0.684,  1.019,  0.246
  0.693,  1.021,  0.256
  0.684,  1.021,  0.255
  0.693,  1.023,  0.266
  0.683,  1.022,  0.265
  0.691,  1.024,  0.276
  0.682,  1.023,  0.274
  0.689,  1.025,  0.285
  0.680,  1.024,  0.282
  0.686,  1.026,  0.295
  0.677,  1.025,  0.291
  0.682,  1.028,  0.304
  0.674,  1.027,  0.300
  0.678,  1.029,  0.313
  0.670,  1.028,  0.308
  0.673,  1.030,  0.321
  0.666,  1.028,  0.316
  0.668,  1.030,  0.329
  0.661,  1.029,  0.323
  0.662,  1.031,  0.337
  0.655,  1.030,  0.330
  0.656,  1.032,  0.344
  0.649,  1.031,  0.337
  0.649,  1.033,  0.350
  0.643,  1.031,  0.343
  0.642,  1.033,  0.357
  0.636,  1.032,  0.349
  0.634,  1.034,  0.362
  0.629,  1.032,  0.354
  0.626,  1.034,  0.367
  0.622,  1.032,  0.358
  0.618,  1.034,  0.371
  0.614,  1.033,  0.362
  0.609,  1.034,  0.375
  0.606,  1.033,  0.366
  0.601,  1.034,  0.378
  0.598,  1.033,  0.369
  0.592,  1.034,  0.381
  0.590,  1.033,  0.371
  0.583,  1.034,  0.382
  0.581,  1.033,  0.372
  0.573,  1.034,  0.383
  0.573,  1.032,  0.373
  0.564,  1.033,  0.383
  0.564,  1.032,  0.373
  0.555,  1.033,  0.383
  0.555,  1.031,  0.373
  0.546,  1.032,  0.382
  0.547,  1.031,  0.372
  0.536,  1.031,  0.380
  0.538,  1.030,  0.370
  0.527,  1.031,  0.377
  0.530,  1.029,  0.368
  0.519,  1.030,  0.374
  0.522,  1.029,  0.365
  0.510,  1.029,  0.370
  0.514,  1.028,  0.361
  0.502,  1.028,  0.366
  0.506,  1.027,  0.357
  0.494,  1.027,  0.361
  0.499,  1.026,  0.352
  0.486,  1.026,  0.355
  0.491,  1.025,  0.347
  0.479,  1.024,  0.349
  0.485,  1.024,  0.341
  0.472,  1.023,  0.342
  0.478,  1.022,  0.335
  0.466,  1.022,  0.335
  0.473,  1.021,  0.328
  0.460,  1.020,  0.327
  0.467,  1.020,  0.321
  0.454,  1.019,  0.319
  0.462,  1.018,  0.313
  0.450,  1.017,  0.310
  0.458,  1.017,  0.305
  0.445,  1.016,  0.301
  0.454,  1.016,  0.297
  0.442,  1.014,  0.292
  0.450,  1.014,  0.289
  0.439,  1.013,  0.283
  0.448,  1.013,  0.280
  0.437,  1.011,  0.273
  0.446,  1.012,  0.271
  0.435,  1.010,  0.263
  0.444,  1.010,  0.262
  0.434,  1.009,  0.253
  0.443,  1.009,  0.253
  0.433,  1.007,  0.244
  0.443,  1.008,  0.244
  0.434,  1.006,  0.234
  0.443,  1.006,  0.235
  0.435,  1.004,  0.224
  0.444,  1.005,  0.225
  0.436,  1.003,  0.214
  0.445,  1.004,  0.216
  0.439,  1.002,  0.205
  0.448,  1.003,  0.208
  0.441,  1.001,  0.195
  0.450,  1.002,  0.199
  0.445,  0.999,  0.186
  0.453,  1.000,  0.190
  0.449,  0.998,  0.177
  0.457,  0.999,  0.182
  0.454,  0.997,  0.169
  0.462,  0.999,  0.174
  0.459,  0.997,  0.161
  0.467,  0.998,  0.167
  0.465,  0.996,  0.153
  0.472,  0.997,  0.160
  0.471,  0.995,  0.146
  0.478,  0.996,  0.153
  0.478,  0.994,  0.139
  0.484,  0.996,  0.147
  0.485,  0.994,  0.133
  0.491,  0.995,  0.141
  0.493,  0.993,  0.128
  0.498,  0.995,  0.136
  0.501,  0.993,  0.123
  0.505,  0.995,  0.132
  0.509,  0.993,  0.119
  0.513,  0.994,  0.128
  0.518,  0.993,  0.115
  0.521,  0.994,  0.124
  0.527,  0.993,  0.112
  0.529,  0.994,  0.121
  0.536,  0.993,  0.109
  0.538,  0.994,  0.119
  0.543,  1.003,  0.107
  0.544,  1.004,  0.116
  0.552,  1.003,  0.106
  0.553,  1.005,  0.115
  0.562,  1.004,  0.105
  0.562,  1.005,  0.115
  0.571,  1.005,  0.106
  0.570,  1.006,  0.116
  0.580,  1.006,  0.107
  0.579,  1.007,  0.117
  0.589,  1.007,  0.109
  0.587,  1.008,  0.118
  0.598,  1.008,  0.111
  0.596,  1.009,  0.121
  0.607,  1.009,  0.114
  0.604,  1.010,  0.124
  0.615,  1.010,  0.118
  0.612,  1.011,  0.127
  0.624,  1.011,  0.123
  0.619,  1.012,  0.131
  0.632,  1.012,  0.128
  0.627,  1.013,  0.136
  0.639,  1.014,  0.133
  0.634,  1.014,  0.141
  0.647,  1.015,  0.140
  0.641,  1.016,  0.147
  0.653,  1.017,  0.147
  0.647,  1.017,  0.153
  0.660,  1.018,  0.154
  0.653,  1.018,  0.160
  0.666,  1.020,  0.162
  0.658,  1.020,  0.167
  0.671,  1.021,  0.170
  0.663,  1.021,  0.175
  0.676,  1.023,  0.178
  0.667,  1.023,  0.183
  0.680,  1.024,  0.187
  0.671,  1.024,  0.191
  0.683,  1.026,  0.196
  0.675,  1.026,  0.200
  0.686,  1.027,  0.206
  0.677,  1.027,  0.208
  0.689,  1.029,  0.215
  0.680,  1.028,  0.217
  0.690,  1.030,  0.225
  0.681,  1.030,  0.226
  0.691,  1.032,  0.235
  0.682,  1.031,  0.235
  0.692,  1.033,  0.245
  0.682,  1.032,  0.245
  0.691,  1.034,  0.255
  0.682,  1.034,  0.254
  0.690,  1.036,  0.264
  0.681,  1.035,  0.263
  0.689,  1.037,  0.274
  0.680,  1.036,  0.272
  0.687,  1.038,  0.284
  0.678,  1.037,  0.281
  0.684,  1.039,  0.293
  0.675,  1.038,  0.290
  0.680,  1.040,  0.302
  0.672,  1.039,  0.298
  0.676,  1.041,  0.311
  0.668,  1.040,  0.306
  0.671,  1.042,  0.319
  0.664,  1.041,  0.314
  0.666,  1.043,  0.327
  0.659,  1.041,  0.321
  0.660,  1.043,  0.335
  0.653,  1.042,  0.329
  0.654,  1.044,  0.342
  0.647,  1.042,  0.335
  0.647,  1.044,  0.349
  0.641,  1.043,  0.341
  0.640,  1.045,  0.355
  0.635,  1.043,  0.347
  0.633,  1.045,  0.361
  0.628,  1.043,  0.352
  0.625,  1.045,  0.366
  0.620,  1.043,  0.357
  0.616,  1.045,  0.370
  0.612,  1.043,  0.361
  0.608,  1.045,  0.374
  0.605,  1.043,  0.365
  0.599,  1.045,  0.377
  0.596,  1.043,  0.367
  0.590,  1.044,  0.379
  0.588,  1.043,  0.370
  0.581,  1.044,  0.381
  0.580,  1.042,  0.371
  0.572,  1.043,  0.382
  0.571,  1.042,  0.372
  0.563,  1.043,  0.382
  0.563,  1.041,  0.372
  0.553,  1.042,  0.382
  0.554,  1.041,  0.372
  0.544,  1.041,  0.381
  0.545,  1.040,  0.371
  0.535,  1.040,  0.379
  0.537,  1.039,  0.369
  0.526,  1.039,  0.376
  0.529,  1.038,  0.367
  0.517,  1.038,  0.373
  0.520,  1.037,  0.364
  0.509,  1.037,  0.369
  0.512,  1.036,  0.360
  0.500,  1.036,  0.365
  0.505,  1.035,  0.356
  0.492,  1.034,  0.360
  0.497,  1.033,  0.351
  0.485,  1.033,  0.354
  0.490,  1.032,  0.346
  0.478,  1.031,  0.348
  0.484,  1.031,  0.340
  0.471,  1.030,  0.341
  0.477,  1.030,  0.334
  0.464,  1.028,  0.334
  0.471,  1.028,  0.327
  0.459,  1.027,  0.326
  0.466,  1.027,  0.320
  0.453,  1.025,  0.318
  0.461,  1.025,  0.312
  0.449,  1.024,  0.309
  0.457,  1.024,  0.305
  0.444,  1.022,  0.300
  0.453,  1.022,  0.296
  0.441,  1.021,  0.291
  0.449,  1.021,  0.288
  0.438,  1.019,  0.282
  0.447,  1.020,  0.279
  0.436,  1.018,  0.272
  0.445,  1.018,  0.270
  0.434,  1.016,  0.262
  0.443,  1.017,  0.261
  0.433,  1.015,  0.253
  0.442,  1.015,  0.252
  0.432,  1.013,  0.243
  0.442,  1.014,  0.243
  0.433,  1.012,  0.233
  0.442,  1.013,  0.234
  0.434,  1.011,  0.223
  0.443,  1.012,  0.225
  0.435,  1.010,  0.213
  0.444,  1.011,  0.216
  0.438,  1.008,  0.204
  0.446,  1.009,  0.207
  0.440,  1.007,  0.194
  0.449,  1.008,  0.198
  0.444,  1.006,  0.185
  0.452,  1.008,  0.190
  0.448,  1.005,  0.177
  0.456,  1.007,  0.181
  0.453,  1.005,  0.168
  0.461,  1.006,  0.173
  0.458,  1.004,  0.160
  0.465,  1.005,  0.166
  0.464,  1.003,  0.152
  0.471,  1.005,  0.159
  0.470,  1.003,  0.145
  0.477,  1.004,  0.152
  0.477,  1.002,  0.138
  0.483,  1.004,  0.146
  0.484,  1.002,  0.132
  0.490,  1.003,  0.140
  0.492,  1.002,  0.127
  0.497,  1.003,  0.135
  0.499,  1.002,  0.122
  0.504,  1.003,  0.130
  0.508,  1.002,  0.117
  0.512,  1.003,  0.126
  0.516,  1.002,  0.114
  0.520,  1.003,  0.123
  0.525,  1.002,  0.111
  0.528,  1.004,  0.120
  0.534,  1.002,  0.108
  0.536,  1.004,  0.118
  0.542,  1.013,  0.105
  0.543,  1.014,  0.115
  0.551,  1.013,  0.104
  0.551,  1.015,  0.114
  0.560,  1.014,  0.104
  0.560,  1.016,  0.114
  0.569,  1.015,  0.104
  0.569,  1.017,  0.114
  0.578,  1.016,  0.105
  0.577,  1.018,  0.115
  0.587,  1.018,  0.107
  0.585,  1.019,  0.117
  0.596,  1.019,  0.110
  0.594,  1.020,  0.119
  0.605,  1.020,  0.113
  0.602,  1.021,  0.122
  0.614,  1.022,  0.117
  0.610,  1.022,  0.126
  0.622,  1.023,  0.121
  0.617,  1.024,  0.130
  0.630,  1.024,  0.126
  0.625,  1.025,  0.135
  0.637,  1.026,  0.132
  0.632,  1.027,  0.140
  0.645,  1.028,  0.138
  0.639,  1.028,  0.146
  0.651,  1.029,  0.145
  0.645,  1.029,  0.152
  0.658,  1.031,  0.152
  0.651,  1.031,  0.159
  0.663,  1.032,  0.160
  0.656,  1.033,  0.166
  0.669,  1.034,  0.168
  0.661,  1.034,  0.173
  0.674,  1.036,  0.177
  0.665,  1.036,  0.181
  0.678,  1.037,  0.185
  0.669,  1.037,  0.189
  0.681,  1.039,  0.195
  0.673,  1.039,  0.198
  0.684,  1.041,  0.204
  0.675,  1.040,  0.207
  0.687,  1.042,  0.214
  0.678,  1.041,  0.216
  0.688,  1.044,  0.223
  0.679,  1.043,  0.225
  0.689,  1.045,  0.233
  0.680,  1.044,  0.234
  0.690,  1.046,  0.243
  0.680,  1.045,  0.243
  0.689,  1.048,  0.253
  0.680,  1.047,  0.252
  0.688,  1.049,  0.263
  0.679,  1.048,  0.261
  0.687,  1.050,  0.272
  0.678,  1.049,  0.270
  0.685,  1.051,  0.282
  0.676,  1.050,  0.279
  0.682,  1.052,  0.291
  0.673,  1.051,  0.288
  0.678,  1.053,  0.301
  0.670,  1.052,  0.296
  0.674,  1.054,  0.309
  0.666,  1.052,  0.305
  0.669,  1.054,  0.318
  0.662,  1.053,  0.312
  0.664,  1.055,  0.326
  0.657,  1.053,  0.320
  0.658,  1.055,  0.334
  0.651,  1.054,  0.327
  0.652,  1.056,  0.341
  0.646,  1.054,  0.334
  0.645,  1.056,  0.348
  0.639,  1.054,  0.340
  0.638,  1.056,  0.354
  0.633,  1.054,  0.346
  0.631,  1.056,  0.359
  0.626,  1.054,  0.351
  0.623,  1.056,  0.364
  0.618,  1.054,  0.356
  0.615,  1.056,  0.369
  0.611,  1.054,  0.360
  0.606,  1.055,  0.372
  0.603,  1.054,  0.363
  0.597,  1.055,  0.376
  0.595,  1.053,  0.366
  0.589,  1.054,  0.378
  0.587,  1.053,  0.368
  0.579,  1.054,  0.380
  0.578,  1.052,  0.370
  0.570,  1.053,  0.381
  0.570,  1.051,  0.371
  0.561,  1.052,  0.381
  0.561,  1.051,  0.371
  0.552,  1.051,  0.381
  0.552,  1.050,  0.371
  0.543,  1.050,  0.380
  0.544,  1.049,  0.370
  0.534,  1.049,  0.378
  0.536,  1.048,  0.368
  0.525,  1.047,  0.375
  0.527,  1.046,  0.366
  0.516,  1.046,  0.372
  0.519,  1.045,  0.363
  0.507,  1.045,  0.368
  0.511,  1.044,  0.359
  0.499,  1.043,  0.364
  0.504,  1.042,  0.355
  0.491,  1.042,  0.359
  0.496,  1.041,  0.350
  0.484,  1.040,  0.353
  0.489,  1.040,  0.345
  0.476,  1.039,  0.347
  0.482,  1.038,  0.339
  0.470,  1.037,  0.340
  0.476,  1.037,  0.333
  0.463,  1.035,  0.333
  0.470,  1.035,  0.326
  0.458,  1.034,  0.325
  0.465,  1.034,  0.319
  0.452,  1.032,  0.317
  0.460,  1.032,  0.312
  0.447,  1.030,  0.308
  0.456,  1.031,  0.304
  0.443,  1.029,  0.300
  0.452,  1.029,  0.295
  0.440,  1.027,  0.290
  0.448,  1.028,  0.287
  0.437,  1.026,  0.281
  0.446,  1.026,  0.278
  0.435,  1.024,  0.271
  0.444,  1.025,  0.269
  0.433,  1.023,  0.262
  0.442,  1.023,  0.260
  0.432,  1.021,  0.252
  0.441,  1.022,  0.251
  0.431,  1.020,  0.242
  0.441,  1.021,  0.242
  0.432,  1.018,  0.232
  0.441,  1.020,  0.233
  0.433,  1.017,  0.222
  0.442,  1.018,  0.224
  0.434,  1.016,  0.213
  0.443,  1.017,  0.215
  0.436,  1.015,  0.203
  0.445,  1.016,  0.206
  0.439,  1.014,  0.194
  0.448,  1.015,  0.197
  0.443,  1.013,  0.184
  0.451,  1.015,  0.189
  0.447,  1.012,  0.176
  0.455,  1.014,  0.180
  0.452,  1.012,  0.167
  0.459,  1.013,  0.173
  0.457,  1.011,  0.159
  0.464,  1.013,  0.165
  0.463,  1.011,  0.151
  0.470,  1.012,  0.158
  0.469,  1.010,  0.144
  0.475,  1.012,  0.151
  0.476,  1.010,  0.137
  0.482,  1.012,  0.145
  0.483,  1.010,  0.131
  0.488,  1.012,  0.139
  0.490,  1.010,  0.126
  0.495,  1.012,  0.134
  0.498,  1.010,  0.121
  0.503,  1.012,  0.129
  0.506,  1.010,  0.116
  0.510,  1.012,  0.125
  0.515,  1.011,  0.113
  0.518,  1.012,  0.122
  0.524,  1.011,  0.109
  0.526,  1.013,  0.119
  0.533,  1.012,  0.107
  0.535,  1.013,  0.117
  0.540,  1.022,  0.104
  0.541,  1.024,  0.114
  0.549,  1.023,  0.103
  0.550,  1.025,  0.113
  0.558,  1.025,  0.103
  0.558,  1.026,  0.113
  0.567,  1.026,  0.103
  0.567,  1.027,  0.113
  0.577,  1.027,  0.104
  0.575,  1.028,  0.114
  0.586,  1.029,  0.106
  0.584,  1.030,  0.115
  0.595,  1.030,  0.108
  0.592,  1.031,  0.118
  0.603,  1.032,  0.111
  0.600,  1.032,  0.121
  0.612,  1.033,  0.115
  0.608,  1.034,  0.124
  0.620,  1.035,  0.120
  0.616,  1.035,  0.128
  0.628,  1.037,  0.125
  0.623,  1.037,  0.133
  0.635,  1.038,  0.130
  0.630,  1.039,  0.138
  0.643,  1.040,  0.137
  0.637,  1.040,  0.144
  0.649,  1.042,  0.143
  0.643,  1.042,  0.150
  0.656,  1.044,  0.151
  0.649,  1.044,  0.157
  0.661,  1.045,  0.158
  0.654,  1.045,  0.164
  0.667,  1.047,  0.166
  0.659,  1.047,  0.172
  0.671,  1.049,  0.175
  0.663,  1.048,  0.180
  0.676,  1.051,  0.184
  0.667,  1.050,  0.188
  0.679,  1.052,  0.193
  0.671,  1.052,  0.196
  0.682,  1.054,  0.202
  0.673,  1.053,  0.205
  0.684,  1.055,  0.212
  0.675,  1.055,  0.214
  0.686,  1.057,  0.222
  0.677,  1.056,  0.223
  0.687,  1.058,  0.231
  0.678,  1.057,  0.232
  0.687,  1.060,  0.241
  0.678,  1.058,  0.241
  0.687,  1.061,  0.251
  0.678,  1.060,  0.250
  0.686,  1.062,  0.261
  0.677,  1.061,  0.260
  0.685,  1.063,  0.271
  0.676,  1.062,  0.269
  0.682,  1.064,  0.280
  0.674,  1.063,  0.278
  0.680,  1.065,  0.290
  0.671,  1.063,  0.286
  0.676,  1.066,  0.299
  0.668,  1.064,  0.295
  0.672,  1.066,  0.308
  0.664,  1.065,  0.303
  0.667,  1.067,  0.316
  0.660,  1.065,  0.311
  0.662,  1.067,  0.324
  0.655,  1.066,  0.318
  0.657,  1.068,  0.332
  0.650,  1.066,  0.326
  0.650,  1.068,  0.339
  0.644,  1.066,  0.332
  0.644,  1.068,  0.346
  0.638,  1.066,  0.339
  0.637,  1.068,  0.352
  0.631,  1.066,  0.344
  0.629,  1.067,  0.358
  0.624,  1.066,  0.350
  0.621,  1.067,  0.363
  0.617,  1.065,  0.354
  0.613,  1.067,  0.367
  0.609,  1.065,  0.358
  0.604,  1.066,  0.371
  0.601,  1.064,  0.362
  0.596,  1.065,  0.374
  0.593,  1.064,  0.365
  0.587,  1.064,  0.377
  0.585,  1.063,  0.367
  0.578,  1.063,  0.378
  0.577,  1.062,  0.369
  0.569,  1.062,  0.379
  0.568,  1.061,  0.370
  0.560,  1.061,  0.380
  0.560,  1.060,  0.370
  0.550,  1.060,  0.379
  0.551,  1.059,  0.370
  0.541,  1.059,  0.378
  0.543,  1.058,  0.369
  0.532,  1.057,  0.377
  0.534,  1.056,  0.367
  0.523,  1.056,  0.374
  0.526,  1.055,  0.365
  0.515,  1.054,  0.371
  0.518,  1.053,  0.362
  0.506,  1.053,  0.367
  0.510,  1.052,  0.358
  0.498,  1.051,  0.363
  0.502,  1.050,  0.354
  0.490,  1.049,  0.358
  0.495,  1.049,  0.349
  0.482,  1.047,  0.352
  0.488,  1.047,  0.344
  0.475,  1.046,  0.346
  0.481,  1.046,  0.338
  0.469,  1.044,  0.339
  0.475,  1.044,  0.332
  0.462,  1.042,  0.332
  0.469,  1.042,  0.325
  0.456,  1.040,  0.324
  0.464,  1.041,  0.318
  0.451,  1.039,  0.316
  0.459,  1.039,  0.311
  0.446,  1.037,  0.308
  0.454,  1.037,  0.303
  0.442,  1.035,  0.299
  0.451,  1.036,  0.295
  0.439,  1.034,  0.290
  0.447,  1.034,  0.286
  0.436,  1.032,  0.280
  0.445,  1.033,  0.277
  0.434,  1.030,  0.271
  0.442,  1.031,  0.269
  0.432,  1.029,  0.261
  0.441,  1.030,  0.259
  0.431,  1.027,  0.251
  0.440,  1.029,  0.250
  0.430,  1.026,  0.241
  0.440,  1.027,  0.241
  0.431,  1.025,  0.231
  0.440,  1.026,  0.232
  0.432,  1.024,  0.221
  0.441,  1.025,  0.223
  0.433,  1.023,  0.212
  0.442,  1.024,  0.214
  0.435,  1.022,  0.202
  0.444,  1.023,  0.205
  0.438,  1.021,  0.193
  0.447,  1.022,  0.196
  0.442,  1.020,  0.184
  0.450,  1.022,  0.188
  0.446,  1.019,  0.175
  0.454,  1.021,  0.179
  0.450,  1.019,  0.166
  0.458,  1.021,  0.172
  0.456,  1.018,  0.158
  0.463,  1.020,  0.164
  0.461,  1.018,  0.150
  0.468,  1.020,  0.157
  0.468,  1.018,  0.143
  0.474,  1.020,  0.150
  0.474,  1.018,  0.136
  0.480,  1.020,  0.144
  0.481,  1.018,  0.130
  0.487,  1.020,  0.138
  0.489,  1.018,  0.125
  0.494,  1.020,  0.133
  0.497,  1.019,  0.120
  0.501,  1.021,  0.128
  0.505,  1.019,  0.115
  0.509,  1.021,  0.124
  0.513,  1.020,  0.111
  0.517,  1.022,  0.121
  0.522,  1.021,  0.108
  0.525,  1.022,  0.118
  0.531,  1.021,  0.106
  0.533,  1.023,  0.115
  0.538,  1.032,  0.103
  0.540,  1.034,  0.113
  0.548,  1.033,  0.102
  0.548,  1.035,  0.112
  0.557,  1.035,  0.101
  0.557,  1.036,  0.111
  0.566,  1.036,  0.102
  0.565,  1.038,  0.112
  0.575,  1.038,  0.103
  0.574,  1.039,  0.112
  0.584,  1.040,  0.104
  0.582,  1.041,  0.114
  0.593,  1.041,  0.107
  0.590,  1.042,  0.116
  0.601,  1.043,  0.110
  0.598,  1.044,  0.119
  0.610,  1.045,  0.114
  0.606,  1.045,  0.123
  0.618,  1.047,  0.118
  0.614,  1.047,  0.127
  0.626,  1.049,  0.123
  0.621,  1.049,  0.131
  0.634,  1.051,  0.129
  0.628,  1.051,  0.137
  0.641,  1.052,  0.135
  0.635,  1.053,  0.142
  0.647,  1.054,  0.142
  0.641,  1.054,  0.149
  0.654,  1.056,  0.149
  0.647,  1.056,  0.155
  0.659,  1.058,  0.157
  0.652,  1.058,  0.163
  0.665,  1.060,  0.165
  0.657,  1.060,  0.170
  0.669,  1.062,  0.173
  0.661,  1.061,  0.178
  0.674,  1.064,  0.182
  0.665,  1.063,  0.186
  0.677,  1.065,  0.191
  0.669,  1.065,  0.195
  0.680,  1.067,  0.201
  0.671,  1.066,  0.203
  0.682,  1.069,  0.210
  0.673,  1.068,  0.212
  0.684,  1.070,  0.220
  0.675,  1.069,  0.221
  0.685,  1.072,  0.230
  0.676,  1.070,  0.230
  0.685,  1.073,  0.240
  0.676,  1.071,  0.240
  0.685,  1.074,  0.250
  0.676,  1.073,  0.249
  0.684,  1.075,  0.259
  0.675,  1.074,  0.258
  0.683,  1.076,  0.269
  0.674,  1.075,  0.267
  0.680,  1.077,  0.279
  0.672,  1.075,  0.276
  0.678,  1.078,  0.288
  0.669,  1.076,  0.285
  0.674,  1.079,  0.297
  0.666,  1.077,  0.293
  0.670,  1.079,  0.306
  0.662,  1.077,  0.301
  0.665,  1.079,  0.315
  0.658,  1.077,  0.309
  0.660,  1.080,  0.323
  0.653,  1.078,  0.317
  0.655,  1.080,  0.331
  0.648,  1.078,  0.324
  0.648,  1.080,  0.338
  0.642,  1.078,  0.331
  0.642,  1.079,  0.345
  0.636,  1.077,  0.337
  0.635,  1.079,  0.351
  0.629,  1.077,  0.343
  0.627,  1.079,  0.356
  0.622,  1.077,  0.348
  0.619,  1.078,  0.361
  0.615,  1.076,  0.353
  0.611,  1.077,  0.366
  0.607,  1.076,  0.357
  0.603,  1.076,  0.370
  0.600,  1.075,  0.360
  0.594,  1.075,  0.373
  0.592,  1.074,  0.363
  0.585,  1.074,  0.375
  0.583,  1.073,  0.366
  0.576,  1.073,  0.377
  0.575,  1.072,  0.367
  0.567,  1.072,  0.378
  0.567,  1.071,  0.368
  0.558,  1.070,  0.379
  0.558,  1.069,  0.369
  0.549,  1.069,  0.378
  0.550,  1.068,  0.368
  0.540,  1.067,  0.377
  0.541,  1.066,  0.367
  0.531,  1.066,  0.376
  0.533,  1.065,  0.366
  0.522,  1.064,  0.373
  0.525,  1.063,  0.364
  0.513,  1.062,  0.370
  0.517,  1.062,  0.361
  0.505,  1.060,  0.366
  0.509,  1.060,  0.357
  0.497,  1.059,  0.362
  0.501,  1.058,  0.353
  0.489,  1.057,  0.357
  0.494,  1.056,  0.348
  0.481,  1.055,  0.351
  0.487,  1.055,  0.343
  0.474,  1.053,  0.345
  0.480,  1.053,  0.338
  0.467,  1.051,  0.338
  0.474,  1.051,  0.331
  0.461,  1.049,  0.331
  0.468,  1.049,  0.325
  0.455,  1.047,  0.323
  0.463,  1.048,  0.317
  0.450,  1.045,  0.315
  0.458,  1.046,  0.310
  0.445,  1.043,  0.307
  0.453,  1.044,  0.302
  0.441,  1.042,  0.298
  0.450,  1.042,  0.294
  0.438,  1.040,  0.289
  0.446,  1.041,  0.285
  0.435,  1.038,  0.279
  0.444,  1.039,  0.277
  0.433,  1.037,  0.270
  0.441,  1.038,  0.268
  0.431,  1.035,  0.260
  0.440,  1.036,  0.259
  0.430,  1.034,  0.250
  0.439,  1.035,  0.250
  0.429,  1.032,  0.240
  0.439,  1.034,  0.240
  0.430,  1.031,  0.230
  0.439,  1.033,  0.231
  0.431,  1.030,  0.221
  0.440,  1.032,  0.222
  0.432,  1.029,  0.211
  0.441,  1.031,  0.213
  0.434,  1.028,  0.201
  0.443,  1.030,  0.204
  0.437,  1.028,  0.192
  0.446,  1.029,  0.195
  0.441,  1.027,  0.183
  0.449,  1.029,  0.187
  0.445,  1.026,  0.174
  0.453,  1.028,  0.179
  0.449,  1.026,  0.165
  0.457,  1.028,  0.171
  0.455,  1.026,  0.157
  0.462,  1.028,  0.163
  0.460,  1.026,  0.149
  0.467,  1.028,  0.156
  0.466,  1.026,  0.142
  0.473,  1.028,  0.149
  0.473,  1.026,  0.135
  0.479,  1.028,  0.143
  0.480,  1.026,  0.129
  0.486,  1.028,  0.137
  0.488,  1.027,  0.124
  0.493,  1.029,  0.132
  0.495,  1.027,  0.118
  0.500,  1.029,  0.127
  0.504,  1.028,  0.114
  0.507,  1.030,  0.123
  0.512,  1.029,  0.110
  0.515,  1.031,  0.119
  0.521,  1.030,  0.107
  0.523,  1.032,  0.117
  0.529,  1.031,  0.105
  0.531,  1.033,  0.114
5,2,1,4
8,5,2,6
4,5,2,8
7,5,4,8
4,7,1,5
1,7,4,3
7,4,3,10
12,7,4,8
10,7,4,12
11,7,10,12
10,11,3,7
3,11,10,9
11,10,9,14
16,11,10,12
14,11,10,16
15,11,14,16
14,15,9,11
9,15,14,13
15,14,13,18
20,15,14,16
18,15,14,20
19,15,18,20
18,19,13,15
13,19,18,17
19,18,17,22
24,19,18,20
22,19,18,24
23,19,22,24
22,23,17,19
17,23,22,21
23,22,21,26
28,23,22,24
26,23,22,28
27,23,26,28
26,27,21,23
21,27,26,25
27,26,25,30
32,27,26,28
30,27,26,32
31,27,30,32
30,31,25,27
25,31,30,29
31,30,29,34
36,31,30,32
34,31,30,36
35,31,34,36
34,35,29,31
29,35,34,33
35,34,33,38
40,35,34,36
38,35,34,40
39,35,38,40
38,39,33,35
33,39,38,37
39,38,37,42
44,39,38,40
42,39,38,44
43,39,42,44
42,43,37,39
37,43,42,41
43,42,41,46
48,43,42,44
46,43,42,48
47,43,46,48
46,47,41,43
41,47,46,45
47,46,45,50
52,47,46,48
50,47,46,52
51,47,50,52
50,51,45,47
45,51,50,49
51,50,49,54
56,51,50,52
54,51,50,56
55,51,54,56
54,55,49,51
49,55,54,53
55,54,53,58
60,55,54,56
58,55,54,60
59,55,58,60
58,59,53,55
53,59,58,57
59,58,57,62
64,59,58,60
62,59,58,64
63,59,62,64
62,63,57,59
57,63,62,61
63,62,61,66
68,63,62,64
66,63,62,68
67,63,66,68
66,67,61,63
61,67,66,65
67,66,65,70
72,67,66,68
70,67,66,72
71,67,70,72
70,71,65,67
65,71,70,69
71,70,69,74
76,71,70,72
74,71,70,76
75,71,74,76
74,75,69,71
69,75,74,73
75,74,73,78
80,75,74,76
78,75,74,80
79,75,78,80
78,79,73,75
73,79,78,77
79,78,77,82
84,79,78,80
82,79,78,84
83,79,82,84
82,83,77,79
77,83,82,81
83,82,81,86
88,83,82,84
86,83,82,88
87,83,86,88
86,87,81,83
81,87,86,85
87,86,85,90
92,87,86,88
90,87,86,92
91,87,90,92
90,91,85,87
85,91,90,89
91,90,89,94
96,91,90,92
94,91,90,96
95,91,94,96
94,95,89,91
89,95,94,93
95,94,93,98
100,95,94,96
98,95,94,100
99,95,98,100
98,99,93,95
93,99,98,97
99,98,97,102
104,99,98,100
102,99,98,104
103,99,102,104
102,103,97,99
97,103,102,101
103,102,101,106
108,103,102,104
106,103,102,108
107,103,106,108
106,107,101,103
101,107,106,105
107,106,105,110
112,107,106,108
110,107,106,112
111,107,110,112
110,111,105,107
105,111,110,109
111,110,109,114
116,111,110,112
114,111,110,116
115,111,114,116
114,115,109,111
109,115,114,113
115,114,113,118
120,115,114,116
118,115,114,120
119,115,118,120
118,119,113,115
113,119,118,117
119,118,117,122
124,119,118,120
122,119,118,124
123,119,122,124
122,123,117,119
117,123,122,121
123,122,121,126
128,123,122,124
126,123,122,128
127,123,126,128
126,127,121,123
121,127,126,125
127,126,125,130
132,127,126,128
130,127,126,132
131,127,130,132
130,131,125,127
125,131,130,129
131,130,129,134
136,131,130,132
134,131,130,136
135,131,134,136
134,135,129,131
129,135,134,133
135,134,133,138
140,135,134,136
138,135,134,140
139,135,138,140
138,139,133,135
133,139,138,137
139,138,137,142
144,139,138,140
142,139,138,144
143,139,142,144
142,143,137,139
137,143,142,141
143,142,141,146
148,143,142,144
146,143,142,148
147,143,146,148
146,147,141,143
141,147,146,145
147,146,145,150
152,147,146,148
150,147,146,152
151,147,150,152
150,151,145,147
145,151,150,149
151,150,149,154
156,151,150,152
154,151,150,156
155,151,154,156
154,155,149,151
149,155,154,153
155,154,153,158
160,155,154,156
158,155,154,160
159,155,158,160
158,159,153,155
153,159,158,157
159,158,157,162
164,159,158,160
162,159,158,164
163,159,162,164
162,163,157,159
157,163,162,161
163,162,161,166
168,163,162,164
166,163,162,168
167,163,166,168
166,167,161,163
161,167,166,165
167,166,165,170
172,167,166,168
170,167,166,172
171,167,170,172
170,171,165,167
165,171,170,169
171,170,169,174
176,171,170,172
174,171,170,176
175,171,174,176
174,175,169,171
169,175,174,173
175,174,173,178
180,175,174,176
178,175,174,180
179,175,178,180
178,179,173,175
173,179,178,177
179,178,177,182
184,179,178,180
182,179,178,184
183,179,182,184
182,183,177,179
177,183,182,181
183,182,181,186
188,183,182,184
186,183,182,188
187,183,186,188
186,187,181,183
181,187,186,185
187,186,185,190
192,187,186,188
190,187,186,192
191,187,190,192
190,191,185,187
185,191,190,189
191,190,189,194
196,191,190,192
194,191,190,196
195,191,194,196
194,195,189,191
189,195,194,193
195,194,193,198
200,195,194,196
198,195,194,200
199,195,198,200
198,199,193,195
193,199,198,197
199,198,197,202
204,199,198,200
202,199,198,204
203,199,202,204
202,203,197,199
197,203,202,201
203,202,201,206
208,203,202,204
206,203,202,208
207,203,206,208
206,207,201,203
201,207,206,205
207,206,205,210
212,207,206,208
210,207,206,212
211,207,210,212
210,211,205,207
205,211,210,209
211,210,209,214
216,211,210,212
214,211,210,216
215,211,214,216
214,215,209,211
209,215,214,213
215,214,213,218
220,215,214,216
218,215,214,220
219,215,218,220
218,219,213,215
213,219,218,217
219,218,217,222
224,219,218,220
222,219,218,224
223,219,222,224
222,223,217,219
217,223,222,221
223,222,221,226
228,223,222,224
226,223,222,228
227,223,226,228
226,227,221,223
221,227,226,225
227,226,225,230
232,227,226,228
230,227,226,232
231,227,230,232
230,231,225,227
225,231,230,229
231,230,229,234
236,231,230,232
234,231,230,236
235,231,234,236
234,235,229,231
229,235,234,233
235,234,233,238
240,235,234,236
238,235,234,240
239,235,238,240
238,239,233,235
233,239,238,237
239,238,237,242
244,239,238,240
242,239,238,244
243,239,242,244
242,243,237,239
237,243,242,241
243,242,241,246
248,243,242,244
246,243,242,248
247,243,246,248
246,247,241,243
241,247,246,245
247,246,245,250
252,247,246,248
250,247,246,252
251,247,250,252
250,251,245,247
245,251,250,249
251,250,249,254
256,251,250,252
254,251,250,256
255,251,254,256
254,255,249,251
249,255,254,253
255,254,253,258
260,255,254,256
258,255,254,260
259,255,258,260
258,259,253,255
253,259,258,257
259,258,257,262
264,259,258,260
262,259,258,264
263,259,262,264
262,263,257,259
257,263,262,261
263,262,261,266
268,263,262,264
266,263,262,268
267,263,266,268
266,267,261,263
261,267,266,265
267,266,265,270
272,267,266,268
270,267,266,272
271,267,270,272
270,271,265,267
265,271,270,269
271,270,269,274
276,271,270,272
274,271,270,276
275,271,274,276
274,275,269,271
269,275,274,273
275,274,273,278
280,275,274,276
278,275,274,280
279,275,278,280
278,279,273,275
273,279,278,277
279,278,277,282
284,279,278,280
282,279,278,284
283,279,282,284
282,283,277,279
277,283,282,281
283,282,281,286
288,283,282,284
286,283,282,288
287,283,286,288
286,287,281,283
281,287,286,285
287,286,285,290
292,287,286,288
290,287,286,292
291,287,290,292
290,291,285,287
285,291,290,289
291,290,289,294
296,291,290,292
294,291,290,296
295,291,294,296
294,295,289,291
289,295,294,293
295,294,293,298
300,295,294,296
298,295,294,300
299,295,298,300
298,299,293,295
293,299,298,297
299,298,297,302
304,299,298,300
302,299,298,304
303,299,302,304
302,303,297,299
297,303,302,301
303,302,301,306
308,303,302,304
306,303,302,308
307,303,306,308
306,307,301,303
301,307,306,305
307,306,305,310
312,307,306,308
310,307,306,312
311,307,310,312
310,311,305,307
305,311,310,309
311,310,309,314
316,311,310,312
314,311,310,316
315,311,314,316
314,315,309,311
309,315,314,313
315,314,313,318
320,315,314,316
318,315,314,320
319,315,318,320
318,319,313,315
313,319,318,317
319,318,317,322
324,319,318,320
322,319,318,324
323,319,322,324
322,323,317,319
317,323,322,321
323,322,321,326
328,323,322,324
326,323,322,328
327,323,326,328
326,327,321,323
321,327,326,325
327,326,325,330
332,327,326,328
330,327,326,332
331,327,330,332
330,331,325,327
325,331,330,329
331,330,329,334
336,331,330,332
334,331,330,336
335,331,334,336
334,335,329,331
329,335,334,333
335,334,333,338
340,335,334,336
338,335,334,340
339,335,338,340
338,339,333,335
333,339,338,337
339,338,337,342
344,339,338,340
342,339,338,344
343,339,342,344
342,343,337,339
337,343,342,341
343,342,341,346
348,343,342,344
346,343,342,348
347,343,346,348
346,347,341,343
341,347,346,345
347,346,345,350
352,347,346,348
350,347,346,352
351,347,350,352
350,351,345,347
345,351,350,349
351,350,349,2
6,351,350,352
2,351,350,6
5,351,2,6
2,5,349,351
349,5,2,1
353,28,27,32
356,353,28,354
32,353,28,356
355,353,32,356
32,355,27,353
27,355,32,31
355,32,31,36
358,355,32,356
36,355,32,358
357,355,36,358
36,357,31,355
31,357,36,35
357,36,35,40
360,357,36,358
40,357,36,360
359,357,40,360
40,359,35,357
35,359,40,39
361,72,71,76
364,361,72,362
76,361,72,364
363,361,76,364
76,363,71,361
71,363,76,75
363,76,75,80
366,363,76,364
80,363,76,366
365,363,80,366
80,365,75,363
75,365,80,79
365,80,79,84
368,365,80,366
84,365,80,368
367,365,84,368
84,367,79,365
79,367,84,83
367,84,83,88
370,367,84,368
88,367,84,370
369,367,88,370
88,369,83,367
83,369,88,87
369,88,87,92
372,369,88,370
92,369,88,372
371,369,92,372
92,371,87,369
87,371,92,91
375,124,123,128
378,375,124,376
128,375,124,378
377,375,128,378
128,377,123,375
123,377,128,127
377,128,127,132
380,377,128,378
132,377,128,380
379,377,132,380
132,379,127,377
127,379,132,131
379,132,131,136
382,379,132,380
136,379,132,382
381,379,136,382
136,381,131,379
131,381,136,135
385,176,175,180
388,385,176,386
180,385,176,388
387,385,180,388
180,387,175,385
175,387,180,179
387,180,179,184
390,387,180,388
184,387,180,390
389,387,184,390
184,389,179,387
179,389,184,183
393,224,223,228
396,393,224,394
228,393,224,396
395,393,228,396
228,395,223,393
223,395,228,227
395,228,227,232
398,395,228,396
232,395,228,398
397,395,232,398
232,397,227,395
227,397,232,231
397,232,231,236
400,397,232,398
236,397,232,400
399,397,236,400
236,399,231,397
231,399,236,235
403,268,267,272
406,403,268,404
272,403,268,406
405,403,272,406
272,405,267,403
267,405,272,271
405,272,271,276
408,405,272,406
276,405,272,408
407,405,276,408
276,407,271,405
271,407,276,275
407,276,275,280
410,407,276,408
280,407,276,410
409,407,280,410
280,409,275,407
275,409,280,279
409,280,279,284
412,409,280,410
284,409,280,412
411,409,284,412
284,411,279,409
279,411,284,283
411,284,283,288
414,411,284,412
288,411,284,414
413,411,288,414
288,413,283,411
283,413,288,287
415,320,319,324
418,415,320,416
324,415,320,418
417,415,324,418
324,417,319,415
319,417,324,323
417,324,323,328
420,417,324,418
328,417,324,420
419,417,328,420
328,419,323,417
323,419,328,327
419,328,327,332
422,419,328,420
332,419,328,422
421,419,332,422
332,421,327,419
327,421,332,331
423,354,353,356
426,423,354,424
356,423,354,426
425,423,356,426
356,425,353,423
353,425,356,355
425,356,355,358
428,425,356,426
358,425,356,428
427,425,358,428
358,427,355,425
355,427,358,357
427,358,357,360
430,427,358,428
360,427,358,430
429,427,360,430
360,429,357,427
357,429,360,359
431,362,361,364
434,431,362,432
364,431,362,434
433,431,364,434
364,433,361,431
361,433,364,363
433,364,363,366
436,433,364,434
366,433,364,436
435,433,366,436
366,435,363,433
363,435,366,365
435,366,365,368
438,435,366,436
368,435,366,438
437,435,368,438
368,437,365,435
365,437,368,367
437,368,367,370
440,437,368,438
370,437,368,440
439,437,370,440
370,439,367,437
367,439,370,369
439,370,369,372
442,439,370,440
372,439,370,442
441,439,372,442
372,441,369,439
369,441,372,371
443,374,373,376
446,443,374,444
376,443,374,446
445,443,376,446
376,445,373,443
373,445,376,375
445,376,375,378
448,445,376,446
378,445,376,448
447,445,378,448
378,447,375,445
375,447,378,377
447,378,377,380
450,447,378,448
380,447,378,450
449,447,380,450
380,449,377,447
377,449,380,379
451,384,383,386
454,451,384,452
386,451,384,454
453,451,386,454
386,453,383,451
383,453,386,385
453,386,385,388
456,453,386,454
388,453,386,456
455,453,388,456
388,455,385,453
385,455,388,387
455,388,387,390
458,455,388,456
390,455,388,458
457,455,390,458
390,457,387,455
387,457,390,389
457,390,389,392
460,457,390,458
392,457,390,460
459,457,392,460
392,459,389,457
389,459,392,391
461,396,395,398
464,461,396,462
398,461,396,464
463,461,398,464
398,463,395,461
395,463,398,397
463,398,397,400
466,463,398,464
400,463,398,466
465,463,400,466
400,465,397,463
397,465,400,399
465,400,399,402
468,465,400,466
402,465,400,468
467,465,402,468
402,467,399,465
399,467,402,401
469,404,403,406
472,469,404,470
406,469,404,472
471,469,406,472
406,471,403,469
403,471,406,405
471,406,405,408
474,471,406,472
408,471,406,474
473,471,408,474
408,473,405,471
405,473,408,407
473,408,407,410
476,473,408,474
410,473,408,476
475,473,410,476
410,475,407,473
407,475,410,409
475,410,409,412
478,475,410,476
412,475,410,478
477,475,412,478
412,477,409,475
409,477,412,411
477,412,411,414
480,477,412,478
414,477,412,480
479,477,414,480
414,479,411,477
411,479,414,413
481,416,415,418
484,481,416,482
418,481,416,484
483,481,418,484
418,483,415,481
415,483,418,417
483,418,417,420
486,483,418,484
420,483,418,486
485,483,420,486
420,485,417,483
417,485,420,419
485,420,419,422
488,485,420,486
422,485,420,488
487,485,422,488
422,487,419,485
419,487,422,421
489,424,423,426
492,489,424,490
426,489,424,492
491,489,426,492
426,491,423,489
423,491,426,425
491,426,425,428
494,491,426,492
428,491,426,494
493,491,428,494
428,493,425,491
425,493,428,427
495,432,431,434
498,495,432,496
434,495,432,498
497,495,434,498
434,497,431,495
431,497,434,433
497,434,433,436
500,497,434,498
436,497,434,500
499,497,436,500
436,499,433,497
433,499,436,435
499,436,435,438
502,499,436,500
438,499,436,502
501,499,438,502
438,501,435,499
435,501,438,437
501,438,437,440
504,501,438,502
440,501,438,504
503,501,440,504
440,503,437,501
437,503,440,439
503,440,439,442
506,503,440,504
442,503,440,506
505,503,442,506
442,505,439,503
439,505,442,441
511,444,443,446
514,511,444,512
446,511,444,514
513,511,446,514
446,513,443,511
443,513,446,445
513,446,445,448
516,513,446,514
448,513,446,516
515,513,448,516
448,515,445,513
445,515,448,447
519,452,451,454
522,519,452,520
454,519,452,522
521,519,454,522
454,521,451,519
451,521,454,453
521,454,453,456
524,521,454,522
456,521,454,524
523,521,456,524
456,523,453,521
453,523,456,455
523,456,455,458
526,523,456,524
458,523,456,526
525,523,458,526
458,525,455,523
455,525,458,457
525,458,457,460
528,525,458,526
460,525,458,528
527,525,460,528
460,527,457,525
457,527,460,459
531,464,463,466
534,531,464,532
466,531,464,534
533,531,466,534
466,533,463,531
463,533,466,465
533,466,465,468
536,533,466,534
468,533,466,536
535,533,468,536
468,535,465,533
465,535,468,467
541,470,469,472
544,541,470,542
472,541,470,544
543,541,472,544
472,543,469,541
469,543,472,471
543,472,471,474
546,543,472,544
474,543,472,546
545,543,474,546
474,545,471,543
471,545,474,473
545,474,473,476
548,545,474,546
476,545,474,548
547,545,476,548
476,547,473,545
473,547,476,475
547,476,475,478
550,547,476,548
478,547,476,550
549,547,478,550
478,549,475,547
475,549,478,477
549,478,477,480
552,549,478,550
480,549,478,552
551,549,480,552
480,551,477,549
477,551,480,479
553,484,483,486
556,553,484,554
486,553,484,556
555,553,486,556
486,555,483,553
483,555,486,485
555,486,485,488
558,555,486,556
488,555,486,558
557,555,488,558
488,557,485,555
485,557,488,487
561,490,489,492
564,561,490,562
492,561,490,564
563,561,492,564
492,563,489,561
489,563,492,491
563,492,491,494
566,563,492,564
494,563,492,566
565,563,494,566
494,565,491,563
491,565,494,493
569,496,495,498
572,569,496,570
498,569,496,572
571,569,498,572
498,571,495,569
495,571,498,497
571,498,497,500
574,571,498,572
500,571,498,574
573,571,500,574
500,573,497,571
497,573,500,499
573,500,499,502
576,573,500,574
502,573,500,576
575,573,502,576
502,575,499,573
499,575,502,501
575,502,501,504
578,575,502,576
504,575,502,578
577,575,504,578
504,577,501,575
501,577,504,503
577,504,503,506
580,577,504,578
506,577,504,580
579,577,506,580
506,579,503,577
503,579,506,505
579,506,505,508
582,579,506,580
508,579,506,582
581,579,508,582
508,581,505,579
505,581,508,507
585,510,509,512
588,585,510,586
512,585,510,588
587,585,512,588
512,587,509,585
509,587,512,511
587,512,511,514
590,587,512,588
514,587,512,590
589,587,514,590
514,589,511,587
511,589,514,513
589,514,513,516
592,589,514,590
516,589,514,592
591,589,516,592
516,591,513,589
513,591,516,515
595,518,517,520
598,595,518,596
520,595,518,598
597,595,520,598
520,597,517,595
517,597,520,519
597,520,519,522
600,597,520,598
522,597,520,600
599,597,522,600
522,599,519,597
519,599,522,521
601,526,525,528
604,601,526,602
528,601,526,604
603,601,528,604
528,603,525,601
525,603,528,527
603,528,527,530
606,603,528,604
530,603,528,606
605,603,530,606
530,605,527,603
527,605,530,529
609,532,531,534
612,609,532,610
534,609,532,612
611,609,534,612
534,611,531,609
531,611,534,533
611,534,533,536
614,611,534,612
536,611,534,614
613,611,536,614
536,613,533,611
533,613,536,535
613,536,535,538
616,613,536,614
538,613,536,616
615,613,538,616
538,615,535,613
535,615,538,537
619,540,539,542
622,619,540,620
542,619,540,622
621,619,542,622
542,621,539,619
539,621,542,541
621,542,541,544
624,621,542,622
544,621,542,624
623,621,544,624
544,623,541,621
541,623,544,543
623,544,543,546
626,623,544,624
546,623,544,626
625,623,546,626
546,625,543,623
543,625,546,545
625,546,545,548
628,625,546,626
548,625,546,628
627,625,548,628
548,627,545,625
545,627,548,547
627,548,547,550
630,627,548,628
550,627,548,630
629,627,550,630
550,629,547,627
547,629,550,549
629,550,549,552
632,629,550,630
552,629,550,632
631,629,552,632
552,631,549,629
549,631,552,551
635,554,553,556
638,635,554,636
556,635,554,638
637,635,556,638
556,637,553,635
553,637,556,555
637,556,555,558
640,637,556,638
558,637,556,640
639,637,558,640
558,639,555,637
555,639,558,557
643,560,559,562
646,643,560,644
562,643,560,646
645,643,562,646
562,645,559,643
559,645,562,561
645,562,561,564
648,645,562,646
564,645,562,648
647,645,564,648
564,647,561,645
561,647,564,563
647,564,563,566
650,647,564,648
566,647,564,650
649,647,566,650
566,649,563,647
563,649,566,565
653,568,567,570
656,653,568,654
570,653,568,656
655,653,570,656
570,655,567,653
567,655,570,569
655,570,569,572
658,655,570,656
572,655,570,658
657,655,572,658
572,657,569,655
569,657,572,571
657,572,571,574
660,657,572,658
574,657,572,660
659,657,574,660
574,659,571,657
571,659,574,573
659,574,573,576
662,659,574,660
576,659,574,662
661,659,576,662
576,661,573,659
573,661,576,575
661,576,575,578
664,661,576,662
578,661,576,664
663,661,578,664
578,663,575,661
575,663,578,577
663,578,577,580
666,663,578,664
580,663,578,666
665,663,580,666
580,665,577,663
577,665,580,579
665,580,579,582
668,665,580,666
582,665,580,668
667,665,582,668
582,667,579,665
579,667,582,581
671,584,583,586
674,671,584,672
586,671,584,674
673,671,586,674
586,673,583,671
583,673,586,585
673,586,585,588
676,673,586,674
588,673,586,676
675,673,588,676
588,675,585,673
585,675,588,587
675,588,587,590
678,675,588,676
590,675,588,678
677,675,590,678
590,677,587,675
587,677,590,589
681,594,593,596
684,681,594,682
596,681,594,684
683,681,596,684
596,683,593,681
593,683,596,595
683,596,595,598
686,683,596,684
598,683,596,686
685,683,598,686
598,685,595,683
595,685,598,597
687,604,603,606
690,687,604,688
606,687,604,690
689,687,606,690
606,689,603,687
603,689,606,605
689,606,605,608
692,689,606,690
608,689,606,692
691,689,608,692
608,691,605,689
605,691,608,607
695,612,611,614
698,695,612,696
614,695,612,698
697,695,614,698
614,697,611,695
611,697,614,613
697,614,613,616
700,697,614,698
616,697,614,700
699,697,616,700
616,699,613,697
613,699,616,615
699,616,615,618
702,699,616,700
618,699,616,702
701,699,618,702
618,701,615,699
615,701,618,617
705,620,619,622
708,705,620,706
622,705,620,708
707,705,622,708
622,707,619,705
619,707,622,621
707,622,621,624
710,707,622,708
624,707,622,710
709,707,624,710
624,709,621,707
621,709,624,623
709,624,623,626
712,709,624,710
626,709,624,712
711,709,626,712
626,711,623,709
623,711,626,625
711,626,625,628
714,711,626,712
628,711,626,714
713,711,628,714
628,713,625,711
625,713,628,627
713,628,627,630
716,713,628,714
630,713,628,716
715,713,630,716
630,715,627,713
627,715,630,629
715,630,629,632
718,715,630,716
632,715,630,718
717,715,632,718
632,717,629,715
629,717,632,631
717,632,631,634
720,717,632,718
634,717,632,720
719,717,634,720
634,719,631,717
631,719,634,633
723,636,635,638
726,723,636,724
638,723,636,726
725,723,638,726
638,725,635,723
635,725,638,637
725,638,637,640
728,725,638,726
640,725,638,728
727,725,640,728
640,727,637,725
637,727,640,639
727,640,639,642
730,727,640,728
642,727,640,730
729,727,642,730
642,729,639,727
639,729,642,641
731,644,643,646
734,731,644,732
646,731,644,734
733,731,646,734
646,733,643,731
643,733,646,645
733,646,645,648
736,733,646,734
648,733,646,736
735,733,648,736
648,735,645,733
645,735,648,647
737,652,651,654
740,737,652,738
654,737,652,740
739,737,654,740
654,739,651,737
651,739,654,653
739,654,653,656
742,739,654,740
656,739,654,742
741,739,656,742
656,741,653,739
653,741,656,655
743,662,661,664
746,743,662,744
664,743,662,746
745,743,664,746
664,745,661,743
661,745,664,663
745,664,663,666
748,745,664,746
666,745,664,748
747,745,666,748
666,747,663,745
663,747,666,665
747,666,665,668
750,747,666,748
668,747,666,750
749,747,668,750
668,749,665,747
665,749,668,667
749,668,667,670
752,749,668,750
670,749,668,752
751,749,670,752
670,751,667,749
667,751,670,669
757,672,671,674
760,757,672,758
674,757,672,760
759,757,674,760
674,759,671,757
671,759,674,673
759,674,673,676
762,759,674,760
676,759,674,762
761,759,676,762
676,761,673,759
673,761,676,675
763,680,679,682
766,763,680,764
682,763,680,766
765,763,682,766
682,765,679,763
679,765,682,681
765,682,681,684
768,765,682,766
684,765,682,768
767,765,684,768
684,767,681,765
681,767,684,683
769,690,689,692
772,769,690,770
692,769,690,772
771,769,692,772
692,771,689,769
689,771,692,691
771,692,691,694
774,771,692,772
694,771,692,774
773,771,694,774
694,773,691,771
691,773,694,693
775,698,697,700
778,775,698,776
700,775,698,778
777,775,700,778
700,777,697,775
697,777,700,699
777,700,699,702
780,777,700,778
702,777,700,780
779,777,702,780
702,779,699,777
699,779,702,701
785,704,703,706
788,785,704,786
706,785,704,788
787,785,706,788
706,787,703,785
703,787,706,705
787,706,705,708
790,787,706,788
708,787,706,790
789,787,708,790
708,789,705,787
705,789,708,707
789,708,707,710
792,789,708,790
710,789,708,792
791,789,710,792
710,791,707,789
707,791,710,709
791,710,709,712
794,791,710,792
712,791,710,794
793,791,712,794
712,793,709,791
709,793,712,711
795,718,717,720
798,795,718,796
720,795,718,798
797,795,720,798
720,797,717,795
717,797,720,719
797,720,719,722
800,797,720,798
722,797,720,800
799,797,722,800
722,799,719,797
719,799,722,721
801,726,725,728
804,801,726,802
728,801,726,804
803,801,728,804
728,803,725,801
725,803,728,727
803,728,727,730
806,803,728,804
730,803,728,806
805,803,730,806
730,805,727,803
727,805,730,729
809,732,731,734
812,809,732,810
734,809,732,812
811,809,734,812
734,811,731,809
731,811,734,733
811,734,733,736
814,811,734,812
736,811,734,814
813,811,736,814
736,813,733,811
733,813,736,735
817,738,737,740
820,817,738,818
740,817,738,820
819,817,740,820
740,819,737,817
737,819,740,739
821,746,745,748
824,821,746,822
748,821,746,824
823,821,748,824
748,823,745,821
745,823,748,747
823,748,747,750
826,823,748,824
750,823,748,826
825,823,750,826
750,825,747,823
747,825,750,749
825,750,749,752
828,825,750,826
752,825,750,828
827,825,752,828
752,827,749,825
749,827,752,751
827,752,751,754
830,827,752,828
754,827,752,830
829,827,754,830
754,829,751,827
751,829,754,753
829,754,753,756
832,829,754,830
756,829,754,832
831,829,756,832
756,831,753,829
753,831,756,755
831,756,755,758
834,831,756,832
758,831,756,834
833,831,758,834
758,833,755,831
755,833,758,757
833,758,757,760
836,833,758,834
760,833,758,836
835,833,760,836
760,835,757,833
757,835,760,759
835,760,759,762
838,835,760,836
762,835,760,838
837,835,762,838
762,837,759,835
759,837,762,761
841,764,763,766
844,841,764,842
766,841,764,844
843,841,766,844
766,843,763,841
763,843,766,765
843,766,765,768
846,843,766,844
768,843,766,846
845,843,768,846
768,845,765,843
765,845,768,767
847,770,769,772
850,847,770,848
772,847,770,850
849,847,772,850
772,849,769,847
769,849,772,771
849,772,771,774
852,849,772,850
774,849,772,852
851,849,774,852
774,851,771,849
771,851,774,773
855,776,775,778
858,855,776,856
778,855,776,858
857,855,778,858
778,857,775,855
775,857,778,777
857,778,777,780
860,857,778,858
780,857,778,860
859,857,780,860
780,859,777,857
777,859,780,779
859,780,779,782
862,859,780,860
782,859,780,862
861,859,782,862
782,861,779,859
779,861,782,781
861,782,781,784
864,861,782,862
784,861,782,864
863,861,784,864
784,863,781,861
781,863,784,783
863,784,783,786
866,863,784,864
786,863,784,866
865,863,786,866
786,865,783,863
783,865,786,785
865,786,785,788
868,865,786,866
788,865,786,868
867,865,788,868
788,867,785,865
785,867,788,787
867,788,787,790
870,867,788,868
790,867,788,870
869,867,790,870
790,869,787,867
787,869,790,789
869,790,789,792
872,869,790,870
792,869,790,872
871,869,792,872
792,871,789,869
789,871,792,791
873,798,797,800
876,873,798,874
800,873,798,876
875,873,800,876
800,875,797,873
797,875,800,799
879,802,801,804
882,879,802,880
804,879,802,882
881,879,804,882
804,881,801,879
801,881,804,803
881,804,803,806
884,881,804,882
806,881,804,884
883,881,806,884
806,883,803,881
803,883,806,805
887,808,807,810
890,887,808,888
810,887,808,890
889,887,810,890
810,889,807,887
807,889,810,809
889,810,809,812
892,889,810,890
812,889,810,892
891,889,812,892
812,891,809,889
809,891,812,811
891,812,811,814
894,891,812,892
814,891,812,894
893,891,814,894
814,893,811,891
811,893,814,813
895,816,815,818
898,895,816,896
818,895,816,898
897,895,818,898
818,897,815,895
815,897,818,817
897,818,817,820
900,897,818,898
820,897,818,900
899,897,820,900
820,899,817,897
817,899,820,819
901,824,823,826
904,901,824,902
826,901,824,904
903,901,826,904
826,903,823,901
823,903,826,825
903,826,825,828
906,903,826,904
828,903,826,906
905,903,828,906
828,905,825,903
825,905,828,827
905,828,827,830
908,905,828,906
830,905,828,908
907,905,830,908
830,907,827,905
827,907,830,829
907,830,829,832
910,907,830,908
832,907,830,910
909,907,832,910
832,909,829,907
829,909,832,831
909,832,831,834
912,909,832,910
834,909,832,912
911,909,834,912
834,911,831,909
831,911,834,833
911,834,833,836
914,911,834,912
836,911,834,914
913,911,836,914
836,913,833,911
833,913,836,835
913,836,835,838
916,913,836,914
838,913,836,916
915,913,838,916
838,915,835,913
835,915,838,837
917,840,839,842
920,917,840,918
842,917,840,920
919,917,842,920
842,919,839,917
839,919,842,841
919,842,841,844
922,919,842,920
844,919,842,922
921,919,844,922
844,921,841,919
841,921,844,843
923,850,849,852
926,923,850,924
852,923,850,926
925,923,852,926
852,925,849,923
849,925,852,851
925,852,851,854
928,925,852,926
854,925,852,928
927,925,854,928
854,927,851,925
851,927,854,853
929,856,855,858
932,929,856,930
858,929,856,932
931,929,858,932
858,931,855,929
855,931,858,857
931,858,857,860
934,931,858,932
860,931,858,934
933,931,860,934
860,933,857,931
857,933,860,859
933,860,859,862
936,933,860,934
862,933,860,936
935,933,862,936
862,935,859,933
859,935,862,861
935,862,861,864
938,935,862,936
864,935,862,938
937,935,864,938
864,937,861,935
861,937,864,863
937,864,863,866
940,937,864,938
866,937,864,940
939,937,866,940
866,939,863,937
863,939,866,865
939,866,865,868
942,939,866,940
868,939,866,942
941,939,868,942
868,941,865,939
865,941,868,867
941,868,867,870
944,941,868,942
870,941,868,944
943,941,870,944
870,943,867,941
867,943,870,869
945,874,873,876
948,945,874,946
876,945,874,948
947,945,876,948
876,947,873,945
873,947,876,875
947,876,875,878
950,947,876,948
878,947,876,950
949,947,878,950
878,949,875,947
875,949,878,877
951,880,879,882
954,951,880,952
882,951,880,954
953,951,882,954
882,953,879,951
879,953,882,881
953,882,881,884
956,953,882,954
884,953,882,956
955,953,884,956
884,955,881,953
881,955,884,883
955,884,883,886
958,955,884,956
886,955,884,958
957,955,886,958
886,957,883,955
883,957,886,885
959,888,887,890
962,959,888,960
890,959,888,962
961,959,890,962
890,961,887,959
887,961,890,889
961,890,889,892
964,961,890,962
892,961,890,964
963,961,892,964
892,963,889,961
889,963,892,891
967,896,895,898
970,967,896,968
898,967,896,970
969,967,898,970
898,969,895,967
895,969,898,897
971,902,901,904
974,971,902,972
904,971,902,974
973,971,904,974
904,973,901,971
901,973,904,903
973,904,903,906
976,973,904,974
906,973,904,976
975,973,906,976
906,975,903,973
903,975,906,905
975,906,905,908
978,975,906,976
908,975,906,978
977,975,908,978
908,977,905,975
905,977,908,907
977,908,907,910
980,977,908,978
910,977,908,980
979,977,910,980
910,979,907,977
907,979,910,909
979,910,909,912
982,979,910,980
912,979,910,982
981,979,912,982
912,981,909,979
909,981,912,911
981,912,911,914
984,981,912,982
914,981,912,984
983,981,914,984
914,983,911,981
911,983,914,913
983,914,913,916
986,983,914,984
916,983,914,986
985,983,916,986
916,985,913,983
913,985,916,915
991,918,917,920
994,991,918,992
920,991,918,994
993,991,920,994
920,993,917,991
917,993,920,919
995,926,925,928
998,995,926,996
928,995,926,998
997,995,928,998
928,997,925,995
925,997,928,927
1003,930,929,932
1006,1003,930,1004
932,1003,930,1006
1005,1003,932,1006
932,1005,929,1003
929,1005,932,931
1005,932,931,934
1008,1005,932,1006
934,1005,932,1008
1007,1005,934,1008
934,1007,931,1005
931,1007,934,933
1007,934,933,936
1010,1007,934,1008
936,1007,934,1010
1009,1007,936,1010
936,1009,933,1007
933,1009,936,935
1009,936,935,938
1012,1009,936,1010
938,1009,936,1012
1011,1009,938,1012
938,1011,935,1009
935,1011,938,937
1011,938,937,940
1014,1011,938,1012
940,1011,938,1014
1013,1011,940,1014
940,1013,937,1011
937,1013,940,939
1013,940,939,942
1016,1013,940,1014
942,1013,940,1016
1015,1013,942,1016
942,1015,939,1013
939,1015,942,941
1015,942,941,944
1018,1015,942,1016
944,1015,942,1018
1017,1015,944,1018
944,1017,941,1015
941,1017,944,943
1019,948,947,950
1022,1019,948,1020
950,1019,948,1022
1021,1019,950,1022
950,1021,947,1019
947,1021,950,949
1025,954,953,956
1028,1025,954,1026
956,1025,954,1028
1027,1025,956,1028
956,1027,953,1025
953,1027,956,955
1027,956,955,958
1030,1027,956,1028
958,1027,956,1030
1029,1027,958,1030
958,1029,955,1027
955,1029,958,957
1033,960,959,962
1036,1033,960,1034
962,1033,960,1036
1035,1033,962,1036
962,1035,959,1033
959,1035,962,961
1035,962,961,964
1038,1035,962,1036
964,1035,962,1038
1037,1035,964,1038
964,1037,961,1035
961,1037,964,963
1039,966,965,968
1042,1039,966,1040
968,1039,966,1042
1041,1039,968,1042
968,1041,965,1039
965,1041,968,967
1041,968,967,970
1044,1041,968,1042
970,1041,968,1044
1043,1041,970,1044
970,1043,967,1041
967,1043,970,969
1045,974,973,976
1048,1045,974,1046
976,1045,974,1048
1047,1045,976,1048
976,1047,973,1045
973,1047,976,975
1047,976,975,978
1050,1047,976,1048
978,1047,976,1050
1049,1047,978,1050
978,1049,975,1047
975,1049,978,977
1049,978,977,980
1052,1049,978,1050
980,1049,978,1052
1051,1049,980,1052
980,1051,977,1049
977,1051,980,979
1051,980,979,982
1054,1051,980,1052
982,1051,980,1054
1053,1051,982,1054
982,1053,979,1051
979,1053,982,981
1053,982,981,984
1056,1053,982,1054
984,1053,982,1056
1055,1053,984,1056
984,1055,981,1053
981,1055,984,983
1055,984,983,986
1058,1055,984,1056
986,1055,984,1058
1057,1055,986,1058
986,1057,983,1055
983,1057,986,985
1057,986,985,988
1060,1057,986,1058
988,1057,986,1060
1059,1057,988,1060
988,1059,985,1057
985,1059,988,987
1067,990,989,992
1070,1067,990,1068
992,1067,990,1070
1069,1067,992,1070
992,1069,989,1067
989,1069,992,991
1069,992,991,994
1072,1069,992,1070
994,1069,992,1072
1071,1069,994,1072
994,1071,991,1069
991,1071,994,993
1073,996,995,998
1076,1073,996,1074
998,1073,996,1076
1075,1073,998,1076
998,1075,995,1073
995,1075,998,997
1075,998,997,1000
1078,1075,998,1076
1000,1075,998,1078
1077,1075,1000,1078
1000,1077,997,1075
997,1077,1000,999
1085,1002,1001,1004
1088,1085,1002,1086
1004,1085,1002,1088
1087,1085,1004,1088
1004,1087,1001,1085
1001,1087,1004,1003
1087,1004,1003,1006
1090,1087,1004,1088
1006,1087,1004,1090
1089,1087,1006,1090
1006,1089,1003,1087
1003,1089,1006,1005
1089,1006,1005,1008
1092,1089,1006,1090
1008,1089,1006,1092
1091,1089,1008,1092
1008,1091,1005,1089
1005,1091,1008,1007
1091,1008,1007,1010
1094,1091,1008,1092
1010,1091,1008,1094
1093,1091,1010,1094
1010,1093,1007,1091
1007,1093,1010,1009
1093,1010,1009,1012
1096,1093,1010,1094
1012,1093,1010,1096
1095,1093,1012,1096
1012,1095,1009,1093
1009,1095,1012,1011
1095,1012,1011,1014
1098,1095,1012,1096
1014,1095,1012,1098
1097,1095,1014,1098
1014,1097,1011,1095
1011,1097,1014,1013
1097,1014,1013,1016
1100,1097,1014,1098
1016,1097,1014,1100
1099,1097,1016,1100
1016,1099,1013,1097
1013,1099,1016,1015
1101,1020,1019,1022
1104,1101,1020,1102
1022,1101,1020,1104
1103,1101,1022,1104
1022,1103,1019,1101
1019,1103,1022,1021
1103,1022,1021,1024
1106,1103,1022,1104
1024,1103,1022,1106
1105,1103,1024,1106
1024,1105,1021,1103
1021,1105,1024,1023
1107,1026,1025,1028
1110,1107,1026,1108
1028,1107,1026,1110
1109,1107,1028,1110
1028,1109,1025,1107
1025,1109,1028,1027
1109,1028,1027,1030
1112,1109,1028,1110
1030,1109,1028,1112
1111,1109,1030,1112
1030,1111,1027,1109
1027,1111,1030,1029
1117,1032,1031,1034
1120,1117,1032,1118
1034,1117,1032,1120
1119,1117,1034,1120
1034,1119,1031,1117
1031,1119,1034,1033
1119,1034,1033,1036
1122,1119,1034,1120
1036,1119,1034,1122
1121,1119,1036,1122
1036,1121,1033,1119
1033,1121,1036,1035
1121,1036,1035,1038
1124,1121,1036,1122
1038,1121,1036,1124
1123,1121,1038,1124
1038,1123,1035,1121
1035,1123,1038,1037
1127,1040,1039,1042
1130,1127,1040,1128
1042,1127,1040,1130
1129,1127,1042,1130
1042,1129,1039,1127
1039,1129,1042,1041
1131,1048,1047,1050
1134,1131,1048,1132
1050,1131,1048,1134
1133,1131,1050,1134
1050,1133,1047,1131
1047,1133,1050,1049
1133,1050,1049,1052
1136,1133,1050,1134
1052,1133,1050,1136
1135,1133,1052,1136
1052,1135,1049,1133
1049,1135,1052,1051
1135,1052,1051,1054
1138,1135,1052,1136
1054,1135,1052,1138
1137,1135,1054,1138
1054,1137,1051,1135
1051,1137,1054,1053
1137,1054,1053,1056
1140,1137,1054,1138
1056,1137,1054,1140
1139,1137,1056,1140
1056,1139,1053,1137
1053,1139,1056,1055
1139,1056,1055,1058
1142,1139,1056,1140
1058,1139,1056,1142
1141,1139,1058,1142
1058,1141,1055,1139
1055,1141,1058,1057
1141,1058,1057,1060
1144,1141,1058,1142
1060,1141,1058,1144
1143,1141,1060,1144
1060,1143,1057,1141
1057,1143,1060,1059
1143,1060,1059,1062
1146,1143,1060,1144
1062,1143,1060,1146
1145,1143,1062,1146
1062,1145,1059,1143
1059,1145,1062,1061
1145,1062,1061,1064
1148,1145,1062,1146
1064,1145,1062,1148
1147,1145,1064,1148
1064,1147,1061,1145
1061,1147,1064,1063
1155,1066,1065,1068
1158,1155,1066,1156
1068,1155,1066,1158
1157,1155,1068,1158
1068,1157,1065,1155
1065,1157,1068,1067
1157,1068,1067,1070
1160,1157,1068,1158
1070,1157,1068,1160
1159,1157,1070,1160
1070,1159,1067,1157
1067,1159,1070,1069
1161,1076,1075,1078
1164,1161,1076,1162
1078,1161,1076,1164
1163,1161,1078,1164
1078,1163,1075,1161
1075,1163,1078,1077
1163,1078,1077,1080
1166,1163,1078,1164
1080,1163,1078,1166
1165,1163,1080,1166
1080,1165,1077,1163
1077,1165,1080,1079
1173,1082,1081,1084
1176,1173,1082,1174
1084,1173,1082,1176
1175,1173,1084,1176
1084,1175,1081,1173
1081,1175,1084,1083
1175,1084,1083,1086
1178,1175,1084,1176
1086,1175,1084,1178
1177,1175,1086,1178
1086,1177,1083,1175
1083,1177,1086,1085
1177,1086,1085,1088
1180,1177,1086,1178
1088,1177,1086,1180
1179,1177,1088,1180
1088,1179,1085,1177
1085,1179,1088,1087
1179,1088,1087,1090
1182,1179,1088,1180
1090,1179,1088,1182
1181,1179,1090,1182
1090,1181,1087,1179
1087,1181,1090,1089
1181,1090,1089,1092
1184,1181,1090,1182
1092,1181,1090,1184
1183,1181,1092,1184
1092,1183,1089,1181
1089,1183,1092,1091
1183,1092,1091,1094
1186,1183,1092,1184
1094,1183,1092,1186
1185,1183,1094,1186
1094,1185,1091,1183
1091,1185,1094,1093
1185,1094,1093,1096
1188,1185,1094,1186
1096,1185,1094,1188
1187,1185,1096,1188
1096,1187,1093,1185
1093,1187,1096,1095
1187,1096,1095,1098
1190,1187,1096,1188
1098,1187,1096,1190
1189,1187,1098,1190
1098,1189,1095,1187
1095,1189,1098,1097
1191,1104,1103,1106
1194,1191,1104,1192
1106,1191,1104,1194
1193,1191,1106,1194
1106,1193,1103,1191
1103,1193,1106,1105
1197,1108,1107,1110
1200,1197,1108,1198
1110,1197,1108,1200
1199,1197,1110,1200
1110,1199,1107,1197
1107,1199,1110,1109
1199,1110,1109,1112
1202,1199,1110,1200
1112,1199,1110,1202
1201,1199,1112,1202
1112,1201,1109,1199
1109,1201,1112,1111
1201,1112,1111,1114
1204,1201,1112,1202
1114,1201,1112,1204
1203,1201,1114,1204
1114,1203,1111,1201
1111,1203,1114,1113
1211,1116,1115,1118
1214,1211,1116,1212
1118,1211,1116,1214
1213,1211,1118,1214
1118,1213,1115,1211
1115,1213,1118,1117
1213,1118,1117,1120
1216,1213,1118,1214
1120,1213,1118,1216
1215,1213,1120,1216
1120,1215,1117,1213
1117,1215,1120,1119
1215,1120,1119,1122
1218,1215,1120,1216
1122,1215,1120,1218
1217,1215,1122,1218
1122,1217,1119,1215
1119,1217,1122,1121
1217,1122,1121,1124
1220,1217,1122,1218
1124,1217,1122,1220
1219,1217,1124,1220
1124,1219,1121,1217
1121,1219,1124,1123
1225,1126,1125,1128
1228,1225,1126,1226
1128,1225,1126,1228
1227,1225,1128,1228
1128,1227,1125,1225
1125,1227,1128,1127
1227,1128,1127,1130
1230,1227,1128,1228
1130,1227,1128,1230
1229,1227,1130,1230
1130,1229,1127,1227
1127,1229,1130,1129
1233,1132,1131,1134
1236,1233,1132,1234
1134,1233,1132,1236
1235,1233,1134,1236
1134,1235,1131,1233
1131,1235,1134,1133
1235,1134,1133,1136
1238,1235,1134,1236
1136,1235,1134,1238
1237,1235,1136,1238
1136,1237,1133,1235
1133,1237,1136,1135
1239,1142,1141,1144
1242,1239,1142,1240
1144,1239,1142,1242
1241,1239,1144,1242
1144,1241,1141,1239
1141,1241,1144,1143
1241,1144,1143,1146
1244,1241,1144,1242
1146,1241,1144,1244
1243,1241,1146,1244
1146,1243,1143,1241
1143,1243,1146,1145
1243,1146,1145,1148
1246,1243,1146,1244
1148,1243,1146,1246
1245,1243,1148,1246
1148,1245,1145,1243
1145,1245,1148,1147
1245,1148,1147,1150
1248,1245,1148,1246
1150,1245,1148,1248
1247,1245,1150,1248
1150,1247,1147,1245
1147,1247,1150,1149
1247,1150,1149,1152
1250,1247,1150,1248
1152,1247,1150,1250
1249,1247,1152,1250
1152,1249,1149,1247
1149,1249,1152,1151
1251,1154,1153,1156
1254,1251,1154,1252
1156,1251,1154,1254
1253,1251,1156,1254
1156,1253,1153,1251
1153,1253,1156,1155
1253,1156,1155,1158
1256,1253,1156,1254
1158,1253,1156,1256
1255,1253,1158,1256
1158,1255,1155,1253
1155,1255,1158,1157
1255,1158,1157,1160
1258,1255,1158,1256
1160,1255,1158,1258
1257,1255,1160,1258
1160,1257,1157,1255
1157,1257,1160,1159
1259,1162,1161,1164
1262,1259,1162,1260
1164,1259,1162,1262
1261,1259,1164,1262
1164,1261,1161,1259
1161,1261,1164,1163
1261,1164,1163,1166
1264,1261,1164,1262
1166,1261,1164,1264
1263,1261,1166,1264
1166,1263,1163,1261
1163,1263,1166,1165
1263,1166,1165,1168
1266,1263,1166,1264
1168,1263,1166,1266
1265,1263,1168,1266
1168,1265,1165,1263
1165,1265,1168,1167
1267,1170,1169,1172
1270,1267,1170,1268
1172,1267,1170,1270
1269,1267,1172,1270
1172,1269,1169,1267
1169,1269,1172,1171
1269,1172,1171,1174
1272,1269,1172,1270
1174,1269,1172,1272
1271,1269,1174,1272
1174,1271,1171,1269
1171,1271,1174,1173
1271,1174,1173,1176
1274,1271,1174,1272
1176,1271,1174,1274
1273,1271,1176,1274
1176,1273,1173,1271
1173,1273,1176,1175
1273,1176,1175,1178
1276,1273,1176,1274
1178,1273,1176,1276
1275,1273,1178,1276
1178,1275,1175,1273
1175,1275,1178,1177
1275,1178,1177,1180
1278,1275,1178,1276
1180,1275,1178,1278
1277,1275,1180,1278
1180,1277,1177,1275
1177,1277,1180,1179
1279,1186,1185,1188
1282,1279,1186,1280
1188,1279,1186,1282
1281,1279,1188,1282
1188,1281,1185,1279
1185,1281,1188,1187
1281,1188,1187,1190
1284,1281,1188,1282
1190,1281,1188,1284
1283,1281,1190,1284
1190,1283,1187,1281
1187,1283,1190,1189
1287,1192,1191,1194
1290,1287,1192,1288
1194,1287,1192,1290
1289,1287,1194,1290
1194,1289,1191,1287
1191,1289,1194,1193
1289,1194,1193,1196
1292,1289,1194,1290
1196,1289,1194,1292
1291,1289,1196,1292
1196,1291,1193,1289
1193,1291,1196,1195
1297,1198,1197,1200
1300,1297,1198,1298
1200,1297,1198,1300
1299,1297,1200,1300
1200,1299,1197,1297
1197,1299,1200,1199
1299,1200,1199,1202
1302,1299,1200,1300
1202,1299,1200,1302
1301,1299,1202,1302
1202,1301,1199,1299
1199,1301,1202,1201
1301,1202,1201,1204
1304,1301,1202,1302
1204,1301,1202,1304
1303,1301,1204,1304
1204,1303,1201,1301
1201,1303,1204,1203
1303,1204,1203,1206
1306,1303,1204,1304
1206,1303,1204,1306
1305,1303,1206,1306
1206,1305,1203,1303
1203,1305,1206,1205
1309,1208,1207,1210
1312,1309,1208,1310
1210,1309,1208,1312
1311,1309,1210,1312
1210,1311,1207,1309
1207,1311,1210,1209
1311,1210,1209,1212
1314,1311,1210,1312
1212,1311,1210,1314
1313,1311,1212,1314
1212,1313,1209,1311
1209,1313,1212,1211
1313,1212,1211,1214
1316,1313,1212,1314
1214,1313,1212,1316
1315,1313,1214,1316
1214,1315,1211,1313
1211,1315,1214,1213
1315,1214,1213,1216
1318,1315,1214,1316
1216,1315,1214,1318
1317,1315,1216,1318
1216,1317,1213,1315
1213,1317,1216,1215
1317,1216,1215,1218
1320,1317,1216,1318
1218,1317,1216,1320
1319,1317,1218,1320
1218,1319,1215,1317
1215,1319,1218,1217
1319,1218,1217,1220
1322,1319,1218,1320
1220,1319,1218,1322
1321,1319,1220,1322
1220,1321,1217,1319
1217,1321,1220,1219
1329,1222,1221,1224
1332,1329,1222,1330
1224,1329,1222,1332
1331,1329,1224,1332
1224,1331,1221,1329
1221,1331,1224,1223
1331,1224,1223,1226
1334,1331,1224,1332
1226,1331,1224,1334
1333,1331,1226,1334
1226,1333,1223,1331
1223,1333,1226,1225
1333,1226,1225,1228
1336,1333,1226,1334
1228,1333,1226,1336
1335,1333,1228,1336
1228,1335,1225,1333
1225,1335,1228,1227
1355,1232,1231,1234
1358,1355,1232,1356
1234,1355,1232,1358
1357,1355,1234,1358
1234,1357,1231,1355
1231,1357,1234,1233
1357,1234,1233,1236
1360,1357,1234,1358
1236,1357,1234,1360
1359,1357,1236,1360
1236,1359,1233,1357
1233,1359,1236,1235
1371,1244,1243,1246
1374,1371,1244,1372
1246,1371,1244,1374
1373,1371,1246,1374
1246,1373,1243,1371
1243,1373,1246,1245
1373,1246,1245,1248
1376,1373,1246,1374
1248,1373,1246,1376
1375,1373,1248,1376
1248,1375,1245,1373
1245,1375,1248,1247
1375,1248,1247,1250
1378,1375,1248,1376
1250,1375,1248,1378
1377,1375,1250,1378
1250,1377,1247,1375
1247,1377,1250,1249
1377,1250,1249,1252
1380,1377,1250,1378
1252,1377,1250,1380
1379,1377,1252,1380
1252,1379,1249,1377
1249,1379,1252,1251
1379,1252,1251,1254
1382,1379,1252,1380
1254,1379,1252,1382
1381,1379,1254,1382
1254,1381,1251,1379
1251,1381,1254,1253
1381,1254,1253,1256
1384,1381,1254,1382
1256,1381,1254,1384
1383,1381,1256,1384
1256,1383,1253,1381
1253,1383,1256,1255
1383,1256,1255,1258
1386,1383,1256,1384
1258,1383,1256,1386
1385,1383,1258,1386
1258,1385,1255,1383
1255,1385,1258,1257
1409,1260,1259,1262
1412,1409,1260,1410
1262,1409,1260,1412
1411,1409,1262,1412
1262,1411,1259,1409
1259,1411,1262,1261
1411,1262,1261,1264
1414,1411,1262,1412
1264,1411,1262,1414
1413,1411,1264,1414
1264,1413,1261,1411
1261,1413,1264,1263
1413,1264,1263,1266
1416,1413,1264,1414
1266,1413,1264,1416
1415,1413,1266,1416
1266,1415,1263,1413
1263,1415,1266,1265
1415,1266,1265,1268
1418,1415,1266,1416
1268,1415,1266,1418
1417,1415,1268,1418
1268,1417,1265,1415
1265,1417,1268,1267
1417,1268,1267,1270
1420,1417,1268,1418
1270,1417,1268,1420
1419,1417,1270,1420
1270,1419,1267,1417
1267,1419,1270,1269
1419,1270,1269,1272
1422,1419,1270,1420
1272,1419,1270,1422
1421,1419,1272,1422
1272,1421,1269,1419
1269,1421,1272,1271
1421,1272,1271,1274
1424,1421,1272,1422
1274,1421,1272,1424
1423,1421,1274,1424
1274,1423,1271,1421
1271,1423,1274,1273
1435,1282,1281,1284
1438,1435,1282,1436
1284,1435,1282,1438
1437,1435,1284,1438
1284,1437,1281,1435
1281,1437,1284,1283
1437,1284,1283,1286
1440,1437,1284,1438
1286,1437,1284,1440
1439,1437,1286,1440
1286,1439,1283,1437
1283,1439,1286,1285
1459,1290,1289,1292
1462,1459,1290,1460
1292,1459,1290,1462
1461,1459,1292,1462
1292,1461,1289,1459
1289,1461,1292,1291
1461,1292,1291,1294
1464,1461,1292,1462
1294,1461,1292,1464
1463,1461,1294,1464
1294,1463,1291,1461
1291,1463,1294,1293
1463,1294,1293,1296
1466,1463,1294,1464
1296,1463,1294,1466
1465,1463,1296,1466
1296,1465,1293,1463
1293,1465,1296,1295
1473,1298,1297,1300
1476,1473,1298,1474
1300,1473,1298,1476
1475,1473,1300,1476
1300,1475,1297,1473
1297,1475,1300,1299
1475,1300,1299,1302
1478,1475,1300,1476
1302,1475,1300,1478
1477,1475,1302,1478
1302,1477,1299,1475
1299,1477,1302,1301
1477,1302,1301,1304
1480,1477,1302,1478
1304,1477,1302,1480
1479,1477,1304,1480
1304,1479,1301,1477
1301,1479,1304,1303
1479,1304,1303,1306
1482,1479,1304,1480
1306,1479,1304,1482
1481,1479,1306,1482
1306,1481,1303,1479
1303,1481,1306,1305
1481,1306,1305,1308
1484,1481,1306,1482
1308,1481,1306,1484
1483,1481,1308,1484
1308,1483,1305,1481
1305,1483,1308,1307
1483,1308,1307,1208
1310,1483,1308,1484
1208,1483,1308,1310
1309,1483,1208,1310
1208,1309,1307,1483
1307,1309,1208,1207
1485,1310,1309,1312
1488,1485,1310,1486
1312,1485,1310,1488
1487,1485,1312,1488
1312,1487,1309,1485
1309,1487,1312,1311
1487,1312,1311,1314
1490,1487,1312,1488
1314,1487,1312,1490
1489,1487,1314,1490
1314,1489,1311,1487
1311,1489,1314,1313
1489,1314,1313,1316
1492,1489,1314,1490
1316,1489,1314,1492
1491,1489,1316,1492
1316,1491,1313,1489
1313,1491,1316,1315
1491,1316,1315,1318
1494,1491,1316,1492
1318,1491,1316,1494
1493,1491,1318,1494
1318,1493,1315,1491
1315,1493,1318,1317
1493,1318,1317,1320
1496,1493,1318,1494
1320,1493,1318,1496
1495,1493,1320,1496
1320,1495,1317,1493
1317,1495,1320,1319
1495,1320,1319,1322
1498,1495,1320,1496
1322,1495,1320,1498
1497,1495,1322,1498
1322,1497,1319,1495
1319,1497,1322,1321
1497,1322,1321,1324
1500,1497,1322,1498
1324,1497,1322,1500
1499,1497,1324,1500
1324,1499,1321,1497
1321,1499,1324,1323
1499,1324,1323,1326
1502,1499,1324,1500
1326,1499,1324,1502
1501,1499,1326,1502
1326,1501,1323,1499
1323,1501,1326,1325
1501,1326,1325,1328
1504,1501,1326,1502
1328,1501,1326,1504
1503,1501,1328,1504
1328,1503,1325,1501
1325,1503,1328,1327
1503,1328,1327,1330
1506,1503,1328,1504
1330,1503,1328,1506
1505,1503,1330,1506
1330,1505,1327,1503
1327,1505,1330,1329
1505,1330,1329,1332
1508,1505,1330,1506
1332,1505,1330,1508
1507,1505,1332,1508
1332,1507,1329,1505
1329,1507,1332,1331
1507,1332,1331,1334
1510,1507,1332,1508
1334,1507,1332,1510
1509,1507,1334,1510
1334,1509,1331,1507
1331,1509,1334,1333
1509,1334,1333,1336
1512,1509,1334,1510
1336,1509,1334,1512
1511,1509,1336,1512
1336,1511,1333,1509
1333,1511,1336,1335
1511,1336,1335,1338
1514,1511,1336,1512
1338,1511,1336,1514
1513,1511,1338,1514
1338,1513,1335,1511
1335,1513,1338,1337
1513,1338,1337,1340
1516,1513,1338,1514
1340,1513,1338,1516
1515,1513,1340,1516
1340,1515,1337,1513
1337,1515,1340,1339
1515,1340,1339,1342
1518,1515,1340,1516
1342,1515,1340,1518
1517,1515,1342,1518
1342,1517,1339,1515
1339,1517,1342,1341
1517,1342,1341,1344
1520,1517,1342,1518
1344,1517,1342,1520
1519,1517,1344,1520
1344,1519,1341,1517
1341,1519,1344,1343
1519,1344,1343,1346
1522,1519,1344,1520
1346,1519,1344,1522
1521,1519,1346,1522
1346,1521,1343,1519
1343,1521,1346,1345
1521,1346,1345,1348
1524,1521,1346,1522
1348,1521,1346,1524
1523,1521,1348,1524
1348,1523,1345,1521
1345,1523,1348,1347
1523,1348,1347,1350
1526,1523,1348,1524
1350,1523,1348,1526
1525,1523,1350,1526
1350,1525,1347,1523
1347,1525,1350,1349
1525,1350,1349,1352
1528,1525,1350,1526
1352,1525,1350,1528
1527,1525,1352,1528
1352,1527,1349,1525
1349,1527,1352,1351
1527,1352,1351,1354
1530,1527,1352,1528
1354,1527,1352,1530
1529,1527,1354,1530
1354,1529,1351,1527
1351,1529,1354,1353
1529,1354,1353,1356
1532,1529,1354,1530
1356,1529,1354,1532
1531,1529,1356,1532
1356,1531,1353,1529
1353,1531,1356,1355
1531,1356,1355,1358
1534,1531,1356,1532
1358,1531,1356,1534
1533,1531,1358,1534
1358,1533,1355,1531
1355,1533,1358,1357
1533,1358,1357,1360
1536,1533,1358,1534
1360,1533,1358,1536
1535,1533,1360,1536
1360,1535,1357,1533
1357,1535,1360,1359
1535,1360,1359,1362
1538,1535,1360,1536
1362,1535,1360,1538
1537,1535,1362,1538
1362,1537,1359,1535
1359,1537,1362,1361
1537,1362,1361,1364
1540,1537,1362,1538
1364,1537,1362,1540
1539,1537,1364,1540
1364,1539,1361,1537
1361,1539,1364,1363
1539,1364,1363,1366
1542,1539,1364,1540
1366,1539,1364,1542
1541,1539,1366,1542
1366,1541,1363,1539
1363,1541,1366,1365
1541,1366,1365,1368
1544,1541,1366,1542
1368,1541,1366,1544
1543,1541,1368,1544
1368,1543,1365,1541
1365,1543,1368,1367
1543,1368,1367,1370
1546,1543,1368,1544
1370,1543,1368,1546
1545,1543,1370,1546
1370,1545,1367,1543
1367,1545,1370,1369
1545,1370,1369,1372
1548,1545,1370,1546
1372,1545,1370,1548
1547,1545,1372,1548
1372,1547,1369,1545
1369,1547,1372,1371
1547,1372,1371,1374
1550,1547,1372,1548
1374,1547,1372,1550
1549,1547,1374,1550
1374,1549,1371,1547
1371,1549,1374,1373
1549,1374,1373,1376
1552,1549,1374,1550
1376,1549,1374,1552
1551,1549,1376,1552
1376,1551,1373,1549
1373,1551,1376,1375
1551,1376,1375,1378
1554,1551,1376,1552
1378,1551,1376,1554
1553,1551,1378,1554
1378,1553,1375,1551
1375,1553,1378,1377
1553,1378,1377,1380
1556,1553,1378,1554
1380,1553,1378,1556
1555,1553,1380,1556
1380,1555,1377,1553
1377,1555,1380,1379
1555,1380,1379,1382
1558,1555,1380,1556
1382,1555,1380,1558
1557,1555,1382,1558
1382,1557,1379,1555
1379,1557,1382,1381
1557,1382,1381,1384
1560,1557,1382,1558
1384,1557,1382,1560
1559,1557,1384,1560
1384,1559,1381,1557
1381,1559,1384,1383
1559,1384,1383,1386
1562,1559,1384,1560
1386,1559,1384,1562
1561,1559,1386,1562
1386,1561,1383,1559
1383,1561,1386,1385
1561,1386,1385,1388
1564,1561,1386,1562
1388,1561,1386,1564
1563,1561,1388,1564
1388,1563,1385,1561
1385,1563,1388,1387
1563,1388,1387,1390
1566,1563,1388,1564
1390,1563,1388,1566
1565,1563,1390,1566
1390,1565,1387,1563
1387,1565,1390,1389
1565,1390,1389,1392
1568,1565,1390,1566
1392,1565,1390,1568
1567,1565,1392,1568
1392,1567,1389,1565
1389,1567,1392,1391
1567,1392,1391,1394
1570,1567,1392,1568
1394,1567,1392,1570
1569,1567,1394,1570
1394,1569,1391,1567
1391,1569,1394,1393
1569,1394,1393,1396
1572,1569,1394,1570
1396,1569,1394,1572
1571,1569,1396,1572
1396,1571,1393,1569
1393,1571,1396,1395
1571,1396,1395,1398
1574,1571,1396,1572
1398,1571,1396,1574
1573,1571,1398,1574
1398,1573,1395,1571
1395,1573,1398,1397
1573,1398,1397,1400
1576,1573,1398,1574
1400,1573,1398,1576
1575,1573,1400,1576
1400,1575,1397,1573
1397,1575,1400,1399
1575,1400,1399,1402
1578,1575,1400,1576
1402,1575,1400,1578
1577,1575,1402,1578
1402,1577,1399,1575
1399,1577,1402,1401
1577,1402,1401,1404
1580,1577,1402,1578
1404,1577,1402,1580
1579,1577,1404,1580
1404,1579,1401,1577
1401,1579,1404,1403
1579,1404,1403,1406
1582,1579,1404,1580
1406,1579,1404,1582
1581,1579,1406,1582
1406,1581,1403,1579
1403,1581,1406,1405
1581,1406,1405,1408
1584,1581,1406,1582
1408,1581,1406,1584
1583,1581,1408,1584
1408,1583,1405,1581
1405,1583,1408,1407
1583,1408,1407,1410
1586,1583,1408,1584
1410,1583,1408,1586
1585,1583,1410,1586
1410,1585,1407,1583
1407,1585,1410,1409
1585,1410,1409,1412
1588,1585,1410,1586
1412,1585,1410,1588
1587,1585,1412,1588
1412,1587,1409,1585
1409,1587,1412,1411
1587,1412,1411,1414
1590,1587,1412,1588
1414,1587,1412,1590
1589,1587,1414,1590
1414,1589,1411,1587
1411,1589,1414,1413
1589,1414,1413,1416
1592,1589,1414,1590
1416,1589,1414,1592
1591,1589,1416,1592
1416,1591,1413,1589
1413,1591,1416,1415
1591,1416,1415,1418
1594,1591,1416,1592
1418,1591,1416,1594
1593,1591,1418,1594
1418,1593,1415,1591
1415,1593,1418,1417
1593,1418,1417,1420
1596,1593,1418,1594
1420,1593,1418,1596
1595,1593,1420,1596
1420,1595,1417,1593
1417,1595,1420,1419
1595,1420,1419,1422
1598,1595,1420,1596
1422,1595,1420,1598
1597,1595,1422,1598
1422,1597,1419,1595
1419,1597,1422,1421
1597,1422,1421,1424
1600,1597,1422,1598
1424,1597,1422,1600
1599,1597,1424,1600
1424,1599,1421,1597
1421,1599,1424,1423
1599,1424,1423,1426
1602,1599,1424,1600
1426,1599,1424,1602
1601,1599,1426,1602
1426,1601,1423,1599
1423,1601,1426,1425
1601,1426,1425,1428
1604,1601,1426,1602
1428,1601,1426,1604
1603,1601,1428,1604
1428,1603,1425,1601
1425,1603,1428,1427
1603,1428,1427,1430
1606,1603,1428,1604
1430,1603,1428,1606
1605,1603,1430,1606
1430,1605,1427,1603
1427,1605,1430,1429
1605,1430,1429,1432
1608,1605,1430,1606
1432,1605,1430,1608
1607,1605,1432,1608
1432,1607,1429,1605
1429,1607,1432,1431
1607,1432,1431,1434
1610,1607,1432,1608
1434,1607,1432,1610
1609,1607,1434,1610
1434,1609,1431,1607
1431,1609,1434,1433
1609,1434,1433,1436
1612,1609,1434,1610
1436,1609,1434,1612
1611,1609,1436,1612
1436,1611,1433,1609
1433,1611,1436,1435
1611,1436,1435,1438
1614,1611,1436,1612
1438,1611,1436,1614
1613,1611,1438,1614
1438,1613,1435,1611
1435,1613,1438,1437
1613,1438,1437,1440
1616,1613,1438,1614
1440,1613,1438,1616
1615,1613,1440,1616
1440,1615,1437,1613
1437,1615,1440,1439
1615,1440,1439,1442
1618,1615,1440,1616
1442,1615,1440,1618
1617,1615,1442,1618
1442,1617,1439,1615
1439,1617,1442,1441
1617,1442,1441,1444
1620,1617,1442,1618
1444,1617,1442,1620
1619,1617,1444,1620
1444,1619,1441,1617
1441,1619,1444,1443
1619,1444,1443,1446
1622,1619,1444,1620
1446,1619,1444,1622
1621,1619,1446,1622
1446,1621,1443,1619
1443,1621,1446,1445
1621,1446,1445,1448
1624,1621,1446,1622
1448,1621,1446,1624
1623,1621,1448,1624
1448,1623,1445,1621
1445,1623,1448,1447
1623,1448,1447,1450
1626,1623,1448,1624
1450,1623,1448,1626
1625,1623,1450,1626
1450,1625,1447,1623
1447,1625,1450,1449
1625,1450,1449,1452
1628,1625,1450,1626
1452,1625,1450,1628
1627,1625,1452,1628
1452,1627,1449,1625
1449,1627,1452,1451
1627,1452,1451,1454
1630,1627,1452,1628
1454,1627,1452,1630
1629,1627,1454,1630
1454,1629,1451,1627
1451,1629,1454,1453
1629,1454,1453,1456
1632,1629,1454,1630
1456,1629,1454,1632
1631,1629,1456,1632
1456,1631,1453,1629
1453,1631,1456,1455
1631,1456,1455,1458
1634,1631,1456,1632
1458,1631,1456,1634
1633,1631,1458,1634
1458,1633,1455,1631
1455,1633,1458,1457
1633,1458,1457,1460
1636,1633,1458,1634
1460,1633,1458,1636
1635,1633,1460,1636
1460,1635,1457,1633
1457,1635,1460,1459
1635,1460,1459,1462
1638,1635,1460,1636
1462,1635,1460,1638
1637,1635,1462,1638
1462,1637,1459,1635
1459,1637,1462,1461
1637,1462,1461,1464
1640,1637,1462,1638
1464,1637,1462,1640
1639,1637,1464,1640
1464,1639,1461,1637
1461,1639,1464,1463
1639,1464,1463,1466
1642,1639,1464,1640
1466,1639,1464,1642
1641,1639,1466,1642
1466,1641,1463,1639
1463,1641,1466,1465
1641,1466,1465,1468
1644,1641,1466,1642
1468,1641,1466,1644
1643,1641,1468,1644
1468,1643,1465,1641
1465,1643,1468,1467
1643,1468,1467,1470
1646,1643,1468,1644
1470,1643,1468,1646
1645,1643,1470,1646
1470,1645,1467,1643
1467,1645,1470,1469
1645,1470,1469,1472
1648,1645,1470,1646
1472,1645,1470,1648
1647,1645,1472,1648
1472,1647,1469,1645
1469,1647,1472,1471
1647,1472,1471,1474
1650,1647,1472,1648
1474,1647,1472,1650
1649,1647,1474,1650
1474,1649,1471,1647
1471,1649,1474,1473
1649,1474,1473,1476
1652,1649,1474,1650
1476,1649,1474,1652
1651,1649,1476,1652
1476,1651,1473,1649
1473,1651,1476,1475
1651,1476,1475,1478
1654,1651,1476,1652
1478,1651,1476,1654
1653,1651,1478,1654
1478,1653,1475,1651
1475,1653,1478,1477
1653,1478,1477,1480
1656,1653,1478,1654
1480,1653,1478,1656
1655,1653,1480,1656
1480,1655,1477,1653
1477,1655,1480,1479
1655,1480,1479,1482
1658,1655,1480,1656
1482,1655,1480,1658
1657,1655,1482,1658
1482,1657,1479,1655
1479,1657,1482,1481
1657,1482,1481,1484
1660,1657,1482,1658
1484,1657,1482,1660
1659,1657,1484,1660
1484,1659,1481,1657
1481,1659,1484,1483
1659,1484,1483,1310
1486,1659,1484,1660
1310,1659,1484,1486
1485,1659,1310,1486
1310,1485,1483,1659
1483,1485,1310,1309
